kalem	yon	tarih	yer	yer_dosya	eski	yeni	taban	sonra	kapatan_madde	kova	gerekce	oynatan_hunk
P84-DEGISMEZ2-ADAY (UMIT+KOORD)	+	1410-01-01	Akyazı	yerlesimler.js	suleyman-celebi	mehmed-celebi	YOK	OCAK1/yalniz_taraf	1410-01-01 Mehmed Çelebi Bursa ve Ankara'yı yeniden aldı — Anadolu payı Süleyman Çelebi'den çıktı [olaylar_ek3.js:15]	② TAVAN HAKKI	madde DOĞRU olay (Anadolu payı Süleyman'dan çıktı); kaynak kasaba adı vermiyor (D208 bölge cümlesi)	KOORD yerlesimler*.js (s: kırılması 1411-02-17→1410-01-01) + UMIT olaylar_ek3.js:15 (yeni 1410 maddesi) — İKİSİ BİRLİKTE; tek başına ikisi de 0
P84-DEGISMEZ2-ADAY (UMIT+KOORD)	+	1410-01-01	Anadolu Hisarı	yerlesimler.js	suleyman-celebi	mehmed-celebi	YOK	OCAK1/yalniz_taraf	1410-01-01 Mehmed Çelebi Bursa ve Ankara'yı yeniden aldı — Anadolu payı Süleyman Çelebi'den çıktı [olaylar_ek3.js:15]	② TAVAN HAKKI	madde DOĞRU olay (Anadolu payı Süleyman'dan çıktı); kaynak kasaba adı vermiyor (D208 bölge cümlesi)	KOORD yerlesimler*.js (s: kırılması 1411-02-17→1410-01-01) + UMIT olaylar_ek3.js:15 (yeni 1410 maddesi) — İKİSİ BİRLİKTE; tek başına ikisi de 0
P84-DEGISMEZ2-ADAY (UMIT+KOORD)	+	1410-01-01	Bergama	yerlesimler.js	suleyman-celebi	mehmed-celebi	YOK	OCAK1/yalniz_taraf	1410-01-01 Mehmed Çelebi Bursa ve Ankara'yı yeniden aldı — Anadolu payı Süleyman Çelebi'den çıktı [olaylar_ek3.js:15]	② TAVAN HAKKI	madde DOĞRU olay (Anadolu payı Süleyman'dan çıktı); kaynak kasaba adı vermiyor (D208 bölge cümlesi)	KOORD yerlesimler*.js (s: kırılması 1411-02-17→1410-01-01) + UMIT olaylar_ek3.js:15 (yeni 1410 maddesi) — İKİSİ BİRLİKTE; tek başına ikisi de 0
P84-DEGISMEZ2-ADAY (UMIT+KOORD)	+	1410-01-01	Beykoz	yerlesimler_ek23.js	suleyman-celebi	mehmed-celebi	YOK	OCAK1/yalniz_taraf	1410-01-01 Mehmed Çelebi Bursa ve Ankara'yı yeniden aldı — Anadolu payı Süleyman Çelebi'den çıktı [olaylar_ek3.js:15]	② TAVAN HAKKI	madde DOĞRU olay (Anadolu payı Süleyman'dan çıktı); kaynak kasaba adı vermiyor (D208 bölge cümlesi)	KOORD yerlesimler*.js (s: kırılması 1411-02-17→1410-01-01) + UMIT olaylar_ek3.js:15 (yeni 1410 maddesi) — İKİSİ BİRLİKTE; tek başına ikisi de 0
P84-DEGISMEZ2-ADAY (UMIT+KOORD)	+	1410-01-01	Eskişehir	yerlesimler.js	suleyman-celebi	mehmed-celebi	YOK	OCAK1/yalniz_taraf	1410-01-01 Mehmed Çelebi Bursa ve Ankara'yı yeniden aldı — Anadolu payı Süleyman Çelebi'den çıktı [olaylar_ek3.js:15]	② TAVAN HAKKI	madde DOĞRU olay (Anadolu payı Süleyman'dan çıktı); kaynak kasaba adı vermiyor (D208 bölge cümlesi)	KOORD yerlesimler*.js (s: kırılması 1411-02-17→1410-01-01) + UMIT olaylar_ek3.js:15 (yeni 1410 maddesi) — İKİSİ BİRLİKTE; tek başına ikisi de 0
P84-DEGISMEZ2-ADAY (UMIT+KOORD)	+	1410-01-01	Gebze	yerlesimler.js	suleyman-celebi	mehmed-celebi	YOK	OCAK1/yalniz_taraf	1410-01-01 Mehmed Çelebi Bursa ve Ankara'yı yeniden aldı — Anadolu payı Süleyman Çelebi'den çıktı [olaylar_ek3.js:15]	② TAVAN HAKKI	madde DOĞRU olay (Anadolu payı Süleyman'dan çıktı); kaynak kasaba adı vermiyor (D208 bölge cümlesi)	KOORD yerlesimler*.js (s: kırılması 1411-02-17→1410-01-01) + UMIT olaylar_ek3.js:15 (yeni 1410 maddesi) — İKİSİ BİRLİKTE; tek başına ikisi de 0
P84-DEGISMEZ2-ADAY (UMIT+KOORD)	+	1410-01-01	Hereke	yerlesimler.js	suleyman-celebi	mehmed-celebi	YOK	OCAK1/yalniz_taraf	1410-01-01 Mehmed Çelebi Bursa ve Ankara'yı yeniden aldı — Anadolu payı Süleyman Çelebi'den çıktı [olaylar_ek3.js:15]	② TAVAN HAKKI	madde DOĞRU olay (Anadolu payı Süleyman'dan çıktı); kaynak kasaba adı vermiyor (D208 bölge cümlesi)	KOORD yerlesimler*.js (s: kırılması 1411-02-17→1410-01-01) + UMIT olaylar_ek3.js:15 (yeni 1410 maddesi) — İKİSİ BİRLİKTE; tek başına ikisi de 0
P84-DEGISMEZ2-ADAY (UMIT+KOORD)	+	1410-01-01	Kandıra	yerlesimler.js	suleyman-celebi	mehmed-celebi	YOK	OCAK1/yalniz_taraf	1410-01-01 Mehmed Çelebi Bursa ve Ankara'yı yeniden aldı — Anadolu payı Süleyman Çelebi'den çıktı [olaylar_ek3.js:15]	② TAVAN HAKKI	madde DOĞRU olay (Anadolu payı Süleyman'dan çıktı); kaynak kasaba adı vermiyor (D208 bölge cümlesi)	KOORD yerlesimler*.js (s: kırılması 1411-02-17→1410-01-01) + UMIT olaylar_ek3.js:15 (yeni 1410 maddesi) — İKİSİ BİRLİKTE; tek başına ikisi de 0
P84-DEGISMEZ2-ADAY (UMIT+KOORD)	+	1410-01-01	Karabiga	yerlesimler_seyrek.js	suleyman-celebi	mehmed-celebi	YOK	OCAK1/yalniz_taraf	1410-01-01 Mehmed Çelebi Bursa ve Ankara'yı yeniden aldı — Anadolu payı Süleyman Çelebi'den çıktı [olaylar_ek3.js:15]	② TAVAN HAKKI	madde DOĞRU olay (Anadolu payı Süleyman'dan çıktı); kaynak kasaba adı vermiyor (D208 bölge cümlesi)	KOORD yerlesimler*.js (s: kırılması 1411-02-17→1410-01-01) + UMIT olaylar_ek3.js:15 (yeni 1410 maddesi) — İKİSİ BİRLİKTE; tek başına ikisi de 0
P84-DEGISMEZ2-ADAY (UMIT+KOORD)	+	1410-01-01	Karacahisar	yerlesimler.js	suleyman-celebi	mehmed-celebi	YOK	OCAK1/yalniz_taraf	1410-01-01 Mehmed Çelebi Bursa ve Ankara'yı yeniden aldı — Anadolu payı Süleyman Çelebi'den çıktı [olaylar_ek3.js:15]	② TAVAN HAKKI	madde DOĞRU olay (Anadolu payı Süleyman'dan çıktı); kaynak kasaba adı vermiyor (D208 bölge cümlesi)	KOORD yerlesimler*.js (s: kırılması 1411-02-17→1410-01-01) + UMIT olaylar_ek3.js:15 (yeni 1410 maddesi) — İKİSİ BİRLİKTE; tek başına ikisi de 0
P84-DEGISMEZ2-ADAY (UMIT+KOORD)	+	1410-01-01	Pelekanon (Eskihisar)	yerlesimler.js	suleyman-celebi	mehmed-celebi	YOK	OCAK1/yalniz_taraf	1410-01-01 Mehmed Çelebi Bursa ve Ankara'yı yeniden aldı — Anadolu payı Süleyman Çelebi'den çıktı [olaylar_ek3.js:15]	② TAVAN HAKKI	madde DOĞRU olay (Anadolu payı Süleyman'dan çıktı); kaynak kasaba adı vermiyor (D208 bölge cümlesi)	KOORD yerlesimler*.js (s: kırılması 1411-02-17→1410-01-01) + UMIT olaylar_ek3.js:15 (yeni 1410 maddesi) — İKİSİ BİRLİKTE; tek başına ikisi de 0
P84-DEGISMEZ2-ADAY (UMIT+KOORD)	+	1410-01-01	Samandıra	yerlesimler.js	suleyman-celebi	mehmed-celebi	YOK	OCAK1/yalniz_taraf	1410-01-01 Mehmed Çelebi Bursa ve Ankara'yı yeniden aldı — Anadolu payı Süleyman Çelebi'den çıktı [olaylar_ek3.js:15]	② TAVAN HAKKI	madde DOĞRU olay (Anadolu payı Süleyman'dan çıktı); kaynak kasaba adı vermiyor (D208 bölge cümlesi)	KOORD yerlesimler*.js (s: kırılması 1411-02-17→1410-01-01) + UMIT olaylar_ek3.js:15 (yeni 1410 maddesi) — İKİSİ BİRLİKTE; tek başına ikisi de 0
P84-DEGISMEZ2-ADAY (UMIT+KOORD)	+	1410-01-01	Üsküdar	yerlesimler_ek29.js	suleyman-celebi	mehmed-celebi	YOK	OCAK1/yalniz_taraf	1410-01-01 Mehmed Çelebi Bursa ve Ankara'yı yeniden aldı — Anadolu payı Süleyman Çelebi'den çıktı [olaylar_ek3.js:15]	② TAVAN HAKKI	madde DOĞRU olay (Anadolu payı Süleyman'dan çıktı); kaynak kasaba adı vermiyor (D208 bölge cümlesi)	KOORD yerlesimler*.js (s: kırılması 1411-02-17→1410-01-01) + UMIT olaylar_ek3.js:15 (yeni 1410 maddesi) — İKİSİ BİRLİKTE; tek başına ikisi de 0
P84-DEGISMEZ2-ADAY (UMIT+KOORD)	+	1410-01-01	İzmit	yerlesimler.js	suleyman-celebi	mehmed-celebi	YOK	OCAK1/yalniz_taraf	1410-01-01 Mehmed Çelebi Bursa ve Ankara'yı yeniden aldı — Anadolu payı Süleyman Çelebi'den çıktı [olaylar_ek3.js:15]	② TAVAN HAKKI	madde DOĞRU olay (Anadolu payı Süleyman'dan çıktı); kaynak kasaba adı vermiyor (D208 bölge cümlesi)	KOORD yerlesimler*.js (s: kırılması 1411-02-17→1410-01-01) + UMIT olaylar_ek3.js:15 (yeni 1410 maddesi) — İKİSİ BİRLİKTE; tek başına ikisi de 0
P84-TRAKYA H0015-KOORD	+	1526-08-29	Čakovec (Csáktornya)	yerlesimler_p77_avrupa.js	macaristan	macaristan-habsburg	YOK	GUN-MASKELI/yalniz_taraf	1526-08-29 Mohaç Meydan Muharebesi [olaylar.js:81]	② TAVAN HAKKI	Mohaç/taht değişimi, konu Čakovec değil; 12 kardeş birim aynı kolda; kova zaten MASKELİ	KOORD yerlesimler_p77_avrupa.js @@-24,9 +24,18 (YENİ nokta)
P84-TRAKYA H0015-KOORD	+	1918-11-11	Ptuj (Pettau)	yerlesimler_p77_avrupa.js	avusturya	yugoslavya	YOK	GUN-KAPALI/yalniz_taraf	1918-11-12 Avusturya Cumhuriyeti'nin ilânı — Habsburg monarşisinin sonu [olaylar_sessiz_borc_0919.js:27]	① EKSİK MADDE · YER kapanışı ③ (kaynak bu yeri bu olayda ADIYLA anmıyor)	Aşağı Steiermark'ın SHS'ye geçişi (R. Maister, Maribor 1 Kasım 1918) maddesi yok	KOORD yerlesimler_p77_avrupa.js @@-24,9 +24,18 (YENİ nokta)
P84-TRAKYA H0015-KOORD	+	1918-11-11	Čakovec (Csáktornya)	yerlesimler_p77_avrupa.js	macaristan-habsburg	macaristan-naiplik	YOK	GUN-KAPALI/yalniz_taraf	1918-11-03 Villa Giusti Mütarekesi — Avusturya-Macaristan silâh bıraktı, Trento ve Trieste İtalya'ya  [olaylar_ok109.js:121]	② TAVAN HAKKI	rejim değişimi (Habsburg→naiplik), konu Čakovec değil; 45 kardeş birim aynı kolda	KOORD yerlesimler_p77_avrupa.js @@-24,9 +24,18 (YENİ nokta)
P84-TRAKYA H0015-KOORD	+	1920-06-04	Čakovec (Csáktornya)	yerlesimler_p77_avrupa.js	macaristan-naiplik	yugoslavya	YOK	GUN-KAPALI/yalniz_taraf	1920-06-04 Trianon Antlaşması — Macaristan toprağının üçte ikisini kaybetti [olaylar_ok109.js:151]	① EKSİK MADDE · YER kapanışı ③ (kaynak bu yeri bu olayda ADIYLA anmıyor)	Trianon maddesi Muraköz'ün SHS'ye devrini anmıyor	KOORD yerlesimler_p77_avrupa.js @@-24,9 +24,18 (YENİ nokta)
MAZENDERAN-1392 KOORD	+	1392-10-26	Bârfurûş (Bâbil)	yerlesimler.js	mazenderan-marasi	timurlu	YOK	GUN-KAPALI/yalniz_taraf	1392-10-26 Mar'aşîler Mâhâneser Kalesi'nde Timur'a teslim oldu — Mâzenderan Timurlu idaresine geçti [olaylar_senkron_0930.js:53]	② TAVAN HAKKI	madde doğru olay, Mâzenderan bölge cümlesi; nokta bölgeyi temsil ediyor (Eşref 1612 kuruluş — anmak anakronizm)	KOORD yerlesimler.js @@-2017 (nokta zinciri) + KOORD olaylar_senkron_0930.js @@-47 (yeni maddeler)
MAZENDERAN-1392 KOORD	+	1392-10-26	Eşref (Behşehr)	yerlesimler.js	mazenderan-marasi	timurlu	YOK	GUN-KAPALI/yalniz_taraf	1392-10-26 Mar'aşîler Mâhâneser Kalesi'nde Timur'a teslim oldu — Mâzenderan Timurlu idaresine geçti [olaylar_senkron_0930.js:53]	② TAVAN HAKKI	madde doğru olay, Mâzenderan bölge cümlesi; nokta bölgeyi temsil ediyor (Eşref 1612 kuruluş — anmak anakronizm)	KOORD yerlesimler.js @@-2017 (nokta zinciri) + KOORD olaylar_senkron_0930.js @@-47 (yeni maddeler)
MAZENDERAN-1392 KOORD	+	1413-01-01	Bârfurûş (Bâbil)	yerlesimler.js	__BOSLUK__	mazenderan-marasi	YOK	OCAK1/yalniz_taraf	1413-01-01 Mar'aşî Seyyid Ali Sârî, Sârî ile birlikte Âmül'ü de elinde tutuyor — Mâzenderan'da Mar'aş [olaylar_senkron_0930.js:69]	② TAVAN HAKKI	madde doğru olay (Sârî+Âmül), Bârfurûş/Eşref bölge temsil noktası	KOORD yerlesimler.js @@-2017 (nokta zinciri) + KOORD olaylar_senkron_0930.js @@-47 (yeni maddeler)
MAZENDERAN-1392 KOORD	+	1413-01-01	Eşref (Behşehr)	yerlesimler.js	__BOSLUK__	mazenderan-marasi	YOK	OCAK1/yalniz_taraf	1413-01-01 Mar'aşî Seyyid Ali Sârî, Sârî ile birlikte Âmül'ü de elinde tutuyor — Mâzenderan'da Mar'aş [olaylar_senkron_0930.js:69]	② TAVAN HAKKI	madde doğru olay (Sârî+Âmül), Bârfurûş/Eşref bölge temsil noktası	KOORD yerlesimler.js @@-2017 (nokta zinciri) + KOORD olaylar_senkron_0930.js @@-47 (yeni maddeler)
TEBRIZ-1388 UMIT+KOORD-40	-	1406-10-21	Ardahan	yerlesimler.js	timurlu	karakoyunlu	GUN-MASKELI/yalniz_taraf	YOK	1406-10-21 Kara Yusuf'un Tebriz ve Azerbaycan'ı Timurlulardan geri alması [olaylar_ek7.js:205]	(çıktı)	(çıkan birim — Aras maddesinden Serdrûd'a taşındı, aynı sınıf)	KOORD-40 yerlesimler_sinir_kuzey.js @@-26 (Beri bitişi 1406-10-21→1408-04-13) + UMIT olaylar_ek7.js:205 (Aras maddesi yeniden yazıldı; eski metindeki '1351'den beri' kelimesi gitti)
TEBRIZ-1388 UMIT+KOORD-40	-	1406-10-21	Arpaçay (Akyaka)	yerlesimler_ek26.js	timurlu	karakoyunlu	GUN-MASKELI/yalniz_taraf	YOK	1406-10-21 Kara Yusuf'un Tebriz ve Azerbaycan'ı Timurlulardan geri alması [olaylar_ek7.js:205]	(çıktı)	(çıkan birim — Aras maddesinden Serdrûd'a taşındı, aynı sınıf)	KOORD-40 yerlesimler_sinir_kuzey.js @@-26 (Beri bitişi 1406-10-21→1408-04-13) + UMIT olaylar_ek7.js:205 (Aras maddesi yeniden yazıldı; eski metindeki '1351'den beri' kelimesi gitti)
TEBRIZ-1388 UMIT+KOORD-40	-	1406-10-21	Astara	yerlesimler.js	timurlu	karakoyunlu	GUN-MASKELI/yalniz_taraf	YOK	1406-10-21 Kara Yusuf'un Tebriz ve Azerbaycan'ı Timurlulardan geri alması [olaylar_ek7.js:205]	(çıktı)	(çıkan birim — Aras maddesinden Serdrûd'a taşındı, aynı sınıf)	KOORD-40 yerlesimler_sinir_kuzey.js @@-26 (Beri bitişi 1406-10-21→1408-04-13) + UMIT olaylar_ek7.js:205 (Aras maddesi yeniden yazıldı; eski metindeki '1351'den beri' kelimesi gitti)
TEBRIZ-1388 UMIT+KOORD-40	-	1406-10-21	Berde (Karabağ)	yerlesimler.js	timurlu	karakoyunlu	GUN-MASKELI/yalniz_taraf	YOK	1406-10-21 Kara Yusuf'un Tebriz ve Azerbaycan'ı Timurlulardan geri alması [olaylar_ek7.js:205]	(çıktı)	(çıkan birim — Aras maddesinden Serdrûd'a taşındı, aynı sınıf)	KOORD-40 yerlesimler_sinir_kuzey.js @@-26 (Beri bitişi 1406-10-21→1408-04-13) + UMIT olaylar_ek7.js:205 (Aras maddesi yeniden yazıldı; eski metindeki '1351'den beri' kelimesi gitti)
TEBRIZ-1388 UMIT+KOORD-40	-	1406-10-21	Culfa	yerlesimler.js	timurlu	karakoyunlu	GUN-MASKELI/yalniz_taraf	YOK	1406-10-21 Kara Yusuf'un Tebriz ve Azerbaycan'ı Timurlulardan geri alması [olaylar_ek7.js:205]	(çıktı)	(çıkan birim — Aras maddesinden Serdrûd'a taşındı, aynı sınıf)	KOORD-40 yerlesimler_sinir_kuzey.js @@-26 (Beri bitişi 1406-10-21→1408-04-13) + UMIT olaylar_ek7.js:205 (Aras maddesi yeniden yazıldı; eski metindeki '1351'den beri' kelimesi gitti)
TEBRIZ-1388 UMIT+KOORD-40	-	1406-10-21	Digor	yerlesimler_ek26.js	timurlu	karakoyunlu	GUN-MASKELI/yalniz_taraf	YOK	1406-10-21 Kara Yusuf'un Tebriz ve Azerbaycan'ı Timurlulardan geri alması [olaylar_ek7.js:205]	(çıktı)	(çıkan birim — Aras maddesinden Serdrûd'a taşındı, aynı sınıf)	KOORD-40 yerlesimler_sinir_kuzey.js @@-26 (Beri bitişi 1406-10-21→1408-04-13) + UMIT olaylar_ek7.js:205 (Aras maddesi yeniden yazıldı; eski metindeki '1351'den beri' kelimesi gitti)
TEBRIZ-1388 UMIT+KOORD-40	-	1406-10-21	Erdebil	yerlesimler.js	timurlu	karakoyunlu	GUN-MASKELI/yalniz_taraf	YOK	1406-10-21 Kara Yusuf'un Tebriz ve Azerbaycan'ı Timurlulardan geri alması [olaylar_ek7.js:205]	(çıktı)	(çıkan birim — Aras maddesinden Serdrûd'a taşındı, aynı sınıf)	KOORD-40 yerlesimler_sinir_kuzey.js @@-26 (Beri bitişi 1406-10-21→1408-04-13) + UMIT olaylar_ek7.js:205 (Aras maddesi yeniden yazıldı; eski metindeki '1351'den beri' kelimesi gitti)
TEBRIZ-1388 UMIT+KOORD-40	-	1406-10-21	Eçmiyadzin	yerlesimler_ek26.js	timurlu	karakoyunlu	GUN-MASKELI/yalniz_taraf	YOK	1406-10-21 Kara Yusuf'un Tebriz ve Azerbaycan'ı Timurlulardan geri alması [olaylar_ek7.js:205]	(çıktı)	(çıkan birim — Aras maddesinden Serdrûd'a taşındı, aynı sınıf)	KOORD-40 yerlesimler_sinir_kuzey.js @@-26 (Beri bitişi 1406-10-21→1408-04-13) + UMIT olaylar_ek7.js:205 (Aras maddesi yeniden yazıldı; eski metindeki '1351'den beri' kelimesi gitti)
TEBRIZ-1388 UMIT+KOORD-40	-	1406-10-21	Gümrü (Aleksandropol)	yerlesimler_ek26.js	timurlu	karakoyunlu	GUN-MASKELI/yalniz_taraf	YOK	1406-10-21 Kara Yusuf'un Tebriz ve Azerbaycan'ı Timurlulardan geri alması [olaylar_ek7.js:205]	(çıktı)	(çıkan birim — Aras maddesinden Serdrûd'a taşındı, aynı sınıf)	KOORD-40 yerlesimler_sinir_kuzey.js @@-26 (Beri bitişi 1406-10-21→1408-04-13) + UMIT olaylar_ek7.js:205 (Aras maddesi yeniden yazıldı; eski metindeki '1351'den beri' kelimesi gitti)
TEBRIZ-1388 UMIT+KOORD-40	-	1406-10-21	Halhâl	yerlesimler.js	timurlu	karakoyunlu	GUN-MASKELI/yalniz_taraf	YOK	1406-10-21 Kara Yusuf'un Tebriz ve Azerbaycan'ı Timurlulardan geri alması [olaylar_ek7.js:205]	(çıktı)	(çıkan birim — Aras maddesinden Serdrûd'a taşındı, aynı sınıf)	KOORD-40 yerlesimler_sinir_kuzey.js @@-26 (Beri bitişi 1406-10-21→1408-04-13) + UMIT olaylar_ek7.js:205 (Aras maddesi yeniden yazıldı; eski metindeki '1351'den beri' kelimesi gitti)
TEBRIZ-1388 UMIT+KOORD-40	-	1406-10-21	Iğdır	yerlesimler_ek26.js	timurlu	karakoyunlu	GUN-MASKELI/yalniz_taraf	YOK	1406-10-21 Kara Yusuf'un Tebriz ve Azerbaycan'ı Timurlulardan geri alması [olaylar_ek7.js:205]	(çıktı)	(çıkan birim — Aras maddesinden Serdrûd'a taşındı, aynı sınıf)	KOORD-40 yerlesimler_sinir_kuzey.js @@-26 (Beri bitişi 1406-10-21→1408-04-13) + UMIT olaylar_ek7.js:205 (Aras maddesi yeniden yazıldı; eski metindeki '1351'den beri' kelimesi gitti)
TEBRIZ-1388 UMIT+KOORD-40	-	1406-10-21	Kars	yerlesimler.js	timurlu	karakoyunlu	GUN-MASKELI/yalniz_taraf	YOK	1406-10-21 Kara Yusuf'un Tebriz ve Azerbaycan'ı Timurlulardan geri alması [olaylar_ek7.js:205]	(çıktı)	(çıkan birim — Aras maddesinden Serdrûd'a taşındı, aynı sınıf)	KOORD-40 yerlesimler_sinir_kuzey.js @@-26 (Beri bitişi 1406-10-21→1408-04-13) + UMIT olaylar_ek7.js:205 (Aras maddesi yeniden yazıldı; eski metindeki '1351'den beri' kelimesi gitti)
TEBRIZ-1388 UMIT+KOORD-40	-	1406-10-21	Kliçatak (Suser)	yerlesimler_sinir_kuzey.js	timurlu	karakoyunlu	GUN-MASKELI/yalniz_taraf	YOK	1406-10-21 Kara Yusuf'un Tebriz ve Azerbaycan'ı Timurlulardan geri alması [olaylar_ek7.js:205]	(çıktı)	(çıkan birim — Aras maddesinden Serdrûd'a taşındı, aynı sınıf)	KOORD-40 yerlesimler_sinir_kuzey.js @@-26 (Beri bitişi 1406-10-21→1408-04-13) + UMIT olaylar_ek7.js:205 (Aras maddesi yeniden yazıldı; eski metindeki '1351'den beri' kelimesi gitti)
TEBRIZ-1388 UMIT+KOORD-40	-	1406-10-21	Küçükperveli	yerlesimler_sinir_kuzey.js	timurlu	karakoyunlu	GUN-MASKELI/yalniz_taraf	YOK	1406-10-21 Kara Yusuf'un Tebriz ve Azerbaycan'ı Timurlulardan geri alması [olaylar_ek7.js:205]	(çıktı)	(çıkan birim — Aras maddesinden Serdrûd'a taşındı, aynı sınıf)	KOORD-40 yerlesimler_sinir_kuzey.js @@-26 (Beri bitişi 1406-10-21→1408-04-13) + UMIT olaylar_ek7.js:205 (Aras maddesi yeniden yazıldı; eski metindeki '1351'den beri' kelimesi gitti)
TEBRIZ-1388 UMIT+KOORD-40	-	1406-10-21	Lenkeran	yerlesimler.js	timurlu	karakoyunlu	GUN-MASKELI/yalniz_taraf	YOK	1406-10-21 Kara Yusuf'un Tebriz ve Azerbaycan'ı Timurlulardan geri alması [olaylar_ek7.js:205]	(çıktı)	(çıkan birim — Aras maddesinden Serdrûd'a taşındı, aynı sınıf)	KOORD-40 yerlesimler_sinir_kuzey.js @@-26 (Beri bitişi 1406-10-21→1408-04-13) + UMIT olaylar_ek7.js:205 (Aras maddesi yeniden yazıldı; eski metindeki '1351'den beri' kelimesi gitti)
TEBRIZ-1388 UMIT+KOORD-40	-	1406-10-21	Merend	yerlesimler.js	timurlu	karakoyunlu	GUN-MASKELI/yalniz_taraf	YOK	1406-10-21 Kara Yusuf'un Tebriz ve Azerbaycan'ı Timurlulardan geri alması [olaylar_ek7.js:205]	(çıktı)	(çıkan birim — Aras maddesinden Serdrûd'a taşındı, aynı sınıf)	KOORD-40 yerlesimler_sinir_kuzey.js @@-26 (Beri bitişi 1406-10-21→1408-04-13) + UMIT olaylar_ek7.js:205 (Aras maddesi yeniden yazıldı; eski metindeki '1351'den beri' kelimesi gitti)
TEBRIZ-1388 UMIT+KOORD-40	-	1406-10-21	Merâga	yerlesimler.js	timurlu	karakoyunlu	GUN-MASKELI/yalniz_taraf	YOK	1406-10-21 Kara Yusuf'un Tebriz ve Azerbaycan'ı Timurlulardan geri alması [olaylar_ek7.js:205]	(çıktı)	(çıkan birim — Aras maddesinden Serdrûd'a taşındı, aynı sınıf)	KOORD-40 yerlesimler_sinir_kuzey.js @@-26 (Beri bitişi 1406-10-21→1408-04-13) + UMIT olaylar_ek7.js:205 (Aras maddesi yeniden yazıldı; eski metindeki '1351'den beri' kelimesi gitti)
TEBRIZ-1388 UMIT+KOORD-40	-	1406-10-21	Merîvan	yerlesimler.js	timurlu	karakoyunlu	GUN-MASKELI/yalniz_taraf	YOK	1406-10-21 Kara Yusuf'un Tebriz ve Azerbaycan'ı Timurlulardan geri alması [olaylar_ek7.js:205]	(çıktı)	(çıkan birim — Aras maddesinden Serdrûd'a taşındı, aynı sınıf)	KOORD-40 yerlesimler_sinir_kuzey.js @@-26 (Beri bitişi 1406-10-21→1408-04-13) + UMIT olaylar_ek7.js:205 (Aras maddesi yeniden yazıldı; eski metindeki '1351'den beri' kelimesi gitti)
TEBRIZ-1388 UMIT+KOORD-40	-	1406-10-21	Mâku	yerlesimler.js	timurlu	karakoyunlu	GUN-MASKELI/yalniz_taraf	YOK	1406-10-21 Kara Yusuf'un Tebriz ve Azerbaycan'ı Timurlulardan geri alması [olaylar_ek7.js:205]	(çıktı)	(çıkan birim — Aras maddesinden Serdrûd'a taşındı, aynı sınıf)	KOORD-40 yerlesimler_sinir_kuzey.js @@-26 (Beri bitişi 1406-10-21→1408-04-13) + UMIT olaylar_ek7.js:205 (Aras maddesi yeniden yazıldı; eski metindeki '1351'den beri' kelimesi gitti)
TEBRIZ-1388 UMIT+KOORD-40	-	1406-10-21	Mîyandoab	yerlesimler.js	timurlu	karakoyunlu	GUN-MASKELI/yalniz_taraf	YOK	1406-10-21 Kara Yusuf'un Tebriz ve Azerbaycan'ı Timurlulardan geri alması [olaylar_ek7.js:205]	(çıktı)	(çıkan birim — Aras maddesinden Serdrûd'a taşındı, aynı sınıf)	KOORD-40 yerlesimler_sinir_kuzey.js @@-26 (Beri bitişi 1406-10-21→1408-04-13) + UMIT olaylar_ek7.js:205 (Aras maddesi yeniden yazıldı; eski metindeki '1351'den beri' kelimesi gitti)
TEBRIZ-1388 UMIT+KOORD-40	-	1406-10-21	Nahçıvan	yerlesimler.js	timurlu	karakoyunlu	GUN-MASKELI/yalniz_taraf	YOK	1406-10-21 Kara Yusuf'un Tebriz ve Azerbaycan'ı Timurlulardan geri alması [olaylar_ek7.js:205]	(çıktı)	(çıkan birim — Aras maddesinden Serdrûd'a taşındı, aynı sınıf)	KOORD-40 yerlesimler_sinir_kuzey.js @@-26 (Beri bitişi 1406-10-21→1408-04-13) + UMIT olaylar_ek7.js:205 (Aras maddesi yeniden yazıldı; eski metindeki '1351'den beri' kelimesi gitti)
TEBRIZ-1388 UMIT+KOORD-40	-	1406-10-21	Norapat	yerlesimler_sinir_kuzey.js	timurlu	karakoyunlu	GUN-MASKELI/yalniz_taraf	YOK	1406-10-21 Kara Yusuf'un Tebriz ve Azerbaycan'ı Timurlulardan geri alması [olaylar_ek7.js:205]	(çıktı)	(çıkan birim — Aras maddesinden Serdrûd'a taşındı, aynı sınıf)	KOORD-40 yerlesimler_sinir_kuzey.js @@-26 (Beri bitişi 1406-10-21→1408-04-13) + UMIT olaylar_ek7.js:205 (Aras maddesi yeniden yazıldı; eski metindeki '1351'den beri' kelimesi gitti)
TEBRIZ-1388 UMIT+KOORD-40	-	1406-10-21	Ordubad	yerlesimler.js	timurlu	karakoyunlu	GUN-MASKELI/yalniz_taraf	YOK	1406-10-21 Kara Yusuf'un Tebriz ve Azerbaycan'ı Timurlulardan geri alması [olaylar_ek7.js:205]	(çıktı)	(çıkan birim — Aras maddesinden Serdrûd'a taşındı, aynı sınıf)	KOORD-40 yerlesimler_sinir_kuzey.js @@-26 (Beri bitişi 1406-10-21→1408-04-13) + UMIT olaylar_ek7.js:205 (Aras maddesi yeniden yazıldı; eski metindeki '1351'den beri' kelimesi gitti)
TEBRIZ-1388 UMIT+KOORD-40	-	1406-10-21	Revan	yerlesimler.js	timurlu	karakoyunlu	GUN-MASKELI/yalniz_taraf	YOK	1406-10-21 Kara Yusuf'un Tebriz ve Azerbaycan'ı Timurlulardan geri alması [olaylar_ek7.js:205]	(çıktı)	(çıkan birim — Aras maddesinden Serdrûd'a taşındı, aynı sınıf)	KOORD-40 yerlesimler_sinir_kuzey.js @@-26 (Beri bitişi 1406-10-21→1408-04-13) + UMIT olaylar_ek7.js:205 (Aras maddesi yeniden yazıldı; eski metindeki '1351'den beri' kelimesi gitti)
TEBRIZ-1388 UMIT+KOORD-40	-	1406-10-21	Rāzhān	yerlesimler_sinir_dogu.js	timurlu	karakoyunlu	GUN-MASKELI/yalniz_taraf	YOK	1406-10-21 Kara Yusuf'un Tebriz ve Azerbaycan'ı Timurlulardan geri alması [olaylar_ek7.js:205]	(çıktı)	(çıkan birim — Aras maddesinden Serdrûd'a taşındı, aynı sınıf)	KOORD-40 yerlesimler_sinir_kuzey.js @@-26 (Beri bitişi 1406-10-21→1408-04-13) + UMIT olaylar_ek7.js:205 (Aras maddesi yeniden yazıldı; eski metindeki '1351'den beri' kelimesi gitti)
TEBRIZ-1388 UMIT+KOORD-40	-	1406-10-21	Sakkız	yerlesimler.js	timurlu	karakoyunlu	GUN-MASKELI/yalniz_taraf	YOK	1406-10-21 Kara Yusuf'un Tebriz ve Azerbaycan'ı Timurlulardan geri alması [olaylar_ek7.js:205]	(çıktı)	(çıkan birim — Aras maddesinden Serdrûd'a taşındı, aynı sınıf)	KOORD-40 yerlesimler_sinir_kuzey.js @@-26 (Beri bitişi 1406-10-21→1408-04-13) + UMIT olaylar_ek7.js:205 (Aras maddesi yeniden yazıldı; eski metindeki '1351'den beri' kelimesi gitti)
TEBRIZ-1388 UMIT+KOORD-40	-	1406-10-21	Sarıkamış	yerlesimler_ek28.js	timurlu	karakoyunlu	GUN-MASKELI/yalniz_taraf	YOK	1406-10-21 Kara Yusuf'un Tebriz ve Azerbaycan'ı Timurlulardan geri alması [olaylar_ek7.js:205]	(çıktı)	(çıkan birim — Aras maddesinden Serdrûd'a taşındı, aynı sınıf)	KOORD-40 yerlesimler_sinir_kuzey.js @@-26 (Beri bitişi 1406-10-21→1408-04-13) + UMIT olaylar_ek7.js:205 (Aras maddesi yeniden yazıldı; eski metindeki '1351'den beri' kelimesi gitti)
TEBRIZ-1388 UMIT+KOORD-40	-	1406-10-21	Selmâs (Dilman)	yerlesimler.js	timurlu	karakoyunlu	GUN-MASKELI/yalniz_taraf	YOK	1406-10-21 Kara Yusuf'un Tebriz ve Azerbaycan'ı Timurlulardan geri alması [olaylar_ek7.js:205]	(çıktı)	(çıkan birim — Aras maddesinden Serdrûd'a taşındı, aynı sınıf)	KOORD-40 yerlesimler_sinir_kuzey.js @@-26 (Beri bitişi 1406-10-21→1408-04-13) + UMIT olaylar_ek7.js:205 (Aras maddesi yeniden yazıldı; eski metindeki '1351'den beri' kelimesi gitti)
TEBRIZ-1388 UMIT+KOORD-40	-	1406-10-21	Sero	yerlesimler_sinir_dogu.js	timurlu	karakoyunlu	GUN-MASKELI/yalniz_taraf	YOK	1406-10-21 Kara Yusuf'un Tebriz ve Azerbaycan'ı Timurlulardan geri alması [olaylar_ek7.js:205]	(çıktı)	(çıkan birim — Aras maddesinden Serdrûd'a taşındı, aynı sınıf)	KOORD-40 yerlesimler_sinir_kuzey.js @@-26 (Beri bitişi 1406-10-21→1408-04-13) + UMIT olaylar_ek7.js:205 (Aras maddesi yeniden yazıldı; eski metindeki '1351'den beri' kelimesi gitti)
TEBRIZ-1388 UMIT+KOORD-40	-	1406-10-21	Sultâniye	yerlesimler.js	timurlu	karakoyunlu	GUN-MASKELI/yalniz_taraf	YOK	1406-10-21 Kara Yusuf'un Tebriz ve Azerbaycan'ı Timurlulardan geri alması [olaylar_ek7.js:205]	(çıktı)	(çıkan birim — Aras maddesinden Serdrûd'a taşındı, aynı sınıf)	KOORD-40 yerlesimler_sinir_kuzey.js @@-26 (Beri bitişi 1406-10-21→1408-04-13) + UMIT olaylar_ek7.js:205 (Aras maddesi yeniden yazıldı; eski metindeki '1351'den beri' kelimesi gitti)
TEBRIZ-1388 UMIT+KOORD-40	-	1406-10-21	Urmiye	yerlesimler.js	timurlu	karakoyunlu	GUN-MASKELI/yalniz_taraf	YOK	1406-10-21 Kara Yusuf'un Tebriz ve Azerbaycan'ı Timurlulardan geri alması [olaylar_ek7.js:205]	(çıktı)	(çıkan birim — Aras maddesinden Serdrûd'a taşındı, aynı sınıf)	KOORD-40 yerlesimler_sinir_kuzey.js @@-26 (Beri bitişi 1406-10-21→1408-04-13) + UMIT olaylar_ek7.js:205 (Aras maddesi yeniden yazıldı; eski metindeki '1351'den beri' kelimesi gitti)
TEBRIZ-1388 UMIT+KOORD-40	-	1406-10-21	Şeyh Salû-yi Ulyâ	yerlesimler_sinir_dogu.js	timurlu	karakoyunlu	GUN-MASKELI/yalniz_taraf	YOK	1406-10-21 Kara Yusuf'un Tebriz ve Azerbaycan'ı Timurlulardan geri alması [olaylar_ek7.js:205]	(çıktı)	(çıkan birim — Aras maddesinden Serdrûd'a taşındı, aynı sınıf)	KOORD-40 yerlesimler_sinir_kuzey.js @@-26 (Beri bitişi 1406-10-21→1408-04-13) + UMIT olaylar_ek7.js:205 (Aras maddesi yeniden yazıldı; eski metindeki '1351'den beri' kelimesi gitti)
TEBRIZ-1388 UMIT+KOORD-40	+	1408-04-13	Ardahan	yerlesimler.js	timurlu	karakoyunlu	YOK	GUN-KAPALI/yalniz_taraf	1408-04-13 Serdrûd zaferi: Tebriz ve Azerbaycan Karakoyunlu'ya geçti [olaylar_ek7.js:206]	② TAVAN HAKKI	Serdrûd maddesi doğru olay; 36 nokta için BÖLGE CÜMLESİ (D208) — madde kendi ic_not'unda böyle beyan ediyor	KOORD-40 yerlesimler_sinir_kuzey.js @@-26 (Beri bitişi 1406-10-21→1408-04-13) + UMIT olaylar_ek7.js:205 (Aras maddesi yeniden yazıldı; eski metindeki '1351'den beri' kelimesi gitti)
TEBRIZ-1388 UMIT+KOORD-40	+	1408-04-13	Arpaçay (Akyaka)	yerlesimler_ek26.js	timurlu	karakoyunlu	YOK	GUN-KAPALI/yalniz_taraf	1408-04-13 Serdrûd zaferi: Tebriz ve Azerbaycan Karakoyunlu'ya geçti [olaylar_ek7.js:206]	② TAVAN HAKKI	Serdrûd maddesi doğru olay; 36 nokta için BÖLGE CÜMLESİ (D208) — madde kendi ic_not'unda böyle beyan ediyor	KOORD-40 yerlesimler_sinir_kuzey.js @@-26 (Beri bitişi 1406-10-21→1408-04-13) + UMIT olaylar_ek7.js:205 (Aras maddesi yeniden yazıldı; eski metindeki '1351'den beri' kelimesi gitti)
TEBRIZ-1388 UMIT+KOORD-40	+	1408-04-13	Astara	yerlesimler.js	timurlu	karakoyunlu	YOK	GUN-KAPALI/yalniz_taraf	1408-04-13 Serdrûd zaferi: Tebriz ve Azerbaycan Karakoyunlu'ya geçti [olaylar_ek7.js:206]	② TAVAN HAKKI	Serdrûd maddesi doğru olay; 36 nokta için BÖLGE CÜMLESİ (D208) — madde kendi ic_not'unda böyle beyan ediyor	KOORD-40 yerlesimler_sinir_kuzey.js @@-26 (Beri bitişi 1406-10-21→1408-04-13) + UMIT olaylar_ek7.js:205 (Aras maddesi yeniden yazıldı; eski metindeki '1351'den beri' kelimesi gitti)
TEBRIZ-1388 UMIT+KOORD-40	+	1408-04-13	Berde (Karabağ)	yerlesimler.js	timurlu	karakoyunlu	YOK	GUN-KAPALI/yalniz_taraf	1408-04-13 Serdrûd zaferi: Tebriz ve Azerbaycan Karakoyunlu'ya geçti [olaylar_ek7.js:206]	② TAVAN HAKKI	Serdrûd maddesi doğru olay; 36 nokta için BÖLGE CÜMLESİ (D208) — madde kendi ic_not'unda böyle beyan ediyor	KOORD-40 yerlesimler_sinir_kuzey.js @@-26 (Beri bitişi 1406-10-21→1408-04-13) + UMIT olaylar_ek7.js:205 (Aras maddesi yeniden yazıldı; eski metindeki '1351'den beri' kelimesi gitti)
TEBRIZ-1388 UMIT+KOORD-40	+	1408-04-13	Beri	yerlesimler_sinir_kuzey.js	timurlu	karakoyunlu	YOK	GUN-KAPALI/yalniz_taraf	1408-04-13 Serdrûd zaferi: Tebriz ve Azerbaycan Karakoyunlu'ya geçti [olaylar_ek7.js:206]	② TAVAN HAKKI · ⚠️ tabandaki YER kapanışı SAHTEYDİ ('1351'den beri')	Serdrûd maddesi doğru olay; 36 nokta için BÖLGE CÜMLESİ (D208) — madde kendi ic_not'unda böyle beyan ediyor	KOORD-40 yerlesimler_sinir_kuzey.js @@-26 (Beri bitişi 1406-10-21→1408-04-13) + UMIT olaylar_ek7.js:205 (Aras maddesi yeniden yazıldı; eski metindeki '1351'den beri' kelimesi gitti)
TEBRIZ-1388 UMIT+KOORD-40	+	1408-04-13	Culfa	yerlesimler.js	timurlu	karakoyunlu	YOK	GUN-KAPALI/yalniz_taraf	1408-04-13 Serdrûd zaferi: Tebriz ve Azerbaycan Karakoyunlu'ya geçti [olaylar_ek7.js:206]	② TAVAN HAKKI	Serdrûd maddesi doğru olay; 36 nokta için BÖLGE CÜMLESİ (D208) — madde kendi ic_not'unda böyle beyan ediyor	KOORD-40 yerlesimler_sinir_kuzey.js @@-26 (Beri bitişi 1406-10-21→1408-04-13) + UMIT olaylar_ek7.js:205 (Aras maddesi yeniden yazıldı; eski metindeki '1351'den beri' kelimesi gitti)
TEBRIZ-1388 UMIT+KOORD-40	+	1408-04-13	Digor	yerlesimler_ek26.js	timurlu	karakoyunlu	YOK	GUN-KAPALI/yalniz_taraf	1408-04-13 Serdrûd zaferi: Tebriz ve Azerbaycan Karakoyunlu'ya geçti [olaylar_ek7.js:206]	② TAVAN HAKKI	Serdrûd maddesi doğru olay; 36 nokta için BÖLGE CÜMLESİ (D208) — madde kendi ic_not'unda böyle beyan ediyor	KOORD-40 yerlesimler_sinir_kuzey.js @@-26 (Beri bitişi 1406-10-21→1408-04-13) + UMIT olaylar_ek7.js:205 (Aras maddesi yeniden yazıldı; eski metindeki '1351'den beri' kelimesi gitti)
TEBRIZ-1388 UMIT+KOORD-40	+	1408-04-13	Erdebil	yerlesimler.js	timurlu	karakoyunlu	YOK	GUN-KAPALI/yalniz_taraf	1408-04-13 Serdrûd zaferi: Tebriz ve Azerbaycan Karakoyunlu'ya geçti [olaylar_ek7.js:206]	② TAVAN HAKKI	Serdrûd maddesi doğru olay; 36 nokta için BÖLGE CÜMLESİ (D208) — madde kendi ic_not'unda böyle beyan ediyor	KOORD-40 yerlesimler_sinir_kuzey.js @@-26 (Beri bitişi 1406-10-21→1408-04-13) + UMIT olaylar_ek7.js:205 (Aras maddesi yeniden yazıldı; eski metindeki '1351'den beri' kelimesi gitti)
TEBRIZ-1388 UMIT+KOORD-40	+	1408-04-13	Eçmiyadzin	yerlesimler_ek26.js	timurlu	karakoyunlu	YOK	GUN-KAPALI/yalniz_taraf	1408-04-13 Serdrûd zaferi: Tebriz ve Azerbaycan Karakoyunlu'ya geçti [olaylar_ek7.js:206]	② TAVAN HAKKI	Serdrûd maddesi doğru olay; 36 nokta için BÖLGE CÜMLESİ (D208) — madde kendi ic_not'unda böyle beyan ediyor	KOORD-40 yerlesimler_sinir_kuzey.js @@-26 (Beri bitişi 1406-10-21→1408-04-13) + UMIT olaylar_ek7.js:205 (Aras maddesi yeniden yazıldı; eski metindeki '1351'den beri' kelimesi gitti)
TEBRIZ-1388 UMIT+KOORD-40	+	1408-04-13	Gümrü (Aleksandropol)	yerlesimler_ek26.js	timurlu	karakoyunlu	YOK	GUN-KAPALI/yalniz_taraf	1408-04-13 Serdrûd zaferi: Tebriz ve Azerbaycan Karakoyunlu'ya geçti [olaylar_ek7.js:206]	② TAVAN HAKKI	Serdrûd maddesi doğru olay; 36 nokta için BÖLGE CÜMLESİ (D208) — madde kendi ic_not'unda böyle beyan ediyor	KOORD-40 yerlesimler_sinir_kuzey.js @@-26 (Beri bitişi 1406-10-21→1408-04-13) + UMIT olaylar_ek7.js:205 (Aras maddesi yeniden yazıldı; eski metindeki '1351'den beri' kelimesi gitti)
TEBRIZ-1388 UMIT+KOORD-40	+	1408-04-13	Halhâl	yerlesimler.js	timurlu	karakoyunlu	YOK	GUN-KAPALI/yalniz_taraf	1408-04-13 Serdrûd zaferi: Tebriz ve Azerbaycan Karakoyunlu'ya geçti [olaylar_ek7.js:206]	② TAVAN HAKKI	Serdrûd maddesi doğru olay; 36 nokta için BÖLGE CÜMLESİ (D208) — madde kendi ic_not'unda böyle beyan ediyor	KOORD-40 yerlesimler_sinir_kuzey.js @@-26 (Beri bitişi 1406-10-21→1408-04-13) + UMIT olaylar_ek7.js:205 (Aras maddesi yeniden yazıldı; eski metindeki '1351'den beri' kelimesi gitti)
TEBRIZ-1388 UMIT+KOORD-40	+	1408-04-13	Iğdır	yerlesimler_ek26.js	timurlu	karakoyunlu	YOK	GUN-KAPALI/yalniz_taraf	1408-04-13 Serdrûd zaferi: Tebriz ve Azerbaycan Karakoyunlu'ya geçti [olaylar_ek7.js:206]	② TAVAN HAKKI	Serdrûd maddesi doğru olay; 36 nokta için BÖLGE CÜMLESİ (D208) — madde kendi ic_not'unda böyle beyan ediyor	KOORD-40 yerlesimler_sinir_kuzey.js @@-26 (Beri bitişi 1406-10-21→1408-04-13) + UMIT olaylar_ek7.js:205 (Aras maddesi yeniden yazıldı; eski metindeki '1351'den beri' kelimesi gitti)
TEBRIZ-1388 UMIT+KOORD-40	+	1408-04-13	Kars	yerlesimler.js	timurlu	karakoyunlu	YOK	GUN-KAPALI/yalniz_taraf	1408-04-13 Serdrûd zaferi: Tebriz ve Azerbaycan Karakoyunlu'ya geçti [olaylar_ek7.js:206]	② TAVAN HAKKI	Serdrûd maddesi doğru olay; 36 nokta için BÖLGE CÜMLESİ (D208) — madde kendi ic_not'unda böyle beyan ediyor	KOORD-40 yerlesimler_sinir_kuzey.js @@-26 (Beri bitişi 1406-10-21→1408-04-13) + UMIT olaylar_ek7.js:205 (Aras maddesi yeniden yazıldı; eski metindeki '1351'den beri' kelimesi gitti)
TEBRIZ-1388 UMIT+KOORD-40	+	1408-04-13	Kliçatak (Suser)	yerlesimler_sinir_kuzey.js	timurlu	karakoyunlu	YOK	GUN-KAPALI/yalniz_taraf	1408-04-13 Serdrûd zaferi: Tebriz ve Azerbaycan Karakoyunlu'ya geçti [olaylar_ek7.js:206]	② TAVAN HAKKI	Serdrûd maddesi doğru olay; 36 nokta için BÖLGE CÜMLESİ (D208) — madde kendi ic_not'unda böyle beyan ediyor	KOORD-40 yerlesimler_sinir_kuzey.js @@-26 (Beri bitişi 1406-10-21→1408-04-13) + UMIT olaylar_ek7.js:205 (Aras maddesi yeniden yazıldı; eski metindeki '1351'den beri' kelimesi gitti)
TEBRIZ-1388 UMIT+KOORD-40	+	1408-04-13	Küçükperveli	yerlesimler_sinir_kuzey.js	timurlu	karakoyunlu	YOK	GUN-KAPALI/yalniz_taraf	1408-04-13 Serdrûd zaferi: Tebriz ve Azerbaycan Karakoyunlu'ya geçti [olaylar_ek7.js:206]	② TAVAN HAKKI	Serdrûd maddesi doğru olay; 36 nokta için BÖLGE CÜMLESİ (D208) — madde kendi ic_not'unda böyle beyan ediyor	KOORD-40 yerlesimler_sinir_kuzey.js @@-26 (Beri bitişi 1406-10-21→1408-04-13) + UMIT olaylar_ek7.js:205 (Aras maddesi yeniden yazıldı; eski metindeki '1351'den beri' kelimesi gitti)
TEBRIZ-1388 UMIT+KOORD-40	+	1408-04-13	Lenkeran	yerlesimler.js	timurlu	karakoyunlu	YOK	GUN-KAPALI/yalniz_taraf	1408-04-13 Serdrûd zaferi: Tebriz ve Azerbaycan Karakoyunlu'ya geçti [olaylar_ek7.js:206]	② TAVAN HAKKI	Serdrûd maddesi doğru olay; 36 nokta için BÖLGE CÜMLESİ (D208) — madde kendi ic_not'unda böyle beyan ediyor	KOORD-40 yerlesimler_sinir_kuzey.js @@-26 (Beri bitişi 1406-10-21→1408-04-13) + UMIT olaylar_ek7.js:205 (Aras maddesi yeniden yazıldı; eski metindeki '1351'den beri' kelimesi gitti)
TEBRIZ-1388 UMIT+KOORD-40	+	1408-04-13	Merend	yerlesimler.js	timurlu	karakoyunlu	YOK	GUN-KAPALI/yalniz_taraf	1408-04-13 Serdrûd zaferi: Tebriz ve Azerbaycan Karakoyunlu'ya geçti [olaylar_ek7.js:206]	② TAVAN HAKKI	Serdrûd maddesi doğru olay; 36 nokta için BÖLGE CÜMLESİ (D208) — madde kendi ic_not'unda böyle beyan ediyor	KOORD-40 yerlesimler_sinir_kuzey.js @@-26 (Beri bitişi 1406-10-21→1408-04-13) + UMIT olaylar_ek7.js:205 (Aras maddesi yeniden yazıldı; eski metindeki '1351'den beri' kelimesi gitti)
TEBRIZ-1388 UMIT+KOORD-40	+	1408-04-13	Merâga	yerlesimler.js	timurlu	karakoyunlu	YOK	GUN-KAPALI/yalniz_taraf	1408-04-13 Serdrûd zaferi: Tebriz ve Azerbaycan Karakoyunlu'ya geçti [olaylar_ek7.js:206]	② TAVAN HAKKI	Serdrûd maddesi doğru olay; 36 nokta için BÖLGE CÜMLESİ (D208) — madde kendi ic_not'unda böyle beyan ediyor	KOORD-40 yerlesimler_sinir_kuzey.js @@-26 (Beri bitişi 1406-10-21→1408-04-13) + UMIT olaylar_ek7.js:205 (Aras maddesi yeniden yazıldı; eski metindeki '1351'den beri' kelimesi gitti)
TEBRIZ-1388 UMIT+KOORD-40	+	1408-04-13	Merîvan	yerlesimler.js	timurlu	karakoyunlu	YOK	GUN-KAPALI/yalniz_taraf	1408-04-13 Serdrûd zaferi: Tebriz ve Azerbaycan Karakoyunlu'ya geçti [olaylar_ek7.js:206]	② TAVAN HAKKI	Serdrûd maddesi doğru olay; 36 nokta için BÖLGE CÜMLESİ (D208) — madde kendi ic_not'unda böyle beyan ediyor	KOORD-40 yerlesimler_sinir_kuzey.js @@-26 (Beri bitişi 1406-10-21→1408-04-13) + UMIT olaylar_ek7.js:205 (Aras maddesi yeniden yazıldı; eski metindeki '1351'den beri' kelimesi gitti)
TEBRIZ-1388 UMIT+KOORD-40	+	1408-04-13	Mâku	yerlesimler.js	timurlu	karakoyunlu	YOK	GUN-KAPALI/yalniz_taraf	1408-04-13 Serdrûd zaferi: Tebriz ve Azerbaycan Karakoyunlu'ya geçti [olaylar_ek7.js:206]	② TAVAN HAKKI	Serdrûd maddesi doğru olay; 36 nokta için BÖLGE CÜMLESİ (D208) — madde kendi ic_not'unda böyle beyan ediyor	KOORD-40 yerlesimler_sinir_kuzey.js @@-26 (Beri bitişi 1406-10-21→1408-04-13) + UMIT olaylar_ek7.js:205 (Aras maddesi yeniden yazıldı; eski metindeki '1351'den beri' kelimesi gitti)
TEBRIZ-1388 UMIT+KOORD-40	+	1408-04-13	Mîyandoab	yerlesimler.js	timurlu	karakoyunlu	YOK	GUN-KAPALI/yalniz_taraf	1408-04-13 Serdrûd zaferi: Tebriz ve Azerbaycan Karakoyunlu'ya geçti [olaylar_ek7.js:206]	② TAVAN HAKKI	Serdrûd maddesi doğru olay; 36 nokta için BÖLGE CÜMLESİ (D208) — madde kendi ic_not'unda böyle beyan ediyor	KOORD-40 yerlesimler_sinir_kuzey.js @@-26 (Beri bitişi 1406-10-21→1408-04-13) + UMIT olaylar_ek7.js:205 (Aras maddesi yeniden yazıldı; eski metindeki '1351'den beri' kelimesi gitti)
TEBRIZ-1388 UMIT+KOORD-40	+	1408-04-13	Nahçıvan	yerlesimler.js	timurlu	karakoyunlu	YOK	GUN-KAPALI/yalniz_taraf	1408-04-13 Serdrûd zaferi: Tebriz ve Azerbaycan Karakoyunlu'ya geçti [olaylar_ek7.js:206]	② TAVAN HAKKI	Serdrûd maddesi doğru olay; 36 nokta için BÖLGE CÜMLESİ (D208) — madde kendi ic_not'unda böyle beyan ediyor	KOORD-40 yerlesimler_sinir_kuzey.js @@-26 (Beri bitişi 1406-10-21→1408-04-13) + UMIT olaylar_ek7.js:205 (Aras maddesi yeniden yazıldı; eski metindeki '1351'den beri' kelimesi gitti)
TEBRIZ-1388 UMIT+KOORD-40	+	1408-04-13	Norapat	yerlesimler_sinir_kuzey.js	timurlu	karakoyunlu	YOK	GUN-KAPALI/yalniz_taraf	1408-04-13 Serdrûd zaferi: Tebriz ve Azerbaycan Karakoyunlu'ya geçti [olaylar_ek7.js:206]	② TAVAN HAKKI	Serdrûd maddesi doğru olay; 36 nokta için BÖLGE CÜMLESİ (D208) — madde kendi ic_not'unda böyle beyan ediyor	KOORD-40 yerlesimler_sinir_kuzey.js @@-26 (Beri bitişi 1406-10-21→1408-04-13) + UMIT olaylar_ek7.js:205 (Aras maddesi yeniden yazıldı; eski metindeki '1351'den beri' kelimesi gitti)
TEBRIZ-1388 UMIT+KOORD-40	+	1408-04-13	Ordubad	yerlesimler.js	timurlu	karakoyunlu	YOK	GUN-KAPALI/yalniz_taraf	1408-04-13 Serdrûd zaferi: Tebriz ve Azerbaycan Karakoyunlu'ya geçti [olaylar_ek7.js:206]	② TAVAN HAKKI	Serdrûd maddesi doğru olay; 36 nokta için BÖLGE CÜMLESİ (D208) — madde kendi ic_not'unda böyle beyan ediyor	KOORD-40 yerlesimler_sinir_kuzey.js @@-26 (Beri bitişi 1406-10-21→1408-04-13) + UMIT olaylar_ek7.js:205 (Aras maddesi yeniden yazıldı; eski metindeki '1351'den beri' kelimesi gitti)
TEBRIZ-1388 UMIT+KOORD-40	+	1408-04-13	Revan	yerlesimler.js	timurlu	karakoyunlu	YOK	GUN-KAPALI/yalniz_taraf	1408-04-13 Serdrûd zaferi: Tebriz ve Azerbaycan Karakoyunlu'ya geçti [olaylar_ek7.js:206]	② TAVAN HAKKI	Serdrûd maddesi doğru olay; 36 nokta için BÖLGE CÜMLESİ (D208) — madde kendi ic_not'unda böyle beyan ediyor	KOORD-40 yerlesimler_sinir_kuzey.js @@-26 (Beri bitişi 1406-10-21→1408-04-13) + UMIT olaylar_ek7.js:205 (Aras maddesi yeniden yazıldı; eski metindeki '1351'den beri' kelimesi gitti)
TEBRIZ-1388 UMIT+KOORD-40	+	1408-04-13	Rāzhān	yerlesimler_sinir_dogu.js	timurlu	karakoyunlu	YOK	GUN-KAPALI/yalniz_taraf	1408-04-13 Serdrûd zaferi: Tebriz ve Azerbaycan Karakoyunlu'ya geçti [olaylar_ek7.js:206]	② TAVAN HAKKI	Serdrûd maddesi doğru olay; 36 nokta için BÖLGE CÜMLESİ (D208) — madde kendi ic_not'unda böyle beyan ediyor	KOORD-40 yerlesimler_sinir_kuzey.js @@-26 (Beri bitişi 1406-10-21→1408-04-13) + UMIT olaylar_ek7.js:205 (Aras maddesi yeniden yazıldı; eski metindeki '1351'den beri' kelimesi gitti)
TEBRIZ-1388 UMIT+KOORD-40	+	1408-04-13	Sakkız	yerlesimler.js	timurlu	karakoyunlu	YOK	GUN-KAPALI/yalniz_taraf	1408-04-13 Serdrûd zaferi: Tebriz ve Azerbaycan Karakoyunlu'ya geçti [olaylar_ek7.js:206]	② TAVAN HAKKI	Serdrûd maddesi doğru olay; 36 nokta için BÖLGE CÜMLESİ (D208) — madde kendi ic_not'unda böyle beyan ediyor	KOORD-40 yerlesimler_sinir_kuzey.js @@-26 (Beri bitişi 1406-10-21→1408-04-13) + UMIT olaylar_ek7.js:205 (Aras maddesi yeniden yazıldı; eski metindeki '1351'den beri' kelimesi gitti)
TEBRIZ-1388 UMIT+KOORD-40	+	1408-04-13	Sarıkamış	yerlesimler_ek28.js	timurlu	karakoyunlu	YOK	GUN-KAPALI/yalniz_taraf	1408-04-13 Serdrûd zaferi: Tebriz ve Azerbaycan Karakoyunlu'ya geçti [olaylar_ek7.js:206]	② TAVAN HAKKI	Serdrûd maddesi doğru olay; 36 nokta için BÖLGE CÜMLESİ (D208) — madde kendi ic_not'unda böyle beyan ediyor	KOORD-40 yerlesimler_sinir_kuzey.js @@-26 (Beri bitişi 1406-10-21→1408-04-13) + UMIT olaylar_ek7.js:205 (Aras maddesi yeniden yazıldı; eski metindeki '1351'den beri' kelimesi gitti)
TEBRIZ-1388 UMIT+KOORD-40	+	1408-04-13	Selmâs (Dilman)	yerlesimler.js	timurlu	karakoyunlu	YOK	GUN-KAPALI/yalniz_taraf	1408-04-13 Serdrûd zaferi: Tebriz ve Azerbaycan Karakoyunlu'ya geçti [olaylar_ek7.js:206]	② TAVAN HAKKI	Serdrûd maddesi doğru olay; 36 nokta için BÖLGE CÜMLESİ (D208) — madde kendi ic_not'unda böyle beyan ediyor	KOORD-40 yerlesimler_sinir_kuzey.js @@-26 (Beri bitişi 1406-10-21→1408-04-13) + UMIT olaylar_ek7.js:205 (Aras maddesi yeniden yazıldı; eski metindeki '1351'den beri' kelimesi gitti)
TEBRIZ-1388 UMIT+KOORD-40	+	1408-04-13	Sero	yerlesimler_sinir_dogu.js	timurlu	karakoyunlu	YOK	GUN-KAPALI/yalniz_taraf	1408-04-13 Serdrûd zaferi: Tebriz ve Azerbaycan Karakoyunlu'ya geçti [olaylar_ek7.js:206]	② TAVAN HAKKI	Serdrûd maddesi doğru olay; 36 nokta için BÖLGE CÜMLESİ (D208) — madde kendi ic_not'unda böyle beyan ediyor	KOORD-40 yerlesimler_sinir_kuzey.js @@-26 (Beri bitişi 1406-10-21→1408-04-13) + UMIT olaylar_ek7.js:205 (Aras maddesi yeniden yazıldı; eski metindeki '1351'den beri' kelimesi gitti)
TEBRIZ-1388 UMIT+KOORD-40	+	1408-04-13	Sultâniye	yerlesimler.js	timurlu	karakoyunlu	YOK	GUN-KAPALI/yalniz_taraf	1408-04-13 Serdrûd zaferi: Tebriz ve Azerbaycan Karakoyunlu'ya geçti [olaylar_ek7.js:206]	② TAVAN HAKKI	Serdrûd maddesi doğru olay; 36 nokta için BÖLGE CÜMLESİ (D208) — madde kendi ic_not'unda böyle beyan ediyor	KOORD-40 yerlesimler_sinir_kuzey.js @@-26 (Beri bitişi 1406-10-21→1408-04-13) + UMIT olaylar_ek7.js:205 (Aras maddesi yeniden yazıldı; eski metindeki '1351'den beri' kelimesi gitti)
TEBRIZ-1388 UMIT+KOORD-40	+	1408-04-13	Urmiye	yerlesimler.js	timurlu	karakoyunlu	YOK	GUN-KAPALI/yalniz_taraf	1408-04-13 Serdrûd zaferi: Tebriz ve Azerbaycan Karakoyunlu'ya geçti [olaylar_ek7.js:206]	② TAVAN HAKKI	Serdrûd maddesi doğru olay; 36 nokta için BÖLGE CÜMLESİ (D208) — madde kendi ic_not'unda böyle beyan ediyor	KOORD-40 yerlesimler_sinir_kuzey.js @@-26 (Beri bitişi 1406-10-21→1408-04-13) + UMIT olaylar_ek7.js:205 (Aras maddesi yeniden yazıldı; eski metindeki '1351'den beri' kelimesi gitti)
TEBRIZ-1388 UMIT+KOORD-40	+	1408-04-13	Şeyh Salû-yi Ulyâ	yerlesimler_sinir_dogu.js	timurlu	karakoyunlu	YOK	GUN-KAPALI/yalniz_taraf	1408-04-13 Serdrûd zaferi: Tebriz ve Azerbaycan Karakoyunlu'ya geçti [olaylar_ek7.js:206]	② TAVAN HAKKI	Serdrûd maddesi doğru olay; 36 nokta için BÖLGE CÜMLESİ (D208) — madde kendi ic_not'unda böyle beyan ediyor	KOORD-40 yerlesimler_sinir_kuzey.js @@-26 (Beri bitişi 1406-10-21→1408-04-13) + UMIT olaylar_ek7.js:205 (Aras maddesi yeniden yazıldı; eski metindeki '1351'den beri' kelimesi gitti)
LUGOS-KLAGENFURT UMIT+KOORD	+	1918-11-11	Lugos (Lugoj)	yerlesimler.js	macaristan-habsburg	macaristan-naiplik	YOK	GUN-KAPALI/yalniz_taraf	1918-11-03 Villa Giusti Mütarekesi — Avusturya-Macaristan silâh bıraktı, Trento ve Trieste İtalya'ya  [olaylar_ok109.js:121]	② TAVAN HAKKI	rejim değişimi (Habsburg→naiplik), konu Lugos değil; 45 kardeş birim	KOORD yerlesimler.js @@-499,8 +499,10 (Lugos zinciri) — UMIT diff'i 2sk'ya 0
LUGOS-KLAGENFURT UMIT+KOORD	+	1920-06-04	Lugos (Lugoj)	yerlesimler.js	macaristan-naiplik	romanya-kralligi	YOK	GUN-KAPALI/yalniz_taraf	1920-06-04 Trianon Antlaşması — Macaristan toprağının üçte ikisini kaybetti [olaylar_ok109.js:151]	① EKSİK MADDE · YER kapanışı ③ (kaynak bu yeri bu olayda ADIYLA anmıyor)	Trianon maddesi Erdel/Yukarı Macaristan diyor; Banat'ın Romanya'ya geçişi adıyla yok	KOORD yerlesimler.js @@-499,8 +499,10 (Lugos zinciri) — UMIT diff'i 2sk'ya 0
