slug	kaynak_kova	bolum_gevsek	kanit	atiflanan_tam_sluglar	kanit_yerleri
abaka-han	411	b	yok		
abdulkays	411	b	yok		
absu	482	b	yok		
adil-el-melikul-adil	411	b	yok		
adranos	482	b	yok		
agah-efendi	411	c	yok		
agathopolis	411	b	yok		
agvat	411	b	yok		
ahilkelek	482	c	yok		
ahmed-pasa-hekimoglu-ali-pasazade	411	b	yok		
ahmim	482	b	yok		
ahtabolu	411	b	yok		
ahtapolu	482	b	yok		
ahtopol	482	b	yok		
ahyolu	411	b	yok		
ak-mecit	482	b	yok		
akcadam	482	b	yok		
akcakale	482	b	yok		
akcakoca	482	b	yok		
akhalkalaki	482	b	yok		
akra	482	a	yok		
akyaka	482	b	yok		
akyazi	482	b	yok		
alaeddin-muhammed	411	b	yok		
alaeddin-muhammed-harizmsah	411	b	yok		
alan	411	c	yok		
alanlar	411	c	yok		
alanlar--kavim	411	b	yok		
alaska	411	a	yok		
aleksandropol	482	b	yok		
almeria	411	b	yok		
altin-orda	411	c	yok		
amasra	482	b	yok		
amedi	482	c	yok		
amid	411	c	yok		
ammar-ogullari	411	b	yok		
ammare	482	b	yok		
ammaroglu	411	b	yok		
ammarogullari	411	a	onek	ammarogullari--trablusgarp	data\devletler.js:7596(url:ammarogullari--trablusgarp);data\paket_05.js:7615(url:ammarogullari--trablusgarp)
amorgos	482	b	yok		
amul	482	c	yok		
amur	411	c	yok		
anadolu-hisari	482	b	yok		
anamur	482	b	yok		
andican	482	b	yok		
ane	482	c	yok		
angola	411	c	yok		
ani	482	a	yok		
ani--kale	411	c	yok		
ani--kars	411	c	yok		
ani--sehir	411	c	yok		
ani-sehri	411	c	yok		
antakira	411	b	yok		
antekera	411	b	yok		
antiphellos	482	b	yok		
apollonia	482	b	yok		
ardalan	411	c	yok		
arhavi	482	c	yok		
arik-boga	411	b	yok		
armutlu	482	b	yok		
arpacay	482	b	yok		
asante	411	a	yok		
asanti	411	c	yok		
askale	482	c	yok		
assos	482	c	yok		
astara	482	c	yok		
astipalya	482	b	yok		
atfih	482	b	yok		
atsiz	411	c	yok		
ayamavra-lefkada	411	b	yok		
aydos-kalesi	482	b	yok		
aygun-antlasmasi	411	b	yok		
ayn-el-arab	482	b	yok		
aynicalut	411	b	yok		
ayvalik	482	c	yok		
azatli	482	b	yok		
azaz	482	b	yok		
azez	482	b	yok		
babu	482	c	yok		
bacirge	482	c	yok		
baduspaniler	411	b	yok		
balear	411	c	yok		
balear-adalari	411	c	yok		
balear-adalari--	411	b	yok		
balikli	482	b	yok		
balta-limani-ticaret-antlasmasi	411	b	yok		
baltim	482	b	yok		
banat	411	c	yok		
bane	482	c	yok		
barfurus	482	b	yok		
bargiri	482	c	yok		
baskale	482	c	yok		
batnoz	482	b	yok		
behbehan	482	b	yok		
behnesa	482	b	yok		
behramkale	482	c	yok		
behsehr	482	b	yok		
bem	482	c	yok		
bempur	482	b	yok		
bender-abbas	482	c	yok		
bender-enzeli	482	b	yok		
bender-lengeh	482	b	yok		
bender-rig	482	b	yok		
beni-ganiye	411	b	yok		
beni-hazrun	411	b	yok		
beni-suveyf	482	b	yok		
benu-ammar	411	b	yok		
benu-hurasan	411	b	yok		
benu-mehdi	411	c	yok		
benu-numeyr	411	b	yok		
berdea	411	b	yok		
bergavata-devleti	411	b	yok		
bergavatalilar	411	b	yok		
beri	482	c	yok		
bicar	482	b	yok		
biga	482	c	yok		
bilbis	482	c	yok		
bircend	482	b	yok		
birlikkoy	482	b	yok		
biskra	411	c	yok		
biskre	411	b	yok		
bistam	482	c	yok		
bocnurd	482	b	yok		
bolayir	482	c	yok		
borcka	482	c	yok		
botsvana	411	c	yok		
bozuyuk	482	c	yok		
brasov	411	a	yok		
brest-litovsk-antlasmasi	411	c	yok		
burgaz	411	c	yok		
burgonya	411	c	yok		
buriler	411	c	yok		
burucird	482	c	yok		
burullus	482	b	yok		
burundi	411	c	yok		
busehr	482	b	yok		
butrint	411	c	yok		
butrinto	411	b	yok		
cahbahar	482	b	yok		
caka-beyligi	411	b	yok		
caldiran	482	c	yok		
canak-krizi	411	b	yok		
carsamba	482	b	yok		
cask	482	b	yok		
catalca	482	c	yok		
cehrom	482	b	yok		
cemisgezek	482	c	yok		
cenevizliler	411	c	yok		
cenova	482	c	yok		
cerablus	482	c	yok		
ceylanpinar	482	b	yok		
cezair-i-sarkiye	411	b	yok		
cezair-i-sarkiyye	411	b	yok		
cezayir-i-sarkiyye	411	b	yok		
ceziretul-hadra	411	b	yok		
ceziretulhadra	411	b	yok		
cibri	482	b	yok		
cicel	411	c	yok		
cicelli	411	c	yok		
cimpe	482	c	yok		
cirge	482	c	yok		
ciruft	482	b	yok		
cizzah	482	b	yok		
corlu	482	b	yok		
cubuk	411	c	yok		
cubuk-bey	411	b	yok		
cubukoglu	411	c	yok		
cubukoglu-mehmed	411	b	yok		
cubukogullari	411	c	yok		
cubukogullari-beyligi	411	c	yok		
cubukogullari-harput	411	c	yok		
culfa	482	c	yok		
culfar	482	b	yok		
cumai	482	b	yok		
dahlak	411	c	yok		
damanhur	482	b	yok		
damgan	482	b	yok		
darab	482	c	yok		
darende	482	c	yok		
darvaz	482	b	yok		
datca	482	b	yok		
dayr-al-kamer	482	b	yok		
dayr-al-qamar	411	b	yok		
dedeagac	411	b	yok		
demenhur	482	b	yok		
demirkoy	482	b	yok		
derbend	411	a	onek	derbend--dagistan	data\d_sinirlar_komsu.js:45(url:derbend--dagistan);data\d_sinirlar_komsu.js:46(url:derbend--dagistan);data\paket_28.js:868(url:derbend--dagistan)
derbent	411	c	yok		
derekoy	482	b	yok		
derik	482	c	yok		
dessuk	482	b	yok		
devrek	482	b	yok		
deyrulkamer	482	b	yok		
deyrut	482	b	yok		
digor	482	b	yok		
dilman	482	b	yok		
dimbos	482	b	yok		
dimesk	411	b	yok		
divan-i-harb-i-orfi	411	b	yok		
divaniye	482	b	yok		
diyarbekir	411	c	yok		
domanic	482	c	yok		
don-kazaklari	411	c	yok		
don-nehri	411	b	yok		
dortyol	482	c	yok		
duhok	482	b	yok		
dukak	411	b	yok		
dvin	411	c	yok		
ebiverd	482	b	yok		
ebrekuh	482	b	yok		
ebu-abdullah-es-sagir	411	b	yok		
ebu-abdullah-muhammed-es-sagir	411	b	yok		
ebu-faris	411	b	yok		
ebu-faris-abdulaziz	411	b	yok		
ebu-faris-abdulaziz-el-mutevekkil	411	b	yok		
ebul-haccac-yusuf	411	b	yok		
ebul-hasan-ali-b-sad	411	b	yok		
eceabat	482	b	yok		
ecmiyadzin	482	b	yok		
ecmiyazin	411	c	yok		
edfu	482	b	yok		
edremit	482	c	yok		
eflani	482	b	yok		
egil	411	c	yok		
egirdir	482	b	yok		
egrigoz	482	b	yok		
el-ahsa	411	b	yok		
el-aris	482	b	yok		
elcezairu-s-sarkiyye	411	b	yok		
elhamra	411	c	yok		
elhamra--saray	411	b	yok		
elhova	482	b	yok		
elhovo	482	b	yok		
elmali	482	b	yok		
emet	482	c	yok		
enez	482	c	yok		
entekire	411	b	yok		
erak	482	c	yok		
ercis	482	c	yok		
erdek	482	c	yok		
erdekan	482	b	yok		
erdelan	411	c	yok		
erdelanlilar	411	b	yok		
erdelanogullari	411	b	yok		
erdistan	482	b	yok		
ergani	411	b	yok		
ermenek	482	b	yok		
ermeni	411	c	yok		
ermeni-derbendi	482	b	yok		
ermeni-meselesi	411	c	yok		
ermeni-patrikhanesi	411	c	yok		
ermeniler	411	c	yok		
ermenistan	411	c	yok		
ermeniyye	411	b	yok		
erzen	411	b	yok		
erzin	482	a	onek	erzincan	data\kronoloji_cok_1dunya_B.js:49(url:erzincan);data\kronoloji_cok_1dunya_B.js:81(url:erzincan);data\paket_09.js:1460(url:erzincan)
erzurum-antlasmasi	411	c	yok		
esendere	482	b	yok		
esferayin	482	b	yok		
eskihisar	482	b	yok		
esna	482	a	yok		
estonya	411	c	yok		
evliya-ata	482	c	yok		
eçmiyazin	411	b	yok		
fakia	482	c	yok		
fakus	482	c	yok		
fav	482	c	yok		
felluce	482	b	yok		
ferahabad	482	b	yok		
feres	482	b	yok		
ferhad-pasa-antlasmasi	411	c	yok		
fersut	482	b	yok		
fesa	482	c	yok		
fethiye	482	c	yok		
feyzabad	482	b	yok		
finike	482	b	yok		
firuzabad	482	b	yok		
firuzkuh	482	b	yok		
fornoz	482	b	yok		
fourni	482	b	yok		
fumbina	411	b	yok		
gambiya	411	c	yok		
gamrun	482	b	yok		
gane-devleti	411	b	yok		
ganiyeogullari	411	b	yok		
gattilusio	411	b	yok		
gebze	482	c	yok		
gemlik	482	b	yok		
gever	482	b	yok		
geyve	482	c	yok		
girga	482	b	yok		
girit-savasi	411	b	yok		
goksun	482	c	yok		
golkoy	482	c	yok		
golyazi	482	b	yok		
gorabi	482	b	yok		
gregoryen	411	b	yok		
guclu	482	c	yok		
gulpaygan	482	b	yok		
gumru	482	c	yok		
gumru-antlasmasi	411	c	yok		
guney-afrika	411	c	yok		
gurun	482	c	yok		
habsamana	482	c	yok		
haci-sedd-ahmed	411	b	yok		
hacli	411	a	yok		
hacli-seferleri	411	b	yok		
halepce	482	b	yok		
halhal	482	b	yok		
halki	482	c	yok		
hamdanogullari	411	b	yok		
hamdullahi	411	c	yok		
hamme-granada	411	b	yok		
han-yunus	482	b	yok		
hanak	482	b	yok		
hanekin	482	b	yok		
harmankaya	482	b	yok		
harput-artuklulari	411	b	yok		
has	482	a	yok		
hasanveyhiler	411	b	yok		
hasenveyhiler	411	b	yok		
hasimiler	411	c	yok		
hasneveyhiler	411	b	yok		
hasnuyeler	411	b	yok		
hausalar	411	b	yok		
haviza	482	b	yok		
havsa	482	b	yok		
hazarasp	482	c	yok		
hazaraspiler	411	c	yok		
hazrunogullari-trablus	411	b	yok		
hemdaniler--yemen	411	b	yok		
herceg-novi	411	c	yok		
hereke	482	c	yok		
herke	482	c	yok		
hersek-novi	411	b	yok		
hevsalar	411	b	yok		
himu	482	c	yok		
hincak	411	c	yok		
hincakyan	411	b	yok		
hind	411	a	yok		
hint-okyanusu	411	c	yok		
hisar	482	c	yok		
hisn-i-mansur	482	b	yok		
hit	482	c	yok		
hitay	411	c	yok		
hitaylar	411	c	yok		
hive	482	c	yok		
hiyav	482	b	yok		
hocend	411	b	yok		
hopa	482	c	yok		
horog	482	c	yok		
hosap	482	b	yok		
hovhannes	411	b	yok		
hulo	482	c	yok		
humus	482	c	yok		
hurmuz-adasi	482	b	yok		
hypsu	482	b	yok		
ibn-ammar	411	c	yok		
ibn-mervan	411	b	yok		
ibn-mukarreb	411	b	yok		
ibnul-hatib-lisaneddin	411	b	yok		
ibnul-mukarrab	411	b	yok		
ibnul-mukarreb	411	b	yok		
ibrim	482	c	yok		
ife	411	c	yok		
igdir	482	b	yok		
igneada	482	b	yok		
ikarya	482	c	yok		
ileryoz	482	b	yok		
ilgin	482	c	yok		
ilorin	411	c	yok		
ilyaki	482	b	yok		
imadeddin-zengi	411	b	yok		
imadeddin-zengi-i	411	b	yok		
imadiye	482	c	yok		
imadueddin-zengi	411	b	yok		
imereti	411	a	yok		
imrali-adasi	482	b	yok		
incirli	482	c	yok		
inebahti-savasi	411	c	yok		
inegol	482	b	yok		
ioannes-viii	411	b	yok		
ipsala	482	c	yok		
irak	411	a	onek	irak--ulke	data\d_sinirlar_komsu.js:52(url:irak--ulke);data\paket_28.js:875(url:irak--ulke)
isficab	482	c	yok		
ishakli	482	c	yok		
iskasim	482	b	yok		
iskefsir	482	b	yok		
ismail-i-safevi	411	b	yok		
istanbul-antlasmasi	411	c	yok		
istanbulya	482	b	yok		
istendil	411	c	yok		
istranca	411	b	yok		
izzeddin-keykavus-i	411	b	yok		
jadla	482	b	yok		
kafrusseyh	482	b	yok		
kaheti	411	c	yok		
kahetya	411	b	yok		
kahta	482	b	yok		
kain	482	b	yok		
kala-i-hum	482	b	yok		
kala-i-pence	482	b	yok		
kala-i-vamar	482	b	yok		
kale-i-sultaniye-antlasmasi	411	b	yok		
kalei-sultaniye-antlasmasi	411	b	yok		
kalimnos	482	b	yok		
kalka	411	c	yok		
kalka-savasi	411	b	yok		
kamil-el-melikul-kamil	411	b	yok		
kandira	482	b	yok		
kanem	411	c	yok		
kara-hitaylar	411	b	yok		
karabiga	482	b	yok		
karacabey	482	b	yok		
karacahisar	482	c	yok		
karacepus	482	b	yok		
karadeniz-eregli	482	b	yok		
karahisar-i-sahib	482	b	yok		
karahisar-i-sarki	482	c	yok		
karakurum	482	c	yok		
karamursel	482	b	yok		
karatigin	482	b	yok		
karlofca-antlasmasi	411	c	yok		
karlofca-antlasmasi-1699	411	b	yok		
karpuzlu	482	c	yok		
kars-antlasmasi	411	c	yok		
kartli	411	a	yok		
kas	482	a	yok		
kasmer	482	b	yok		
kasr-i-sirin	482	c	yok		
kasr-i-sirin-antlasmasi	411	c	yok		
kasrisirin	411	c	yok		
katvan-savasi	411	b	yok		
katye	482	c	yok		
kazak	411	a	yok		
kazak-ozu	411	b	yok		
kazaklar--kozak	411	b	yok		
kazerun	482	b	yok		
kazikli-voyvoda	411	b	yok		
kelat-i-nadiri	482	b	yok		
kelemez	482	b	yok		
kelkit	482	c	yok		
kerak	482	b	yok		
kerayit	411	c	yok		
kerayitler	411	c	yok		
kerbugaogullari	411	b	yok		
kerek-sevbek	411	b	yok		
kereyitler	411	c	yok		
kert-hanedani	411	c	yok		
kertler	411	c	yok		
kesan	482	c	yok		
kestel	482	b	yok		
kete	482	c	yok		
khorog	482	b	yok		
kiev	482	c	yok		
kifri	482	b	yok		
kigi	411	b	yok		
kiklad-adalari	411	c	yok		
kilic-timar	411	c	yok		
kilikya	411	c	yok		
kilitbahir	482	c	yok		
kios	482	c	yok		
kirim-hanligi	411	c	yok		
kirim-harbi	411	c	yok		
kirim-savasi	411	c	yok		
kirim-savasi-1853-1856	411	c	yok		
kis	482	a	yok		
kish	482	c	yok		
kism	482	c	yok		
kitanlar	411	c	yok		
kite	482	c	yok		
kizilarvat	482	b	yok		
klicatak	482	b	yok		
kobani	482	b	yok		
kofcaz	482	b	yok		
kokburi	411	b	yok		
kollo	411	b	yok		
komnenler	411	b	yok		
kongo	411	c	yok		
konurapa	482	b	yok		
kopruhisar	482	b	yok		
kore	411	c	yok		
kotdivuar	411	b	yok		
kotor	411	c	yok		
kotur	482	c	yok		
kozara	411	b	yok		
krasnovodsk	411	b	yok		
kuba	411	a	yok		
kubilay	411	c	yok		
kucan	482	b	yok		
kucukperveli	482	b	yok		
kudus-latin-kralligi	411	b	yok		
kufkaynapinari	482	b	yok		
kulab	482	b	yok		
kulacahisar	482	b	yok		
kull	411	a	yok		
kulob	482	b	yok		
kum-ombo	482	b	yok		
kumciftligi	482	b	yok		
kumkapi	411	b	yok		
kumkapi-hadisesi	411	b	yok		
kurdistan	411	c	yok		
kurne	482	b	yok		
kurt-hanedani	411	b	yok		
kurtlar	411	c	yok		
kus	482	a	yok		
kusadasi	482	c	yok		
kusayr	482	c	yok		
kut	411	a	onek	kutulamare	data\kronoloji_cok_1dunya_B.js:39(url:kutulamare);data\kronoloji_cok_1dunya_B.js:40(url:kutulamare);data\kronoloji_cok_1dunya_B.js:41(url:kutulamare)
kut-el-amare	482	b	yok		
kut-ul-amare	411	b	yok		
kutaisi	482	c	yok		
kutbeddin-mevdud	411	b	yok		
kutsal-ittifak	411	c	yok		
kuzey-kore	411	b	yok		
ladik	482	c	yok		
lagvat	411	b	yok		
lalapasa	482	b	yok		
lalibela	411	c	yok		
lalkovo	482	b	yok		
laos	411	c	yok		
laskarisler	411	b	yok		
leblebicihisar	482	b	yok		
lefkada	411	c	yok		
lefke	482	b	yok		
lenkeran	482	c	yok		
leros	482	c	yok		
leton	411	c	yok		
letonya	411	c	yok		
levse	411	c	yok		
lindos	482	b	yok		
lisaneddin-ibnul-hatib	411	b	yok		
litvanya	411	c	yok		
livonya	411	c	yok		
luksor	482	b	yok		
lur	411	c	yok		
m-kemalpasa	482	b	yok		
mahabad	482	b	yok		
mahalletulkubra	482	b	yok		
mahmudabad	482	b	yok		
mahmudi	482	c	yok		
makhalakauri	482	b	yok		
makri	482	c	yok		
malak-dervent	482	b	yok		
malazgirt-savasi	411	b	yok		
malika	411	c	yok		
malikiye	482	b	yok		
malkara	482	c	yok		
malko-tirnova	482	b	yok		
malta-surgunleri	411	b	yok		
manama	482	b	yok		
mansure	482	c	yok		
manuel-ii	411	b	yok		
mapungubwe	411	c	yok		
marmara-adasi	482	c	yok		
marmaracik	482	b	yok		
marmaris	482	c	yok		
maydos	482	a	yok		
mayorka	411	c	yok		
mehdiler	411	c	yok		
mehdiler-yemen	411	b	yok		
mehdiye	482	c	yok		
mekece	482	b	yok		
meliksah	411	b	yok		
melikshah	411	b	yok		
melile	411	c	yok		
mellevi	482	b	yok		
mengu	411	c	yok		
mengu-han	411	b	yok		
mengu-kaan	411	b	yok		
mengucek-gazi	411	c	yok		
mengucekliler	411	c	yok		
mengucekogullari	411	c	yok		
mengucukogullari	411	c	yok		
menorka	411	b	yok		
mentese-ogullari	411	b	yok		
menufiye	482	b	yok		
menurka	411	b	yok		
menzile	482	c	yok		
mercidabik	411	a	onek	mercidabik-muharebesi	data\kronoloji_memluk.js:336(url:mercidabik-muharebesi);data\kronoloji_memluk.js:346(tdv:mercidabik-muharebesi);data\paket_07.js:341(url:mercidabik-muharebesi)
mercidabik-savasi	411	b	yok		
mercihamis	482	b	yok		
merend	482	c	yok		
merivan	482	b	yok		
meriyye	411	b	yok		
mersa-matruh	482	b	yok		
mervani	411	c	yok		
mervani-hanedani	411	b	yok		
mervaniler	411	c	yok		
mervaniler-diyarbekir	411	b	yok		
mervaniler-hanedani	411	b	yok		
mervanoglu	411	b	yok		
mervanoglullari	411	b	yok		
mervanogullari	411	b	yok		
meskinsehr	482	b	yok		
mesudiye	482	c	yok		
meyurka	411	b	yok		
midyat	482	c	yok		
mihalic	482	b	yok		
mililla	411	b	yok		
millet-sistemi	411	b	yok		
minab	482	c	yok		
minorka	411	b	yok		
minorka--	411	b	yok		
minurka	411	b	yok		
minye	482	b	yok		
misivri	411	b	yok		
mit-gamr	482	b	yok		
miyandoab	482	c	yok		
miyane	482	c	yok		
miyorka	411	b	yok		
mogol-imparatorlugu	411	c	yok		
molova	482	b	yok		
molyvos	482	b	yok		
mosi	411	c	yok		
mossi	411	c	yok		
mostaganim	411	b	yok		
mudanya	482	c	yok		
mudros-mutarekesi	411	b	yok		
mudurnu	482	b	yok		
muhammed-ez-zagal	411	b	yok		
muhammed-v-nasri	411	b	yok		
muhammere	482	c	yok		
mukriyan	411	b	yok		
munbic	482	b	yok		
munkiz-ogullari	411	c	yok		
munkizogullari	411	c	yok		
muradiye	482	b	yok		
murgab	482	b	yok		
murvaneti	482	c	yok		
mustafapasa	482	b	yok		
mustaganem	411	b	yok		
musul	482	c	yok		
musul--sehir	411	c	yok		
musul-atabegligi	411	b	yok		
musul-lulu	411	b	yok		
musul-meselesi	411	b	yok		
musul-sehir	411	b	yok		
muzafferuddin-kokburi	411	b	yok		
nahseb	482	b	yok		
nain	482	b	yok		
naksa-dukaligi	411	c	yok		
narin	482	c	yok		
naryn	482	b	yok		
nasiriye	482	c	yok		
nasruddevle-ibn-mervan	411	b	yok		
nayman	411	c	yok		
naymanlar	411	c	yok		
nerses	411	b	yok		
nesa	482	c	yok		
nihavend	482	c	yok		
nikarya	482	c	yok		
nisabur	482	b	yok		
nisiros	482	b	yok		
nizariler	411	b	yok		
norapat	482	b	yok		
nri	411	c	yok		
numeyr	411	c	yok		
numeyriler	411	b	yok		
numeyrogullari	411	b	yok		
nupe	411	b	yok		
nureddin-mahmud-b-zengi	411	b	yok		
nureddin-mahmud-zengi	411	b	yok		
nureddin-zengi	411	b	yok		
ogedey	411	c	yok		
ong-han	411	c	yok		
ordubad	482	c	yok		
orestiada	482	b	yok		
orhaneli	482	b	yok		
orsova	411	c	yok		
osetya	411	b	yok		
osmaneli	482	b	yok		
osmanli-bankasi	411	c	yok		
osmanli-bankasi-baskini	411	b	yok		
otrar	482	c	yok		
ozalp	482	b	yok		
ozdemiroglu-osman-pasa	411	b	yok		
palermo	482	c	yok		
palu	482	c	yok		
pamir	482	c	yok		
pamirski-post	482	b	yok		
parga	411	c	yok		
patmos	482	b	yok		
payas	482	b	yok		
pazaryeri	482	c	yok		
pelekanon	482	c	yok		
perovsk	482	c	yok		
pertev-mehmed-pasa	411	b	yok		
pinarbasi	482	b	yok		
portsaid	482	c	yok		
posof	482	b	yok		
preveze	411	c	yok		
qattinah	482	b	yok		
qeshm	482	b	yok		
rafsencan	482	b	yok		
ramadi	482	c	yok		
ramhurmuz	482	b	yok		
ras-el-hayme	482	b	yok		
ravvadiler	411	b	yok		
razhan	482	b	yok		
resadiye	482	c	yok		
resid	482	c	yok		
rest	482	c	yok		
revanduz	411	b	yok		
rewandiz	482	b	yok		
rezovo	482	b	yok		
rezve	482	b	yok		
roma	482	a	yok		
rosetta	482	b	yok		
rubeniler	411	b	yok		
rumeli-hisari	482	c	yok		
rusan	482	c	yok		
sahalin	411	c	yok		
saho-oranj	411	b	yok		
saho-sandriver	411	b	yok		
saho-transvaal	411	b	yok		
saho-venda	411	b	yok		
sakiz	482	c	yok		
sakiz--iran	411	b	yok		
sakkiz	482	b	yok		
sakra	482	c	yok		
salihiyye	482	b	yok		
sallariler	411	b	yok		
salyan	482	c	yok		
sam	482	a	yok		
samandira	482	b	yok		
samhal	411	c	yok		
santorini	411	b	yok		
sarab	482	c	yok		
sardasht	482	b	yok		
sarikamis	482	a	onek	sarikamis-harekati	data\kronoloji_cok_1dunya_B.js:20(url:sarikamis-harekati);data\kronoloji_cok_1dunya_B.js:30(url:sarikamis-harekati);data\paket_09.js:1431(url:sarikamis-harekati)
sarikol	482	b	yok		
sarkiye	482	b	yok		
sarkoy	482	c	yok		
sarp	482	c	yok		
sason	411	c	yok		
sason-isyani	411	b	yok		
sasun	411	c	yok		
save	482	c	yok		
savsat	482	b	yok		
savucbulak	482	c	yok		
saylica	482	b	yok		
sayram	482	c	yok		
sayzer	411	b	yok		
sebankare	411	b	yok		
sebankare-atabegleri	411	b	yok		
sebankareler	411	b	yok		
sebankareliler	411	b	yok		
seface	482	b	yok		
segesvar	411	b	yok		
sehrisebz	482	b	yok		
sehrizor-eyaleti	411	b	yok		
sellum	482	b	yok		
selmas	482	c	yok		
semave	482	b	yok		
semdinli	482	c	yok		
semdinni	482	b	yok		
semerkant-savasi	411	b	yok		
sencer-sah	411	b	yok		
senendec	482	c	yok		
serdest	482	b	yok		
sero	482	c	yok		
serur	482	c	yok		
seydu-umer	411	b	yok		
seyh-salu-yi-ulya	482	b	yok		
seyhrumi	482	b	yok		
sharur	482	b	yok		
sibenik	411	c	yok		
sibinulkum	482	b	yok		
sibirya	411	c	yok		
signak	482	c	yok		
silivri	482	c	yok		
silopi	482	c	yok		
simav	482	c	yok		
simi	482	c	yok		
sin-sehri	411	b	yok		
sincar	482	b	yok		
sine	482	a	yok		
sinj	411	c	yok		
sircan	482	b	yok		
siverek	482	b	yok		
sizebolu	411	b	yok		
smolensk	411	c	yok		
sofale	411	b	yok		
sofulu	482	b	yok		
soke	482	c	yok		
sokmen-el-kutbi	411	b	yok		
sombeki	482	b	yok		
soufli	482	b	yok		
sozak	482	b	yok		
split	411	c	yok		
sterna	482	c	yok		
sultan-osman	411	c	yok		
sultanabad	482	b	yok		
sultaniye	482	c	yok		
sunak-kurgan	482	b	yok		
sur	482	a	onek	suriye	data\kronoloji_cok_1923_1945.js:225(url:suriye);data\kronoloji_cok_1923_1945.js:374(url:suriye);data\kronoloji_cok_1923_1945.js:2716(url:suriye)
suruc	482	b	yok		
susa	482	c	yok		
suser	482	b	yok		
suzak	482	c	yok		
svilengrad	482	c	yok		
tahmasb-i	411	c	yok		
tahta	482	a	yok		
tamesvar	411	b	yok		
tangutlar	411	c	yok		
tanta	482	c	yok		
taraz	482	c	yok		
taskurgan	482	b	yok		
tasnak	411	c	yok		
tavri	482	c	yok		
tavsanli	482	b	yok		
tayang-han	411	c	yok		
taşnak	411	b	yok		
tekis	411	c	yok		
telafer	482	b	yok		
terme	482	c	yok		
termez	482	c	yok		
tilos	482	b	yok		
tirnova	482	b	yok		
tirwanish	482	b	yok		
tobolsk	411	b	yok		
tsqaltbila	482	b	yok		
tuaregler	411	b	yok		
tugrulsah	411	b	yok		
tur	482	a	onek	turkiye|turkmenistan	data\kronoloji_cok_1923_1945.js:77(url:turkiye);data\kronoloji_cok_1923_1945.js:180(url:turkmenistan);data\kronoloji_cok_1923_1945.js:417(url:turkiye)
turbet-i-cam	482	b	yok		
turbet-i-haydariye	482	b	yok		
turkmencay-antlasmasi	411	c	yok		
tursiz	482	b	yok		
tutus-b-alparslan	411	b	yok		
tuz-hurmatu	482	b	yok		
tuzhurmatu	411	b	yok		
tyre	482	c	yok		
uceyr	482	b	yok		
ugedey	411	b	yok		
ukayr	482	c	yok		
uksur	482	b	yok		
ulubat	482	c	yok		
uluborlu	482	b	yok		
ulukisla	482	c	yok		
ulukoy	482	b	yok		
umer-tal	411	b	yok		
umur-fakih	482	b	yok		
una	411	a	yok		
unye	482	c	yok		
upper-volta	411	b	yok		
usfuriler	411	c	yok		
usfurlular	411	b	yok		
uyuniler	411	c	yok		
uyunogullari	411	b	yok		
uzunkopru	482	c	yok		
vadias	411	b	yok		
vahan	482	c	yok		
vietnam	411	c	yok		
vietnam-sosyalist-cumhuriyeti	411	b	yok		
vize	482	c	yok		
vize--kaza	411	b	yok		
vize-kazasi	411	b	yok		
yafuriler	411	b	yok		
yalvac	482	b	yok		
yamurgi	482	b	yok		
yarhisar	482	b	yok		
yemen-hemdanileri	411	b	yok		
yeni-cami--eminonu	411	b	yok		
yeni-urgenc	482	b	yok		
yenikarpuzlu	482	b	yok		
yesi	482	c	yok		
yezd-atabegleri	411	c	yok		
yoruba	411	c	yok		
yucelen	482	b	yok		
yuksekova	482	b	yok		
yumurtalik	482	c	yok		
yurtbagi	482	b	yok		
yusuf-agah	411	c	yok		
yusuf-agah-efendi	411	c	yok		
yusuf-i	411	b	yok		
yusuf-i-nasri	411	b	yok		
zadar	411	c	yok		
zagal	411	c	yok		
zagveler	411	b	yok		
zahir-gazi	411	b	yok		
zaho	482	b	yok		
zamanti	482	a	yok		
zaporog-kazaklari	411	c	yok		
zaporojye	411	c	yok		
zazalo	482	c	yok		
zengi	411	a	onek	zengibar	data\kronoloji_cok_1923_1945.js:1883(url:zengibar);data\kronoloji_cok_1923_1945.js:3433(url:zengibar)
zengi-imadueddin	411	b	yok		
zeytun	411	c	yok		
zeytun-isyani	411	b	yok		
zuhab	411	c	yok		
zulu	411	c	yok		
