kova	olu_slug	eylul_arama	eylul_adaylar	bugun_adaylar	dusen_adaylar	yeni_adaylar	bugun_gecerli_adaylar	kendini_dondurdu	arama_kod	sayi_degisimi	not
ONCE1281-YERLESIM	absu	0						0	200		
ONCE1281-YERLESIM	adranos	0						0	200		
ONCE1281-YERLESIM	ahilkelek	0						0	200		
ONCE1281-YERLESIM	ahmim	0						0	200		
ONCE1281-YERLESIM	ahtapolu	0						0	200		
ONCE1281-YERLESIM	ahtopol	0						0	200		
ONCE1281-YERLESIM	ak-mecit	0						0	200		
ONCE1281-YERLESIM	akcadam	0						0	200		
ONCE1281-YERLESIM	akcakale	0						0	200		
ONCE1281-YERLESIM	akcakoca	0						0	200		
ONCE1281-YERLESIM	akhalkalaki	0						0	200		
ONCE1281-YERLESIM	akra	1	akraba|mudebbec|rada	akraba|mudebbec|rada			akraba|mudebbec|rada	0	200		
ONCE1281-YERLESIM	akyaka	0						0	200		
ONCE1281-YERLESIM	akyazi	0						0	200		
ONCE1281-YERLESIM	aleksandropol	0						0	200		
ONCE1281-YERLESIM	amasra	0						0	200		
ONCE1281-YERLESIM	amedi	0						0	200		
ONCE1281-YERLESIM	ammare	0						0	200		
ONCE1281-YERLESIM	amorgos	0						0	200		
ONCE1281-YERLESIM	amul	1	carcuy|haydar-el-amuli	carcuy|haydar-el-amuli			carcuy|haydar-el-amuli	0	200		
ONCE1281-YERLESIM	anadolu-hisari	0						0	200		
ONCE1281-YERLESIM	anamur	0						0	200		
ONCE1281-YERLESIM	andican	0						0	200		
ONCE1281-YERLESIM	ane	1	asa|enisul-kulub|ibnul-musenna	asa|enisul-kulub|ibnul-musenna|muellif/helga-anetshofer		muellif/helga-anetshofer	asa|enisul-kulub|ibnul-musenna	0	200	3→4	
ONCE1281-YERLESIM	ani	0		muvelledun--arap-edebiyati|salatu-selam|seytanuttak|suleyman-b-cerir		muvelledun--arap-edebiyati|salatu-selam|seytanuttak|suleyman-b-cerir	muvelledun--arap-edebiyati|salatu-selam|seytanuttak|suleyman-b-cerir	0	200	0→4	
ONCE1281-YERLESIM	antiphellos	0						0	200		
ONCE1281-YERLESIM	apollonia	0						0	200		
ONCE1281-YERLESIM	arhavi	0						0	200		
ONCE1281-YERLESIM	armutlu	0						0	200		
ONCE1281-YERLESIM	arpacay	0						0	200		
ONCE1281-YERLESIM	askale	0						0	200		
ONCE1281-YERLESIM	assos	0						0	200		
ONCE1281-YERLESIM	astara	0						0	200		
ONCE1281-YERLESIM	astipalya	0						0	200		
ONCE1281-YERLESIM	atfih	0						0	200		
ONCE1281-YERLESIM	aydos-kalesi	0						0	200		
ONCE1281-YERLESIM	ayn-el-arab	0						0	200		
ONCE1281-YERLESIM	ayvalik	0						0	200		
ONCE1281-YERLESIM	azatli	0						0	200		
ONCE1281-YERLESIM	azaz	0						0	200		
ONCE1281-YERLESIM	azez	0						0	200		
ONCE1281-YERLESIM	babu	1	darussaade|derbend--dagistan|el-kamusul-muhit|ibn-babeveyh-ebul-hasan	darussaade|derbend--dagistan|el-kamusul-muhit|ibn-babeveyh-ebul-hasan			darussaade|derbend--dagistan|el-kamusul-muhit|ibn-babeveyh-ebul-hasan	0	200		inmis_kapsayici
ONCE1281-YERLESIM	bacirge	0						0	200		
ONCE1281-YERLESIM	balikli	0						0	200		
ONCE1281-YERLESIM	baltim	0						0	200		
ONCE1281-YERLESIM	bane	1	kasidetul-burde--kab-b-zuheyr	kasidetul-burde--kab-b-zuheyr			kasidetul-burde--kab-b-zuheyr	0	200		
ONCE1281-YERLESIM	barfurus	0						0	200		
ONCE1281-YERLESIM	bargiri	0						0	200		
ONCE1281-YERLESIM	baskale	0						0	200		
ONCE1281-YERLESIM	batnoz	0						0	200		
ONCE1281-YERLESIM	behbehan	0						0	200		
ONCE1281-YERLESIM	behnesa	0						0	200		
ONCE1281-YERLESIM	behramkale	0						0	200		
ONCE1281-YERLESIM	behsehr	0						0	200		
ONCE1281-YERLESIM	bem	0						0	200		
ONCE1281-YERLESIM	bempur	0						0	200		
ONCE1281-YERLESIM	bender-abbas	0						0	200		
ONCE1281-YERLESIM	bender-enzeli	0						0	200		
ONCE1281-YERLESIM	bender-lengeh	0						0	200		
ONCE1281-YERLESIM	bender-rig	0						0	200		
ONCE1281-YERLESIM	beni-suveyf	0						0	200		
ONCE1281-YERLESIM	beri	1	berid|beridiler|camia-milliye-islamiye|et-tarikatul-muhammediyye|menzil--osmanli|muattila|muhammed-b-gazi|peyk|ulak	berid|beridiler|camia-milliye-islamiye|et-tarikatul-muhammediyye|muattila|muhammed-b-gazi	menzil--osmanli|peyk|ulak		berid|beridiler|camia-milliye-islamiye|et-tarikatul-muhammediyye|muattila|muhammed-b-gazi	0	200	9→6	inmis_kapsayici
ONCE1281-YERLESIM	bicar	0						0	200		
ONCE1281-YERLESIM	biga	1	zina	zina			zina	0	200		
ONCE1281-YERLESIM	bilbis	0						0	200		
ONCE1281-YERLESIM	bircend	1	bircendi	bircendi			bircendi	0	200		
ONCE1281-YERLESIM	birlikkoy	0						0	200		
ONCE1281-YERLESIM	bistam	1	bayezid-i-bistami|musannifek	bayezid-i-bistami|musannifek			bayezid-i-bistami|musannifek	0	200		
ONCE1281-YERLESIM	bocnurd	0						0	200		
ONCE1281-YERLESIM	bolayir	1	bolayir-ali-ekrem	bolayir-ali-ekrem			bolayir-ali-ekrem	0	200		inmis_kapsayici
ONCE1281-YERLESIM	borcka	0						0	200		
ONCE1281-YERLESIM	bozuyuk	0						0	200		
ONCE1281-YERLESIM	burucird	0						0	200		
ONCE1281-YERLESIM	burullus	0						0	200		
ONCE1281-YERLESIM	busehr	0						0	200		
ONCE1281-YERLESIM	cahbahar	0						0	200		
ONCE1281-YERLESIM	caldiran	0						0	200		
ONCE1281-YERLESIM	carsamba	0						0	200		
ONCE1281-YERLESIM	cask	0						0	200		
ONCE1281-YERLESIM	catalca	1	catalcali-ali-efendi	catalcali-ali-efendi			catalcali-ali-efendi	0	200		
ONCE1281-YERLESIM	cehrom	0						0	200		
ONCE1281-YERLESIM	cemisgezek	0						0	200		
ONCE1281-YERLESIM	cenova	0						0	200		
ONCE1281-YERLESIM	cerablus	0						0	200		
ONCE1281-YERLESIM	ceylanpinar	0						0	200		
ONCE1281-YERLESIM	cibri	1	cebrail	cebrail			cebrail	0	200		
ONCE1281-YERLESIM	cimpe	0						0	200		
ONCE1281-YERLESIM	cirge	0						0	200		
ONCE1281-YERLESIM	ciruft	0						0	200		
ONCE1281-YERLESIM	cizzah	0						0	200		
ONCE1281-YERLESIM	corlu	1	corlulu-ali-pasa|mahmud-celaleddin-pasa	corlulu-ali-pasa|mahmud-celaleddin-pasa			corlulu-ali-pasa|mahmud-celaleddin-pasa	0	200		
ONCE1281-YERLESIM	culfa	0						0	200		
ONCE1281-YERLESIM	culfar	0						0	200		
ONCE1281-YERLESIM	cumai	0						0	200		
ONCE1281-YERLESIM	damanhur	0						0	200		
ONCE1281-YERLESIM	damgan	1	damgan-tarihane-camii	damgan-tarihane-camii			damgan-tarihane-camii	0	200		inmis_kapsayici
ONCE1281-YERLESIM	darab	1	darabi	darabi			darabi	0	200		
ONCE1281-YERLESIM	darende	0						0	200		
ONCE1281-YERLESIM	darvaz	0						0	200		
ONCE1281-YERLESIM	datca	0						0	200		
ONCE1281-YERLESIM	dayr-al-kamer	0						0	200		
ONCE1281-YERLESIM	demenhur	0						0	200		
ONCE1281-YERLESIM	demirkoy	0						0	200		
ONCE1281-YERLESIM	derekoy	0						0	200		
ONCE1281-YERLESIM	derik	0						0	200		
ONCE1281-YERLESIM	dessuk	0						0	200		
ONCE1281-YERLESIM	devrek	0						0	200		
ONCE1281-YERLESIM	deyrulkamer	0						0	200		
ONCE1281-YERLESIM	deyrut	0						0	200		
ONCE1281-YERLESIM	digor	0						0	200		
ONCE1281-YERLESIM	dilman	0						0	200		
ONCE1281-YERLESIM	dimbos	0						0	200		
ONCE1281-YERLESIM	divaniye	0						0	200		
ONCE1281-YERLESIM	domanic	0						0	200		
ONCE1281-YERLESIM	dortyol	0						0	200		
ONCE1281-YERLESIM	duhok	0						0	200		
ONCE1281-YERLESIM	ebiverd	0						0	200		
ONCE1281-YERLESIM	ebrekuh	0						0	200		
ONCE1281-YERLESIM	eceabat	0						0	200		
ONCE1281-YERLESIM	ecmiyadzin	0						0	200		
ONCE1281-YERLESIM	edfu	0						0	200		
ONCE1281-YERLESIM	edremit	0						0	200		
ONCE1281-YERLESIM	eflani	0						0	200		
ONCE1281-YERLESIM	egirdir	0						0	200		
ONCE1281-YERLESIM	egrigoz	0						0	200		
ONCE1281-YERLESIM	el-aris	1	er-red-alel-mantikiyyin	er-red-alel-mantikiyyin			er-red-alel-mantikiyyin	0	200		
ONCE1281-YERLESIM	elhova	0						0	200		
ONCE1281-YERLESIM	elhovo	0						0	200		
ONCE1281-YERLESIM	elmali	1	elmalili-muhammed-hamdi	elmalili-muhammed-hamdi			elmalili-muhammed-hamdi	0	200		
ONCE1281-YERLESIM	emet	1	gulnus-emetullah-sultan	gulnus-emetullah-sultan			gulnus-emetullah-sultan	0	200		
ONCE1281-YERLESIM	enez	1	ayasofya-camii--enez	ayasofya-camii--enez			ayasofya-camii--enez	0	200		
ONCE1281-YERLESIM	erak	0						0	200		
ONCE1281-YERLESIM	ercis	1	ercisli-emrah	ercisli-emrah			ercisli-emrah	0	200		
ONCE1281-YERLESIM	erdek	0						0	200		
ONCE1281-YERLESIM	erdekan	0						0	200		
ONCE1281-YERLESIM	erdistan	1	suhreverdiyye	suhreverdiyye			suhreverdiyye	0	200		
ONCE1281-YERLESIM	ermenek	0		ulucami		ulucami	ulucami	0	200	0→1	
ONCE1281-YERLESIM	ermeni-derbendi	0						0	200		
ONCE1281-YERLESIM	erzin	1	muhammed-bahaeddin-erzincani	muellif/tugba-erzincan|muhammed-bahaeddin-erzincani		muellif/tugba-erzincan	muhammed-bahaeddin-erzincani	0	200	1→2	
ONCE1281-YERLESIM	esendere	0						0	200		
ONCE1281-YERLESIM	esferayin	1	ebu-avane-el-isferayini|isferayini-ebu-hamid|isferayini-ebu-ishak|isferayini-isamuddin|isferayini-nureddin|isferayini-sehfur-b-tahir	ebu-avane-el-isferayini	isferayini-ebu-hamid|isferayini-ebu-ishak|isferayini-isamuddin|isferayini-nureddin|isferayini-sehfur-b-tahir		ebu-avane-el-isferayini	0	200	6→1	
ONCE1281-YERLESIM	eskihisar	0						0	200		
ONCE1281-YERLESIM	esna	1	ifaza|kitabul-esnam|milli-mucadele	ifaza|kitabul-esnam|milli-mucadele			ifaza|kitabul-esnam|milli-mucadele	0	200		
ONCE1281-YERLESIM	evliya-ata	0						0	200		
ONCE1281-YERLESIM	fakia	0						0	200		
ONCE1281-YERLESIM	fakus	0						0	200		
ONCE1281-YERLESIM	fav	0						0	200		
ONCE1281-YERLESIM	felluce	0						0	200		
ONCE1281-YERLESIM	ferahabad	0						0	200		
ONCE1281-YERLESIM	feres	0						0	200		
ONCE1281-YERLESIM	fersut	0						0	200		
ONCE1281-YERLESIM	fesa	1	fesad--fikih|hafaci-ibn-sinan|harikulade|kevn-ve-fesad	fesad--fikih|hafaci-ibn-sinan|harikulade	kevn-ve-fesad		fesad--fikih|hafaci-ibn-sinan|harikulade	0	200	4→3	
ONCE1281-YERLESIM	fethiye	0						0	200		
ONCE1281-YERLESIM	feyzabad	0						0	200		
ONCE1281-YERLESIM	finike	0						0	200		
ONCE1281-YERLESIM	firuzabad	1	el-kamusul-muhit|zebidi-muhammed-murtaza	el-kamusul-muhit	zebidi-muhammed-murtaza		el-kamusul-muhit	0	200	2→1	
ONCE1281-YERLESIM	firuzkuh	0						0	200		
ONCE1281-YERLESIM	fornoz	0						0	200		
ONCE1281-YERLESIM	fourni	0						0	200		
ONCE1281-YERLESIM	gamrun	0						0	200		
ONCE1281-YERLESIM	gebze	0						0	200		
ONCE1281-YERLESIM	gemlik	0						0	200		
ONCE1281-YERLESIM	gever	0						0	200		
ONCE1281-YERLESIM	geyve	0						0	200		
ONCE1281-YERLESIM	girga	0						0	200		
ONCE1281-YERLESIM	goksun	0						0	200		
ONCE1281-YERLESIM	golkoy	0						0	200		
ONCE1281-YERLESIM	golyazi	0						0	200		
ONCE1281-YERLESIM	gorabi	0						0	200		
ONCE1281-YERLESIM	guclu	0		cagatay-edebiyati|tebuk-gazvesi		cagatay-edebiyati|tebuk-gazvesi	cagatay-edebiyati|tebuk-gazvesi	0	200	0→2	
ONCE1281-YERLESIM	gulpaygan	0						0	200		
ONCE1281-YERLESIM	gumru	1	gumruk|meks	gumruk	meks		gumruk	0	200	2→1	
ONCE1281-YERLESIM	gurun	0						0	200		
ONCE1281-YERLESIM	habsamana	0						0	200		
ONCE1281-YERLESIM	halepce	0						0	200		
ONCE1281-YERLESIM	halhal	0						0	200		
ONCE1281-YERLESIM	halki	0		cekoslovakya|polonya|savas		cekoslovakya|polonya|savas	cekoslovakya|polonya|savas	0	200	0→3	
ONCE1281-YERLESIM	han-yunus	0						0	200		
ONCE1281-YERLESIM	hanak	0						0	200		
ONCE1281-YERLESIM	hanekin	0						0	200		
ONCE1281-YERLESIM	harmankaya	0						0	200		
ONCE1281-YERLESIM	has	1	cevahirut-tevarih|enderun|filaliler|gulam-hasan|hasan-el-alevi|hasan-el-utrus|haseniler|idrisiler|kutadgu-bilig|lahsa|meclis-i-vukela|sadiler	cevahirut-tevarih|enderun|filaliler|gulam-hasan|hasan-el-alevi|kutadgu-bilig|lahsa|meclis-i-vukela	hasan-el-utrus|haseniler|idrisiler|sadiler		cevahirut-tevarih|enderun|filaliler|gulam-hasan|hasan-el-alevi|kutadgu-bilig|lahsa|meclis-i-vukela	0	200	12→8	inmis_kapsayici
ONCE1281-YERLESIM	haviza	0						0	200		
ONCE1281-YERLESIM	havsa	0						0	200		
ONCE1281-YERLESIM	hazarasp	0						0	200		
ONCE1281-YERLESIM	hereke	0						0	200		
ONCE1281-YERLESIM	herke	1	isa	isa			isa	0	200		
ONCE1281-YERLESIM	himu	0						0	200		
ONCE1281-YERLESIM	hisar	1	anadoluhisari|hisar-abdulhak-sinasi|kale|saray-camii	anadoluhisari|hisar-abdulhak-sinasi|kale|saray-camii			anadoluhisari|hisar-abdulhak-sinasi|kale|saray-camii	0	200		inmis_kapsayici
ONCE1281-YERLESIM	hisn-i-mansur	0						0	200		
ONCE1281-YERLESIM	hit	1	elkab|hariciler|hitabet|hitat|hitayname|hukum|hutbe|nisan--evlilik|sunnet--hitan	elkab|hariciler|hitabet|hitat|hitayname|hukum|nisan--evlilik|sunnet--hitan	hutbe		elkab|hariciler|hitabet|hitat|hitayname|hukum|nisan--evlilik|sunnet--hitan	0	200	9→8	
ONCE1281-YERLESIM	hive	0						0	200		
ONCE1281-YERLESIM	hiyav	0						0	200		
ONCE1281-YERLESIM	hopa	0						0	200		
ONCE1281-YERLESIM	horog	0						0	200		
ONCE1281-YERLESIM	hosap	0						0	200		
ONCE1281-YERLESIM	hulo	0						0	200		
ONCE1281-YERLESIM	humus	1	humus--suriye	humus--suriye			humus--suriye	0	200		inmis_kapsayici
ONCE1281-YERLESIM	hurmuz-adasi	0						0	200		
ONCE1281-YERLESIM	hypsu	0						0	200		
ONCE1281-YERLESIM	ibrim	0						0	200		
ONCE1281-YERLESIM	igdir	0						0	200		
ONCE1281-YERLESIM	igneada	0						0	200		
ONCE1281-YERLESIM	ikarya	0						0	200		
ONCE1281-YERLESIM	ileryoz	0						0	200		
ONCE1281-YERLESIM	ilgin	1	binbir-gece	binbir-gece			binbir-gece	0	200		
ONCE1281-YERLESIM	ilyaki	0						0	200		
ONCE1281-YERLESIM	imadiye	0						0	200		
ONCE1281-YERLESIM	imrali-adasi	0						0	200		
ONCE1281-YERLESIM	incirli	0						0	200		
ONCE1281-YERLESIM	inegol	0						0	200		
ONCE1281-YERLESIM	ipsala	0						0	200		
ONCE1281-YERLESIM	isficab	0						0	200		
ONCE1281-YERLESIM	ishakli	0						0	200		
ONCE1281-YERLESIM	iskasim	0						0	200		
ONCE1281-YERLESIM	iskefsir	0						0	200		
ONCE1281-YERLESIM	istanbulya	0						0	200		
ONCE1281-YERLESIM	jadla	0						0	200		
ONCE1281-YERLESIM	kafrusseyh	0						0	200		
ONCE1281-YERLESIM	kahta	0						0	200		
ONCE1281-YERLESIM	kain	1	alem|determinizm|hakikat-i-muhammediyye|harikulade|kevn-ve-fesad|kudsi-hadis|muhammed|yaratma	alem|determinizm|harikulade|kudsi-hadis|yaratma	hakikat-i-muhammediyye|kevn-ve-fesad|muhammed		alem|determinizm|harikulade|kudsi-hadis|yaratma	0	200	8→5	
ONCE1281-YERLESIM	kala-i-hum	0						0	200		
ONCE1281-YERLESIM	kala-i-pence	0						0	200		
ONCE1281-YERLESIM	kala-i-vamar	0						0	200		
ONCE1281-YERLESIM	kalimnos	0						0	200		
ONCE1281-YERLESIM	kandira	0						0	200		
ONCE1281-YERLESIM	karabiga	0						0	200		
ONCE1281-YERLESIM	karacabey	0		muellif/salih-karacabey		muellif/salih-karacabey		0	200	0→1	
ONCE1281-YERLESIM	karacahisar	0						0	200		
ONCE1281-YERLESIM	karacepus	0						0	200		
ONCE1281-YERLESIM	karadeniz-eregli	0						0	200		
ONCE1281-YERLESIM	karahisar-i-sahib	0						0	200		
ONCE1281-YERLESIM	karahisar-i-sarki	0						0	200		
ONCE1281-YERLESIM	karakurum	0						0	200		
ONCE1281-YERLESIM	karamursel	0						0	200		
ONCE1281-YERLESIM	karatigin	0						0	200		
ONCE1281-YERLESIM	karpuzlu	0						0	200		
ONCE1281-YERLESIM	kas	1	aksamul-kuran|kasit|kisas-i-enbiya|surb|yemin	aksamul-kuran|kasit|kisas-i-enbiya|surb	yemin		aksamul-kuran|kasit|kisas-i-enbiya|surb	0	200	5→4	
ONCE1281-YERLESIM	kasmer	0						0	200		
ONCE1281-YERLESIM	kasr-i-sirin	0						0	200		
ONCE1281-YERLESIM	katye	0						0	200		
ONCE1281-YERLESIM	kazerun	1	kazeruniyye	kazeruniyye			kazeruniyye	0	200		
ONCE1281-YERLESIM	kelat-i-nadiri	0						0	200		
ONCE1281-YERLESIM	kelemez	0						0	200		
ONCE1281-YERLESIM	kelkit	0						0	200		
ONCE1281-YERLESIM	kerak	0						0	200		
ONCE1281-YERLESIM	kesan	0						0	200		
ONCE1281-YERLESIM	kestel	1	abdullah-kesteli|kesteli	abdullah-kesteli|kesteli			abdullah-kesteli|kesteli	0	200		
ONCE1281-YERLESIM	kete	0		ferag-kaydi|hattat|katip		ferag-kaydi|hattat|katip	ferag-kaydi|hattat|katip	0	200	0→3	
ONCE1281-YERLESIM	khorog	0						0	200		
ONCE1281-YERLESIM	kiev	0						0	200		
ONCE1281-YERLESIM	kifri	0						0	200		
ONCE1281-YERLESIM	kilitbahir	0						0	200		
ONCE1281-YERLESIM	kios	0						0	200		
ONCE1281-YERLESIM	kis	1	ali--kissa-i-yusuf|baht|batin-ilmi|hacir|hikaye|kisas-i-enbiya|kissa--kuran|lub|siretu-seyf-b-ziyezen	ali--kissa-i-yusuf|baht|batin-ilmi|hacir|hikaye|kisas-i-enbiya|kissa--kuran|siretu-seyf-b-ziyezen	lub		ali--kissa-i-yusuf|baht|batin-ilmi|hacir|hikaye|kisas-i-enbiya|kissa--kuran|siretu-seyf-b-ziyezen	0	200	9→8	
ONCE1281-YERLESIM	kish	0						0	200		
ONCE1281-YERLESIM	kism	1	baht|hamam|kale	baht|hamam|kale			baht|hamam|kale	0	200		
ONCE1281-YERLESIM	kite	0						0	200		
ONCE1281-YERLESIM	kizilarvat	0						0	200		
ONCE1281-YERLESIM	klicatak	0						0	200		
ONCE1281-YERLESIM	kobani	0						0	200		
ONCE1281-YERLESIM	kofcaz	0						0	200		
ONCE1281-YERLESIM	konurapa	0						0	200		
ONCE1281-YERLESIM	kopruhisar	0						0	200		
ONCE1281-YERLESIM	kotur	0						0	200		
ONCE1281-YERLESIM	kucan	0						0	200		
ONCE1281-YERLESIM	kucukperveli	0						0	200		
ONCE1281-YERLESIM	kufkaynapinari	0						0	200		
ONCE1281-YERLESIM	kulab	0						0	200		
ONCE1281-YERLESIM	kulacahisar	0						0	200		
ONCE1281-YERLESIM	kulob	0						0	200		
ONCE1281-YERLESIM	kum-ombo	0						0	200		
ONCE1281-YERLESIM	kumciftligi	0						0	200		
ONCE1281-YERLESIM	kurne	0						0	200		
ONCE1281-YERLESIM	kus	1	dihkanizade-ubeydullah-kusmani|kuseyri-abdulkerim-b-hevazin	dihkanizade-ubeydullah-kusmani|kuseyri-abdulkerim-b-hevazin			dihkanizade-ubeydullah-kusmani|kuseyri-abdulkerim-b-hevazin	0	200		
ONCE1281-YERLESIM	kusadasi	0						0	200		
ONCE1281-YERLESIM	kusayr	1	kusayru-amre	kusayru-amre			kusayru-amre	0	200		
ONCE1281-YERLESIM	kut-el-amare	0						0	200		
ONCE1281-YERLESIM	kutaisi	0						0	200		
ONCE1281-YERLESIM	ladik	0		inancogullari|mehmed-celebi-ladikli		inancogullari|mehmed-celebi-ladikli	inancogullari|mehmed-celebi-ladikli	0	200	0→2	
ONCE1281-YERLESIM	lalapasa	0						0	200		
ONCE1281-YERLESIM	lalkovo	0						0	200		
ONCE1281-YERLESIM	leblebicihisar	0						0	200		
ONCE1281-YERLESIM	lefke	0						0	200		
ONCE1281-YERLESIM	lenkeran	0						0	200		
ONCE1281-YERLESIM	leros	0						0	200		
ONCE1281-YERLESIM	lindos	0						0	200		
ONCE1281-YERLESIM	luksor	0						0	200		
ONCE1281-YERLESIM	m-kemalpasa	0						0	200		
ONCE1281-YERLESIM	mahabad	0						0	200		
ONCE1281-YERLESIM	mahalletulkubra	0						0	200		
ONCE1281-YERLESIM	mahmudabad	0						0	200		
ONCE1281-YERLESIM	mahmudi	0		et-tarikatul-muhammediyye|seyh-el-mahmudi		et-tarikatul-muhammediyye|seyh-el-mahmudi	et-tarikatul-muhammediyye|seyh-el-mahmudi	0	200	0→2	
ONCE1281-YERLESIM	makhalakauri	0						0	200		
ONCE1281-YERLESIM	makri	0		el-hitatul-makriziyye		el-hitatul-makriziyye	el-hitatul-makriziyye	0	200	0→1	
ONCE1281-YERLESIM	malak-dervent	0						0	200		
ONCE1281-YERLESIM	malikiye	0						0	200		
ONCE1281-YERLESIM	malkara	0						0	200		
ONCE1281-YERLESIM	malko-tirnova	0						0	200		
ONCE1281-YERLESIM	manama	0						0	200		
ONCE1281-YERLESIM	mansure	1	hazine|sind|tilimsan	hazine|sind|tilimsan			hazine|sind|tilimsan	0	200		inmis_kapsayici
ONCE1281-YERLESIM	marmara-adasi	0						0	200		
ONCE1281-YERLESIM	marmaracik	0						0	200		
ONCE1281-YERLESIM	marmaris	0						0	200		
ONCE1281-YERLESIM	maydos	0						0	200		
ONCE1281-YERLESIM	mehdiye	0						0	200		
ONCE1281-YERLESIM	mekece	0						0	200		
ONCE1281-YERLESIM	mellevi	0						0	200		
ONCE1281-YERLESIM	menufiye	0						0	200		
ONCE1281-YERLESIM	menzile	0						0	200		
ONCE1281-YERLESIM	mercihamis	0						0	200		
ONCE1281-YERLESIM	merend	0						0	200		
ONCE1281-YERLESIM	merivan	0						0	200		
ONCE1281-YERLESIM	mersa-matruh	0						0	200		
ONCE1281-YERLESIM	meskinsehr	0						0	200		
ONCE1281-YERLESIM	mesudiye	0						0	200		
ONCE1281-YERLESIM	midyat	0						0	200		
ONCE1281-YERLESIM	mihalic	0						0	200		
ONCE1281-YERLESIM	minab	0						0	200		
ONCE1281-YERLESIM	minye	0						0	200		
ONCE1281-YERLESIM	mit-gamr	0						0	200		
ONCE1281-YERLESIM	miyandoab	0						0	200		
ONCE1281-YERLESIM	miyane	1	orta-cami	orta-cami			orta-cami	0	200		
ONCE1281-YERLESIM	molova	0						0	200		
ONCE1281-YERLESIM	molyvos	0						0	200		
ONCE1281-YERLESIM	mudanya	0						0	200		
ONCE1281-YERLESIM	mudurnu	0						0	200		
ONCE1281-YERLESIM	muhammere	0						0	200		
ONCE1281-YERLESIM	munbic	0						0	200		
ONCE1281-YERLESIM	muradiye	0						0	200		
ONCE1281-YERLESIM	murgab	0						0	200		
ONCE1281-YERLESIM	murvaneti	0						0	200		
ONCE1281-YERLESIM	mustafapasa	0						0	200		
ONCE1281-YERLESIM	musul	1	el-mucemul-mufehres-li-elfazil-hadisin-nebevi|osman-dede-efendi-musullu|zengiler	el-mucemul-mufehres-li-elfazil-hadisin-nebevi|osman-dede-efendi-musullu|zengiler			el-mucemul-mufehres-li-elfazil-hadisin-nebevi|osman-dede-efendi-musullu|zengiler	0	200		inmis_kapsayici
ONCE1281-YERLESIM	nahseb	0		ebu-turab-en-nahsebi|nahsebi-ziyaeddin		ebu-turab-en-nahsebi|nahsebi-ziyaeddin	ebu-turab-en-nahsebi|nahsebi-ziyaeddin	0	200	0→2	
ONCE1281-YERLESIM	nain	0						0	200		
ONCE1281-YERLESIM	narin	0						0	200		
ONCE1281-YERLESIM	naryn	0						0	200		
ONCE1281-YERLESIM	nasiriye	0						0	200		
ONCE1281-YERLESIM	nesa	1	es-sunen--nesai|suyuti|tensik	es-sunen--nesai|tensik	suyuti		es-sunen--nesai|tensik	0	200	3→2	
ONCE1281-YERLESIM	nihavend	0						0	200		
ONCE1281-YERLESIM	nikarya	0						0	200		
ONCE1281-YERLESIM	nisabur	1	ebu-resid-en-nisaburi|nizameddin-en-nisaburi|nukrekar	NÎSÂBÛRÎ|NÎŞÂBUR|ebu-resid-en-nisaburi|nizameddin-en-nisaburi|nukrekar		NÎSÂBÛRÎ|NÎŞÂBUR	ebu-resid-en-nisaburi|nizameddin-en-nisaburi|nukrekar	0	200	3→5	
ONCE1281-YERLESIM	nisiros	0						0	200		
ONCE1281-YERLESIM	norapat	0						0	200		
ONCE1281-YERLESIM	ordubad	0						0	200		
ONCE1281-YERLESIM	orestiada	0						0	200		
ONCE1281-YERLESIM	orhaneli	0						0	200		
ONCE1281-YERLESIM	osmaneli	0						0	200		
ONCE1281-YERLESIM	otrar	0						0	200		
ONCE1281-YERLESIM	ozalp	0						0	200		
ONCE1281-YERLESIM	palermo	0						0	200		
ONCE1281-YERLESIM	palu	0						0	200		
ONCE1281-YERLESIM	pamir	0						0	200		
ONCE1281-YERLESIM	pamirski-post	0						0	200		
ONCE1281-YERLESIM	patmos	0						0	200		
ONCE1281-YERLESIM	payas	0						0	200		
ONCE1281-YERLESIM	pazaryeri	0						0	200		
ONCE1281-YERLESIM	pelekanon	0						0	200		
ONCE1281-YERLESIM	perovsk	0						0	200		
ONCE1281-YERLESIM	pinarbasi	0						0	200		
ONCE1281-YERLESIM	portsaid	0						0	200		
ONCE1281-YERLESIM	posof	0						0	200		
ONCE1281-YERLESIM	qattinah	0						0	200		
ONCE1281-YERLESIM	qeshm	0						0	200		
ONCE1281-YERLESIM	rafsencan	0						0	200		
ONCE1281-YERLESIM	ramadi	0						0	200		
ONCE1281-YERLESIM	ramhurmuz	1	ramhurmuzi	ramhurmuzi			ramhurmuzi	0	200		
ONCE1281-YERLESIM	ras-el-hayme	0						0	200		
ONCE1281-YERLESIM	razhan	0						0	200		
ONCE1281-YERLESIM	resadiye	0						0	200		
ONCE1281-YERLESIM	resid	1	abdulvahid-er-resid|duveyhi|fetava-yi-residiyye|genguhi-abdulkuddus|genguhi-resid-ahmed|mevlay-resid|mustafa-resid-pasa|resid-riza|ruhul-mecelle|rusd--fikih	abdulvahid-er-resid|duveyhi|genguhi-abdulkuddus|genguhi-resid-ahmed|mevlay-resid|mustafa-resid-pasa|resid-riza|ruhul-mecelle|rusd--fikih	fetava-yi-residiyye		abdulvahid-er-resid|duveyhi|genguhi-abdulkuddus|genguhi-resid-ahmed|mevlay-resid|mustafa-resid-pasa|resid-riza|ruhul-mecelle|rusd--fikih	0	200	10→9	inmis_kapsayici
ONCE1281-YERLESIM	rest	1	bahailik	bahailik			bahailik	0	200		
ONCE1281-YERLESIM	rewandiz	0						0	200		
ONCE1281-YERLESIM	rezovo	0						0	200		
ONCE1281-YERLESIM	rezve	0						0	200		
ONCE1281-YERLESIM	roma	0						0	200		
ONCE1281-YERLESIM	rosetta	0						0	200		
ONCE1281-YERLESIM	rumeli-hisari	0						0	200		
ONCE1281-YERLESIM	rusan	0						0	200		
ONCE1281-YERLESIM	sakiz	1	sadik-mehmed-efendi-sakizi	sadik-mehmed-efendi-sakizi			sadik-mehmed-efendi-sakizi	0	200		
ONCE1281-YERLESIM	sakkiz	0						0	200		
ONCE1281-YERLESIM	sakra	0						0	200		
ONCE1281-YERLESIM	salihiyye	1	murcie|zeydiyye	murcie|zeydiyye			murcie|zeydiyye	0	200		inmis_kapsayici
ONCE1281-YERLESIM	salyan	0						0	200		
ONCE1281-YERLESIM	sam	1	batiniyye|hafiz-sami|ismailiyye|mustafa-sami-bey|ramazanoglu-mahmut-sami	batiniyye|hafiz-sami|mustafa-sami-bey|ramazanoglu-mahmut-sami	ismailiyye		batiniyye|hafiz-sami|mustafa-sami-bey|ramazanoglu-mahmut-sami	0	200	5→4	
ONCE1281-YERLESIM	samandira	0						0	200		
ONCE1281-YERLESIM	sarab	1	kaderiyye|surb	kaderiyye|surb			kaderiyye|surb	0	200		
ONCE1281-YERLESIM	sardasht	0						0	200		
ONCE1281-YERLESIM	sarikamis	0						0	200		
ONCE1281-YERLESIM	sarikol	0						0	200		
ONCE1281-YERLESIM	sarkiye	0						0	200		
ONCE1281-YERLESIM	sarkoy	0						0	200		
ONCE1281-YERLESIM	sarp	0						0	200		
ONCE1281-YERLESIM	save	1	harikulade	harikulade			harikulade	0	200		
ONCE1281-YERLESIM	savsat	0						0	200		
ONCE1281-YERLESIM	savucbulak	0						0	200		
ONCE1281-YERLESIM	saylica	0						0	200		
ONCE1281-YERLESIM	sayram	0						0	200		
ONCE1281-YERLESIM	seface	0						0	200		
ONCE1281-YERLESIM	sehrisebz	0						0	200		
ONCE1281-YERLESIM	sellum	1	salih-b-nasrullah	salih-b-nasrullah			salih-b-nasrullah	0	200		
ONCE1281-YERLESIM	selmas	0						0	200		
ONCE1281-YERLESIM	semave	0						0	200		
ONCE1281-YERLESIM	semdinli	0						0	200		
ONCE1281-YERLESIM	semdinni	0						0	200		
ONCE1281-YERLESIM	senendec	0						0	200		
ONCE1281-YERLESIM	serdest	0						0	200		
ONCE1281-YERLESIM	sero	0						0	200		
ONCE1281-YERLESIM	serur	0						0	200		
ONCE1281-YERLESIM	seyh-salu-yi-ulya	0						0	200		
ONCE1281-YERLESIM	seyhrumi	0						0	200		
ONCE1281-YERLESIM	sharur	0						0	200		
ONCE1281-YERLESIM	sibinulkum	0						0	200		
ONCE1281-YERLESIM	signak	0						0	200		
ONCE1281-YERLESIM	silivri	0						0	200		
ONCE1281-YERLESIM	silopi	0						0	200		
ONCE1281-YERLESIM	simav	1	bedreddin-simavi	bedreddin-simavi			bedreddin-simavi	0	200		
ONCE1281-YERLESIM	simi	0						0	200		
ONCE1281-YERLESIM	sincar	1	ibnul-ekfani	ibnul-ekfani			ibnul-ekfani	0	200		
ONCE1281-YERLESIM	sine	0		muellif/nermin-sinemoglu		muellif/nermin-sinemoglu		0	200	0→1	
ONCE1281-YERLESIM	sircan	0						0	200		
ONCE1281-YERLESIM	siverek	0						0	200		
ONCE1281-YERLESIM	sofulu	0						0	200		
ONCE1281-YERLESIM	soke	0						0	200		
ONCE1281-YERLESIM	sombeki	0						0	200		
ONCE1281-YERLESIM	soufli	0						0	200		
ONCE1281-YERLESIM	sozak	0						0	200		
ONCE1281-YERLESIM	sterna	0						0	200		
ONCE1281-YERLESIM	sultanabad	0						0	200		
ONCE1281-YERLESIM	sultaniye	1	el-ahkamus-sultaniyye	el-ahkamus-sultaniyye			el-ahkamus-sultaniyye	0	200		
ONCE1281-YERLESIM	sunak-kurgan	0						0	200		
ONCE1281-YERLESIM	sur	1	cadir|dugun|ibn-havkal|kale|resim	cadir|dugun|ibn-havkal|kale|resim|selcuklular		selcuklular	cadir|dugun|ibn-havkal|kale|resim|selcuklular	0	200	5→6	
ONCE1281-YERLESIM	suruc	0						0	200		
ONCE1281-YERLESIM	susa	0						0	200		
ONCE1281-YERLESIM	suser	0						0	200		
ONCE1281-YERLESIM	suzak	0						0	200		
ONCE1281-YERLESIM	svilengrad	0						0	200		
ONCE1281-YERLESIM	tahta	1	culus|inam--osmanli|piskes|razi-kutbuddin|rifaa-et-tahtavi	culus|razi-kutbuddin|rifaa-et-tahtavi	inam--osmanli|piskes		culus|razi-kutbuddin|rifaa-et-tahtavi	0	200	5→3	inmis_kapsayici
ONCE1281-YERLESIM	tanta	1	et-tantaraniyye	et-tantaraniyye			et-tantaraniyye	0	200		
ONCE1281-YERLESIM	taraz	0						0	200		
ONCE1281-YERLESIM	taskurgan	0						0	200		
ONCE1281-YERLESIM	tavri	1	kalb--kalp|letaif-i-hamse|nefis	kalb--kalp|letaif-i-hamse	nefis		kalb--kalp|letaif-i-hamse	0	200	3→2	
ONCE1281-YERLESIM	tavsanli	0						0	200		
ONCE1281-YERLESIM	telafer	0						0	200		
ONCE1281-YERLESIM	terme	1	mahfuz-b-abdullah-et-termesi	mahfuz-b-abdullah-et-termesi			mahfuz-b-abdullah-et-termesi	0	200		
ONCE1281-YERLESIM	termez	0						0	200		
ONCE1281-YERLESIM	tilos	0						0	200		
ONCE1281-YERLESIM	tirnova	0						0	200		
ONCE1281-YERLESIM	tirwanish	0						0	200		
ONCE1281-YERLESIM	tsqaltbila	0						0	200		
ONCE1281-YERLESIM	tur	0		nevi--mantik|sina|ulucami		nevi--mantik|sina|ulucami	nevi--mantik|sina|ulucami	0	200	0→3	
ONCE1281-YERLESIM	turbet-i-cam	0						0	200		
ONCE1281-YERLESIM	turbet-i-haydariye	0						0	200		
ONCE1281-YERLESIM	tursiz	0						0	200		
ONCE1281-YERLESIM	tuz-hurmatu	0						0	200		
ONCE1281-YERLESIM	tyre	0						0	200		
ONCE1281-YERLESIM	uceyr	0						0	200		
ONCE1281-YERLESIM	ukayr	0						0	200		
ONCE1281-YERLESIM	uksur	0						0	200		
ONCE1281-YERLESIM	ulubat	0						0	200		
ONCE1281-YERLESIM	uluborlu	0						0	200		
ONCE1281-YERLESIM	ulukisla	0						0	200		
ONCE1281-YERLESIM	ulukoy	0						0	200		
ONCE1281-YERLESIM	umur-fakih	0						0	200		
ONCE1281-YERLESIM	unye	0						0	200		
ONCE1281-YERLESIM	uzunkopru	0						0	200		
ONCE1281-YERLESIM	vahan	0						0	200		
ONCE1281-YERLESIM	vize	1	ayasofya-camii--vize	ayasofya-camii--vize			ayasofya-camii--vize	0	200		
ONCE1281-YERLESIM	yalvac	0						0	200		
ONCE1281-YERLESIM	yamurgi	0						0	200		
ONCE1281-YERLESIM	yarhisar	0						0	200		
ONCE1281-YERLESIM	yeni-urgenc	0						0	200		
ONCE1281-YERLESIM	yenikarpuzlu	0						0	200		
ONCE1281-YERLESIM	yesi	0		muellif/aysegul-mine-yesiloglu		muellif/aysegul-mine-yesiloglu		0	200	0→1	
ONCE1281-YERLESIM	yucelen	0						0	200		
ONCE1281-YERLESIM	yuksekova	0						0	200		
ONCE1281-YERLESIM	yumurtalik	0						0	200		
ONCE1281-YERLESIM	yurtbagi	0						0	200		
ONCE1281-YERLESIM	zaho	0						0	200		
ONCE1281-YERLESIM	zamanti	0						0	200		
ONCE1281-YERLESIM	zazalo	0						0	200		
