url	slug	kod	location	onbellekte_vardi	yazildi	veri_yerleri
islamansiklopedisi.org.tr/abdulaziz-b-suud	abdulaziz-b-suud	200	-	e	onbellekte-vardi	kronoloji_cok_1923_1945.js:136;kronoloji_cok_1923_1945.js:165;kronoloji_cok_1923_1945.js:403;kronoloji_cok_1923_1945.js:432
islamansiklopedisi.org.tr/abdurrahman-i	abdurrahman-i	200	-	h	yeni-cekildi	devletler.js:10055;paket_05.js:10074
islamansiklopedisi.org.tr/abdurrahman-iii	abdurrahman-iii	200	-	h	yeni-cekildi	devletler.js:10055;paket_05.js:10074
islamansiklopedisi.org.tr/afganistan	afganistan	200	-	h	yeni-cekildi	kronoloji_cok_1923_1945.js:976;kronoloji_cok_1923_1945.js:990;kronoloji_cok_1923_1945.js:1296;kronoloji_cok_1923_1945.js:1547
islamansiklopedisi.org.tr/ahiska	ahiska	200	-	e	onbellekte-vardi	yer_yama_sh106.js:27;yer_yama_sh106.js:45
islamansiklopedisi.org.tr/amerika	amerika	200	-	h	yeni-cekildi	devletler.js:5205;devletler.js:7219;kronoloji_sinir_guney_g8.js:125;paket_05.js:5224;paket_05.js:7238;paket_09.js:409
islamansiklopedisi.org.tr/amerika-birlesik-devletleri	amerika-birlesik-devletleri	200	-	h	yeni-cekildi	kronoloji_cok_kuzey_amerika.js:25;paket_30.js:1548
islamansiklopedisi.org.tr/ammarogullari--trablusgarp	ammarogullari--trablusgarp	200	-	h	yeni-cekildi	devletler.js:7596;paket_05.js:7615
islamansiklopedisi.org.tr/antakya	antakya	200	-	e	onbellekte-vardi	kronoloji_cok_1923_1945.js:2908;kronoloji_cok_1923_1945.js:3211
islamansiklopedisi.org.tr/arama	arama	200	-	h	yeni-cekildi	ekokuma_kolemen.js:74;ekokuma_misir1805.js:51;kisiler.js:313;kisiler.js:530;kisiler.js:534;kisiler.js:557
islamansiklopedisi.org.tr/arama/	ARAMA-	200	-	h	yeni-cekildi	kademe_d48240.js:205;olaylar_ek13.js:92;paket_02.js:1862
islamansiklopedisi.org.tr/arap-birligi	arap-birligi	200	-	h	yeni-cekildi	kronoloji_cok_1923_1945.js:6917
islamansiklopedisi.org.tr/arjantin	arjantin	200	-	h	yeni-cekildi	paket_17.js:399;yerlesimler_0ee15e.js:30
islamansiklopedisi.org.tr/arnavutluk	arnavutluk	200	-	e	onbellekte-vardi	kronoloji_cok_1923_1945.js:210;kronoloji_cok_1923_1945.js:3552
islamansiklopedisi.org.tr/azak	azak	200	-	h	yeni-cekildi	paket_13.js:601;yerlesimler.js:596;yer_yama_ok101.js:91
islamansiklopedisi.org.tr/azerbaycan	azerbaycan	200	-	e	onbellekte-vardi	kronoloji_cok_1dunya_B.js:87;kronoloji_cok_1dunya_B.js:90;kronoloji_cok_1dunya_B.js:91;paket_09.js:1498;paket_09.js:1501;paket_09.js:1502
islamansiklopedisi.org.tr/bahreyn	bahreyn	200	-	e	onbellekte-vardi	kronoloji_cok_1923_1945.js:1353;kronoloji_cok_1923_1945.js:1368;kronoloji_cok_1923_1945.js:5174;yer_yama_uyg2.js:123
islamansiklopedisi.org.tr/baki--sair	baki--sair	200	-	e	onbellekte-vardi	ekokuma_edebiyat.js:45;ekokuma_edebiyat.js:57
islamansiklopedisi.org.tr/baku	baku	200	-	h	yeni-cekildi	kronoloji_cok_1dunya_B.js:91;paket_09.js:1502
islamansiklopedisi.org.tr/basra	basra	200	-	e	onbellekte-vardi	kronoloji_cok_1dunya_B.js:26;paket_09.js:1437
islamansiklopedisi.org.tr/bati-trakya	bati-trakya	200	-	h	yeni-cekildi	d_sinirlar_komsu.js:16;paket_28.js:839
islamansiklopedisi.org.tr/batu-han	batu-han	200	-	e	onbellekte-vardi	kronoloji_cok_once1281_avrupa.js:225;kronoloji_cok_once1281_avrupa.js:231
islamansiklopedisi.org.tr/batum	batum	200	-	e	onbellekte-vardi	kronoloji_cok_1dunya_B.js:96;kronoloji_cok_1dunya_B.js:98;paket_09.js:1507;paket_09.js:1509
islamansiklopedisi.org.tr/belcika	belcika	200	-	h	yeni-cekildi	kronoloji_cok_1dunya_A.js:99;paket_09.js:1398
islamansiklopedisi.org.tr/belensiye	belensiye	200	-	h	yeni-cekildi	kronoloji_cok_once1281_avrupa.js:93;kronoloji_cok_once1281_avrupa.js:101
islamansiklopedisi.org.tr/beyrut	beyrut	200	-	e	onbellekte-vardi	kronoloji_cok_1923_1945.js:5952
islamansiklopedisi.org.tr/birinci-dunya-savasi	birinci-dunya-savasi	200	-	e	onbellekte-vardi	kronoloji_cok_1dunya_A.js:13;kronoloji_cok_1dunya_A.js:15;kronoloji_cok_1dunya_A.js:16;kronoloji_cok_1dunya_A.js:19;kronoloji_cok_1dunya_A.js:20;kronoloji_cok_1dunya_A.js:24
islamansiklopedisi.org.tr/bitlis	bitlis	200	-	e	onbellekte-vardi	kronoloji_cok_1dunya_B.js:44;kronoloji_cok_1dunya_B.js:51;paket_09.js:1455;paket_09.js:1462
islamansiklopedisi.org.tr/bulgar	bulgar	200	-	e	onbellekte-vardi	kronoloji_cok_once1281_avrupa.js:216
islamansiklopedisi.org.tr/bulgaristan	bulgaristan	200	-	e	onbellekte-vardi	devletler.js:10299;kronoloji_cok_1923_1945.js:2058;kronoloji_cok_bulgaristan.js:11;kronoloji_cok_bulgaristan.js:12;kronoloji_cok_bulgaristan.js:13;kronoloji_cok_bulgaristan.js:16
islamansiklopedisi.org.tr/burhanpur	burhanpur	200	-	h	yeni-cekildi	paket_20.js:951;yerlesimler_hindistan.js:33
islamansiklopedisi.org.tr/cimma	cimma	200	-	h	yeni-cekildi	kronoloji_cok_1923_1945.js:1562
islamansiklopedisi.org.tr/dagistan	dagistan	200	-	h	yeni-cekildi	d_sinirlar_komsu.js:45;d_sinirlar_komsu.js:46;paket_28.js:868;paket_28.js:869
islamansiklopedisi.org.tr/darfur	darfur	200	-	e	onbellekte-vardi	kronoloji_cok_1dunya_B.js:53;paket_09.js:1464
islamansiklopedisi.org.tr/derbend--dagistan	derbend--dagistan	200	-	e	onbellekte-vardi	d_sinirlar_komsu.js:45;d_sinirlar_komsu.js:46;paket_28.js:868;paket_28.js:869
islamansiklopedisi.org.tr/dubrovnik	dubrovnik	200	-	h	yeni-cekildi	kronoloji_cok_once1281_avrupa.js:181
islamansiklopedisi.org.tr/eflak	eflak	200	-	e	onbellekte-vardi	kronoloji_cok_romanya.js:34;paket_30.js:2724
islamansiklopedisi.org.tr/eftasiler	eftasiler	200	-	h	yeni-cekildi	kronoloji_cok_once1281_avrupa.js:94
islamansiklopedisi.org.tr/emanullah-han	emanullah-han	200	-	h	yeni-cekildi	kronoloji_cok_1923_1945.js:887;kronoloji_cok_1923_1945.js:917
islamansiklopedisi.org.tr/endulus	endulus	200	-	e	onbellekte-vardi	devletler.js:10055;kronoloji_cok_once1281_avrupa.js:28;kronoloji_cok_once1281_avrupa.js:40;kronoloji_cok_once1281_avrupa.js:128;kronoloji_cok_once1281_avrupa.js:131;kronoloji_cok_once1281_avrupa.js:133
islamansiklopedisi.org.tr/erdel	erdel	200	-	e	onbellekte-vardi	d_sinirlar_avrupa_orta.js:144;d_sinirlar_avrupa_orta.js:145;d_sinirlar_avrupa_orta.js:146;d_sinirlar_avrupa_orta.js:147;d_sinirlar_avrupa_orta.js:148;d_sinirlar_avrupa_orta.js:149
islamansiklopedisi.org.tr/erzincan	erzincan	200	-	e	onbellekte-vardi	kronoloji_cok_1dunya_B.js:49;kronoloji_cok_1dunya_B.js:81;paket_09.js:1460;paket_09.js:1492
islamansiklopedisi.org.tr/erzurum	erzurum	200	-	e	onbellekte-vardi	kronoloji_cok_1dunya_B.js:42;kronoloji_cok_1dunya_B.js:82;paket_09.js:1453;paket_09.js:1493
islamansiklopedisi.org.tr/etiyopya	etiyopya	200	-	e	onbellekte-vardi	kronoloji_cok_1923_1945.js:1134;kronoloji_cok_1923_1945.js:1193;kronoloji_cok_1923_1945.js:2396;kronoloji_cok_1923_1945.js:2571
islamansiklopedisi.org.tr/fahreddin-pasa	fahreddin-pasa	200	-	h	yeni-cekildi	kronoloji_cok_1dunya_B.js:48;kronoloji_cok_1dunya_B.js:97;paket_09.js:1459;paket_09.js:1508
islamansiklopedisi.org.tr/farukiler	farukiler	200	-	h	yeni-cekildi	paket_20.js:949;yerlesimler_hindistan.js:31
islamansiklopedisi.org.tr/fas	fas	200	-	e	onbellekte-vardi	olaylar_ek13.js:100;paket_02.js:1870
islamansiklopedisi.org.tr/ferec	ferec	200	-	e	onbellekte-vardi	kronoloji_memluk.js:196;kronoloji_memluk.js:210;kronoloji_memluk.js:216;kronoloji_memluk.js:218;kronoloji_memluk.js:222;paket_07.js:201
islamansiklopedisi.org.tr/filistin	filistin	200	-	e	onbellekte-vardi	d_sinirlar_ortadogu.js:20;d_sinirlar_ortadogu.js:20;d_sinirlar_ortadogu.js:22;paket_28.js:1301;paket_28.js:1301;paket_28.js:1303
islamansiklopedisi.org.tr/fransa	fransa	200	-	h	yeni-cekildi	kronoloji_fransa.js:45;kronoloji_fransa.js:260;paket_08.js:1953;paket_08.js:2168
islamansiklopedisi.org.tr/fuzuli	fuzuli	200	-	h	yeni-cekildi	ekokuma_edebiyat.js:69;ekokuma_edebiyat.js:81
islamansiklopedisi.org.tr/gazze	gazze	200	-	e	onbellekte-vardi	d_sinirlar_ortadogu.js:20;paket_28.js:1301
islamansiklopedisi.org.tr/girit	girit	200	-	e	onbellekte-vardi	kronoloji_cok_yunanistan.js:20;kronoloji_cok_yunanistan.js:22;kronoloji_cok_yunanistan.js:23;paket_30.js:5754;paket_30.js:5756;paket_30.js:5757
islamansiklopedisi.org.tr/hafsiler	hafsiler	200	-	e	onbellekte-vardi	kronoloji_cok_once1281_avrupa.js:271
islamansiklopedisi.org.tr/halep	halep	200	-	e	onbellekte-vardi	kronoloji_cok_1dunya_B.js:93;kronoloji_cok_1dunya_B.js:94;paket_09.js:1504;paket_09.js:1505
islamansiklopedisi.org.tr/hayfa	hayfa	200	-	h	yeni-cekildi	kronoloji_cok_1dunya_B.js:92;paket_09.js:1503
islamansiklopedisi.org.tr/hilafet	hilafet	200	-	h	yeni-cekildi	kronoloji_cok_1923_1945.js:77
islamansiklopedisi.org.tr/hirvatistan	hirvatistan	200	-	e	onbellekte-vardi	kronoloji_cok_once1281_avrupa.js:91
islamansiklopedisi.org.tr/hotin	hotin	200	-	e	onbellekte-vardi	d_sinirlar_avrupa_orta.js:152;d_sinirlar_avrupa_orta.js:156;paket_28.js:1214;paket_28.js:1218
islamansiklopedisi.org.tr/hudiler	hudiler	200	-	h	yeni-cekildi	kronoloji_cok_once1281_avrupa.js:65;kronoloji_cok_once1281_avrupa.js:217
islamansiklopedisi.org.tr/idil-bulgar-hanligi	idil-bulgar-hanligi	200	-	e	onbellekte-vardi	kronoloji_cok_once1281_avrupa.js:216
islamansiklopedisi.org.tr/irak--ulke	irak--ulke	200	-	h	yeni-cekildi	d_sinirlar_komsu.js:52;paket_28.js:875
islamansiklopedisi.org.tr/isbiliye	isbiliye	200	-	e	onbellekte-vardi	kronoloji_cok_once1281_avrupa.js:34;kronoloji_cok_once1281_avrupa.js:90;kronoloji_cok_once1281_avrupa.js:238
islamansiklopedisi.org.tr/iskenderiye	iskenderiye	200	-	e	onbellekte-vardi	kronoloji_memluk.js:284;paket_07.js:289
islamansiklopedisi.org.tr/isvec	isvec	200	-	e	onbellekte-vardi	kronoloji_isvec.js:44;paket_11.js:648
islamansiklopedisi.org.tr/japonya	japonya	200	-	e	onbellekte-vardi	kronoloji_cok_1dunya_B.js:12;paket_09.js:1423
islamansiklopedisi.org.tr/kahramanmaras	kahramanmaras	200	-	h	yeni-cekildi	paket_13.js:262;yerlesimler.js:257;yer_yama_uyg2.js:195
islamansiklopedisi.org.tr/karlofca	karlofca	200	-	e	onbellekte-vardi	hukuki_sinirlar.js:266;hukuki_sinirlar.js:301;hukuki_sinirlar.js:360;paket_16.js:271;paket_16.js:306;paket_16.js:365
islamansiklopedisi.org.tr/katar	katar	200	-	e	onbellekte-vardi	kronoloji_cok_1923_1945.js:3403
islamansiklopedisi.org.tr/kelbiler	kelbiler	200	-	h	yeni-cekildi	devletler.js:10177;kronoloji_cok_once1281_avrupa.js:50;paket_05.js:10196
islamansiklopedisi.org.tr/kesmir	kesmir	200	-	h	yeni-cekildi	kronoloji_cok_1923_1945.js:1178;kronoloji_cok_1923_1945.js:1383;kronoloji_cok_1923_1945.js:3388
islamansiklopedisi.org.tr/kibris	kibris	200	-	e	onbellekte-vardi	kronoloji_memluk.js:276;kronoloji_memluk.js:300;paket_07.js:281;paket_07.js:305
islamansiklopedisi.org.tr/kirmansah	kirmansah	200	-	e	onbellekte-vardi	kronoloji_cok_1dunya_B.js:55;paket_09.js:1466
islamansiklopedisi.org.tr/kubbetus-sahre	kubbetus-sahre	200	-	e	onbellekte-vardi	kronoloji_memluk.js:292;paket_07.js:297
islamansiklopedisi.org.tr/kudus	kudus	200	-	e	onbellekte-vardi	kronoloji_memluk.js:292;paket_07.js:297
islamansiklopedisi.org.tr/kurtuba	kurtuba	200	-	e	onbellekte-vardi	kronoloji_cok_once1281_avrupa.js:20;kronoloji_cok_once1281_avrupa.js:132
islamansiklopedisi.org.tr/kutulamare	kutulamare	200	-	e	onbellekte-vardi	kronoloji_cok_1dunya_B.js:39;kronoloji_cok_1dunya_B.js:40;kronoloji_cok_1dunya_B.js:41;kronoloji_cok_1dunya_B.js:46;kronoloji_cok_1dunya_B.js:56;kronoloji_cok_1dunya_B.js:58
islamansiklopedisi.org.tr/kuveyt	kuveyt	200	-	e	onbellekte-vardi	d_sinirlar_arabistan.js:14;kronoloji_cok_1923_1945.js:1868;kronoloji_cok_1923_1945.js:2455;kronoloji_cok_1dunya_B.js:26;paket_09.js:1437;paket_29.js:19
islamansiklopedisi.org.tr/liberya	liberya	200	-	e	onbellekte-vardi	kronoloji_cok_1923_1945.js:578;kronoloji_cok_1923_1945.js:5365;kronoloji_cok_1923_1945.js:6039
islamansiklopedisi.org.tr/libya	libya	200	-	h	yeni-cekildi	kronoloji_cok_1923_1945.js:857;kronoloji_cok_1923_1945.js:1267
islamansiklopedisi.org.tr/limni	limni	200	-	e	onbellekte-vardi	kronoloji_cok_yunanistan.js:24;paket_30.js:5758
islamansiklopedisi.org.tr/lubnan	lubnan	200	-	e	onbellekte-vardi	kronoloji_cok_1923_1945.js:506;kronoloji_cok_1923_1945.js:2716;kronoloji_cok_1923_1945.js:5937;kronoloji_cok_1923_1945.js:5952
islamansiklopedisi.org.tr/macaristan	macaristan	200	-	e	onbellekte-vardi	kronoloji_cok_once1281_avrupa.js:49;kronoloji_cok_once1281_avrupa.js:203;kronoloji_cok_once1281_avrupa.js:229
islamansiklopedisi.org.tr/makedonya	makedonya	200	-	e	onbellekte-vardi	kronoloji_cok_bulgaristan.js:15;kronoloji_cok_yunanistan.js:21;paket_30.js:4639;paket_30.js:5755
islamansiklopedisi.org.tr/mayurka	mayurka	200	-	h	yeni-cekildi	kronoloji_cok_once1281_avrupa.js:213
islamansiklopedisi.org.tr/medine	medine	200	-	e	onbellekte-vardi	kronoloji_cok_1dunya_B.js:97;paket_09.js:1508
islamansiklopedisi.org.tr/mercidabik-muharebesi	mercidabik-muharebesi	200	-	e	onbellekte-vardi	kronoloji_memluk.js:336;paket_07.js:341
islamansiklopedisi.org.tr/mescid-i-nebevi	mescid-i-nebevi	200	-	h	yeni-cekildi	kronoloji_memluk.js:290;paket_07.js:295
islamansiklopedisi.org.tr/misir	misir	200	-	e	onbellekte-vardi	d_sinirlar_ortadogu.js:21;d_sinirlar_ortadogu.js:22;d_sinirlar_ortadogu.js:29;paket_28.js:1302;paket_28.js:1303;paket_28.js:1310
islamansiklopedisi.org.tr/montro-bogazlar-sozlesmesi	montro-bogazlar-sozlesmesi	200	-	h	yeni-cekildi	kronoloji_cok_1923_1945.js:2686
islamansiklopedisi.org.tr/mora	mora	200	-	e	onbellekte-vardi	kronoloji_cok_yunanistan.js:14;kronoloji_cok_yunanistan.js:15;paket_30.js:5748;paket_30.js:5749
islamansiklopedisi.org.tr/muhammed-v	muhammed-v	200	-	h	yeni-cekildi	kronoloji_cok_1923_1945.js:709;kronoloji_cok_1923_1945.js:2894;kronoloji_cok_1923_1945.js:5657;kronoloji_cok_1923_1945.js:6010
islamansiklopedisi.org.tr/mulukut-tavaif	mulukut-tavaif	200	-	h	yeni-cekildi	devletler.js:10069;kronoloji_cok_once1281_avrupa.js:18;kronoloji_cok_once1281_avrupa.js:65;kronoloji_cok_once1281_avrupa.js:70;paket_05.js:10088
islamansiklopedisi.org.tr/murabitlar	murabitlar	200	-	e	onbellekte-vardi	kronoloji_cok_once1281_avrupa.js:104;kronoloji_cok_once1281_avrupa.js:132
islamansiklopedisi.org.tr/murad-iii	murad-iii	200	-	e	onbellekte-vardi	hukuki_sinirlar.js:518;paket_16.js:523
islamansiklopedisi.org.tr/mursiye	mursiye	200	-	h	yeni-cekildi	kronoloji_cok_once1281_avrupa.js:151;kronoloji_cok_once1281_avrupa.js:210;kronoloji_cok_once1281_avrupa.js:233
islamansiklopedisi.org.tr/mus	mus	200	-	e	onbellekte-vardi	kronoloji_cok_1dunya_B.js:43;kronoloji_cok_1dunya_B.js:50;paket_09.js:1454;paket_09.js:1461
islamansiklopedisi.org.tr/mustafa-kemal-ataturk	mustafa-kemal-ataturk	200	-	h	yeni-cekildi	kronoloji_cok_1923_1945.js:535;kronoloji_cok_1923_1945.js:1957;kronoloji_cok_1923_1945.js:1958;kronoloji_cok_1923_1945.js:3358
islamansiklopedisi.org.tr/mutevekkil-alellah-yahya-hamiduddin	mutevekkil-alellah-yahya-hamiduddin	200	-	h	yeni-cekildi	kronoloji_cok_1923_1945.js:240;kronoloji_cok_1923_1945.js:477
islamansiklopedisi.org.tr/muvahhidler	muvahhidler	200	-	e	onbellekte-vardi	kronoloji_cok_once1281_avrupa.js:151;kronoloji_cok_once1281_avrupa.js:175;kronoloji_cok_once1281_avrupa.js:190
islamansiklopedisi.org.tr/nasriler	nasriler	200	-	e	onbellekte-vardi	kronoloji_cok_once1281_avrupa.js:236
islamansiklopedisi.org.tr/nedim--divan-sairi	nedim--divan-sairi	200	-	h	yeni-cekildi	ekokuma_edebiyat.js:93;ekokuma_edebiyat.js:105
islamansiklopedisi.org.tr/nefi	nefi	200	-	h	yeni-cekildi	ekokuma_edebiyat.js:117
islamansiklopedisi.org.tr/nepal	nepal	200	-	h	yeni-cekildi	kronoloji_cok_1923_1945.js:32
islamansiklopedisi.org.tr/nusretiye-camii	nusretiye-camii	200	-	h	yeni-cekildi	ekokuma_camitarz.js:61
islamansiklopedisi.org.tr/oniki-ada	oniki-ada	200	-	h	yeni-cekildi	kronoloji_cok_1923_1945.js:47
islamansiklopedisi.org.tr/ozbekistan	ozbekistan	200	-	h	yeni-cekildi	kronoloji_cok_1923_1945.js:180
islamansiklopedisi.org.tr/pasarofca-antlasmasi	pasarofca-antlasmasi	200	-	e	onbellekte-vardi	d_sinirlar_avrupa_orta.js:151;paket_28.js:1213
islamansiklopedisi.org.tr/piza	piza	302	https://islamansiklopedisi.org.tr/arama/piza	h	kodu-302	devletler.js:7644;paket_05.js:7663
islamansiklopedisi.org.tr/polonya	polonya	200	-	e	onbellekte-vardi	yer_yama.js:690
islamansiklopedisi.org.tr/portekiz	portekiz	200	-	e	onbellekte-vardi	kronoloji_cok_once1281_avrupa.js:125
islamansiklopedisi.org.tr/rusya	rusya	200	-	e	onbellekte-vardi	devletler.js:10271;paket_05.js:10290
islamansiklopedisi.org.tr/sadabad-pakti	sadabad-pakti	200	-	h	yeni-cekildi	kronoloji_cok_1923_1945.js:2952
islamansiklopedisi.org.tr/sanliurfa	sanliurfa	200	-	e	onbellekte-vardi	paket_13.js:259;yerlesimler.js:254;yer_yama_uyg2.js:179
islamansiklopedisi.org.tr/sarakusta	sarakusta	200	-	h	yeni-cekildi	devletler.js:10069;kronoloji_cok_once1281_avrupa.js:51;kronoloji_cok_once1281_avrupa.js:106;kronoloji_cok_once1281_avrupa.js:111;paket_05.js:10088
islamansiklopedisi.org.tr/sarikamis-harekati	sarikamis-harekati	200	-	e	onbellekte-vardi	kronoloji_cok_1dunya_B.js:20;kronoloji_cok_1dunya_B.js:30;paket_09.js:1431;paket_09.js:1441
islamansiklopedisi.org.tr/sattularap	sattularap	200	-	h	yeni-cekildi	hukuki_sinirlar.js:227;paket_16.js:232
islamansiklopedisi.org.tr/sehrizor	sehrizor	200	-	e	onbellekte-vardi	yer_yama_uyg3.js:19
islamansiklopedisi.org.tr/semadirek	semadirek	200	-	e	onbellekte-vardi	kronoloji_cok_yunanistan.js:26;paket_30.js:5760
islamansiklopedisi.org.tr/senusiyye	senusiyye	200	-	h	yeni-cekildi	kronoloji_cok_1923_1945.js:462;kronoloji_cok_1923_1945.js:1208;kronoloji_cok_1dunya_B.js:54;kronoloji_cok_1dunya_B.js:57;paket_09.js:1465;paket_09.js:1468
islamansiklopedisi.org.tr/serif-huseyin	serif-huseyin	200	-	e	onbellekte-vardi	kronoloji_cok_1923_1945.js:92;kronoloji_cok_1923_1945.js:165;kronoloji_cok_1dunya_B.js:29;kronoloji_cok_1dunya_B.js:37;kronoloji_cok_1dunya_B.js:47;kronoloji_cok_1dunya_B.js:48
islamansiklopedisi.org.tr/sicilya	sicilya	200	-	h	yeni-cekildi	devletler.js:10177;devletler.js:10203;kronoloji_cok_once1281_avrupa.js:57;kronoloji_cok_once1281_avrupa.js:62;kronoloji_cok_once1281_avrupa.js:74;paket_05.js:10196
islamansiklopedisi.org.tr/sirbistan	sirbistan	200	-	e	onbellekte-vardi	devletler.js:10313;d_sinirlar_avrupa_orta.js:193;paket_05.js:10332;paket_28.js:1255
islamansiklopedisi.org.tr/sofya	sofya	200	-	e	onbellekte-vardi	kronoloji_cok_bulgaristan.js:14;paket_30.js:4638
islamansiklopedisi.org.tr/somali	somali	200	-	e	onbellekte-vardi	kronoloji_cok_1923_1945.js:623
islamansiklopedisi.org.tr/suriye	suriye	200	-	e	onbellekte-vardi	kronoloji_cok_1923_1945.js:225;kronoloji_cok_1923_1945.js:374;kronoloji_cok_1923_1945.js:2716;kronoloji_cok_1923_1945.js:7136
islamansiklopedisi.org.tr/suudi-arabistan	suudi-arabistan	200	-	h	yeni-cekildi	kronoloji_cok_1923_1945.js:1592;kronoloji_cok_1923_1945.js:2073
islamansiklopedisi.org.tr/taif	taif	200	-	h	yeni-cekildi	kronoloji_cok_1dunya_B.js:52;paket_09.js:1463
islamansiklopedisi.org.tr/tanca	tanca	200	-	e	onbellekte-vardi	kronoloji_cok_1923_1945.js:4086
islamansiklopedisi.org.tr/tasoz	tasoz	200	-	e	onbellekte-vardi	kronoloji_cok_yunanistan.js:25;paket_30.js:5759
islamansiklopedisi.org.tr/tebriz	tebriz	200	-	e	onbellekte-vardi	kronoloji_cok_1dunya_B.js:90;kronoloji_cok_1dunya_B.js:100;paket_09.js:1501;paket_09.js:1511
islamansiklopedisi.org.tr/trablusgarp-savasi	trablusgarp-savasi	200	-	h	yeni-cekildi	d_sinirlar_ortadogu.js:26;d_sinirlar_ortadogu.js:27;paket_28.js:1307;paket_28.js:1308
islamansiklopedisi.org.tr/trabzon	trabzon	200	-	e	onbellekte-vardi	kronoloji_cok_1dunya_B.js:45;kronoloji_cok_1dunya_B.js:80;paket_09.js:1456;paket_09.js:1491
islamansiklopedisi.org.tr/tuleytula	tuleytula	200	-	e	onbellekte-vardi	kronoloji_cok_once1281_avrupa.js:47
islamansiklopedisi.org.tr/turkiye	turkiye	200	-	h	yeni-cekildi	kronoloji_cok_1923_1945.js:77;kronoloji_cok_1923_1945.js:417;kronoloji_cok_1923_1945.js:535;kronoloji_cok_1923_1945.js:2908;kronoloji_cok_1923_1945.js:3865;kronoloji_cok_1923_1945.js:4866
islamansiklopedisi.org.tr/turkmenistan	turkmenistan	200	-	h	yeni-cekildi	kronoloji_cok_1923_1945.js:180
islamansiklopedisi.org.tr/tuva	tuva	200	-	h	yeni-cekildi	kronoloji_cok_1923_1945.js:6460
islamansiklopedisi.org.tr/ukrayna	ukrayna	200	-	e	onbellekte-vardi	kronoloji_cok_1dunya_A.js:107;paket_09.js:1406
islamansiklopedisi.org.tr/ulucami	ulucami	200	-	h	yeni-cekildi	ekokuma_camitarz.js:45
islamansiklopedisi.org.tr/uman	uman	200	-	e	onbellekte-vardi	kronoloji_cok_1923_1945.js:1413
islamansiklopedisi.org.tr/usbune	usbune	200	-	h	yeni-cekildi	kronoloji_cok_once1281_avrupa.js:124;kronoloji_cok_once1281_avrupa.js:130
islamansiklopedisi.org.tr/van	van	200	-	e	onbellekte-vardi	kronoloji_cok_1dunya_B.js:83;paket_09.js:1494
islamansiklopedisi.org.tr/vidin	vidin	200	-	e	onbellekte-vardi	kronoloji_cok_bulgaristan.js:11;kronoloji_cok_bulgaristan.js:12;paket_30.js:4635;paket_30.js:4636
islamansiklopedisi.org.tr/yafa	yafa	200	-	e	onbellekte-vardi	kronoloji_cok_1dunya_B.js:76;paket_09.js:1487
islamansiklopedisi.org.tr/yakutlar	yakutlar	200	-	h	yeni-cekildi	paket_14.js:5060;yerlesimler_sibirya.js:37
islamansiklopedisi.org.tr/yanya	yanya	200	-	e	onbellekte-vardi	kronoloji_cok_yunanistan.js:11;kronoloji_cok_yunanistan.js:12;kronoloji_cok_yunanistan.js:13;kronoloji_cok_yunanistan.js:16;paket_30.js:5745;paket_30.js:5746
islamansiklopedisi.org.tr/yemen	yemen	200	-	e	onbellekte-vardi	d_sinirlar_ortadogu.js:30;kronoloji_cok_1923_1945.js:240;kronoloji_cok_1923_1945.js:1898;paket_28.js:1311
islamansiklopedisi.org.tr/yugoslavya	yugoslavya	200	-	h	yeni-cekildi	d_sinirlar_komsu.js:12;d_sinirlar_komsu.js:13;kronoloji_cok_1923_1945.js:872;paket_28.js:835;paket_28.js:836
islamansiklopedisi.org.tr/yunanistan	yunanistan	200	-	e	onbellekte-vardi	kronoloji_cok_1923_1945.js:1119;kronoloji_cok_yunanistan.js:14;kronoloji_cok_yunanistan.js:17;kronoloji_cok_yunanistan.js:18;kronoloji_cok_yunanistan.js:19;kronoloji_cok_yunanistan.js:20
islamansiklopedisi.org.tr/zellaka-savasi	zellaka-savasi	200	-	h	yeni-cekildi	kronoloji_cok_once1281_avrupa.js:85;kronoloji_cok_once1281_avrupa.js:87
islamansiklopedisi.org.tr/zengibar	zengibar	200	-	e	onbellekte-vardi	kronoloji_cok_1923_1945.js:1883;kronoloji_cok_1923_1945.js:3433
islamansiklopedisi.org.tr/ziriler	ziriler	200	-	e	onbellekte-vardi	kronoloji_cok_once1281_avrupa.js:89
islamansiklopedisi.org.tr/zunnuniler	zunnuniler	200	-	h	yeni-cekildi	kronoloji_cok_once1281_avrupa.js:84
