kova	dosya	sorgu	bayt	icerik_hash8	mtime	otuziki_kardesi	dolu_kardesi	madde_izi
IRAN-KAFKAS-0082	ARAMA-abadan.txt	abadan	0	d41d8cd9	2026-09-30T02:03	0	1	0
IRAN-KAFKAS-0082	ARAMA-fav.txt	fav	0	d41d8cd9	2026-09-30T02:03	0	0	0
IRAN-KAFKAS-0082	ARAMA-hacı_davud.txt	hacı_davud	0	d41d8cd9	2026-09-30T02:03	0	0	0
IRAN-KAFKAS-0082	ARAMA-kerim_han_zend.txt	kerim_han_zend	0	d41d8cd9	2026-09-30T02:03	0	0	0
IRAN-KAFKAS-0082	ARAMA-serdeşt.txt	serdeşt	0	d41d8cd9	2026-09-30T02:03	0	0	0
IRAN-KAFKAS-0082	ARAMA-türkmençay.txt	türkmençay	0	d41d8cd9	2026-09-30T02:03	0	0	0
IRAN-KAFKAS-0082	ARAMA-ığdır.txt	ığdır	0	d41d8cd9	2026-09-30T02:03	0	0	0
ONCE1281-YERLESIM	ARAMA-absu.txt	absu	76	26128ca4	2026-09-30T21:40	1	0	0
ONCE1281-YERLESIM	ARAMA-adranos.txt	adranos	76	26128ca4	2026-09-30T21:40	1	0	0
ONCE1281-YERLESIM	ARAMA-ahilkelek.txt	ahilkelek	76	26128ca4	2026-09-30T21:53	1	0	0
ONCE1281-YERLESIM	ARAMA-ahmim.txt	ahmim	76	26128ca4	2026-09-30T21:48	1	0	0
ONCE1281-YERLESIM	ARAMA-ahtapolu.txt	ahtapolu	76	26128ca4	2026-09-30T21:50	1	0	0
ONCE1281-YERLESIM	ARAMA-ak-mecit.txt	ak-mecit	76	26128ca4	2026-09-30T21:56	1	0	0
ONCE1281-YERLESIM	ARAMA-akcakale.txt	akcakale	76	26128ca4	2026-09-30T21:50	1	0	0
ONCE1281-YERLESIM	ARAMA-akcakoca.txt	akcakoca	76	26128ca4	2026-09-30T21:43	1	0	0
ONCE1281-YERLESIM	ARAMA-akra.txt	akra	100	58282468	2026-09-30T21:44	1	0	0
ONCE1281-YERLESIM	ARAMA-akyazi.txt	akyazi	76	26128ca4	2026-09-30T21:38	1	0	0
ONCE1281-YERLESIM	ARAMA-amasra.txt	amasra	76	26128ca4	2026-09-30T21:38	1	0	0
ONCE1281-YERLESIM	ARAMA-ammare.txt	ammare	76	26128ca4	2026-09-30T21:44	1	0	0
ONCE1281-YERLESIM	ARAMA-amul.txt	amul	101	edcd2546	2026-09-30T21:47	1	0	0
ONCE1281-YERLESIM	ARAMA-anadolu-hisari.txt	anadolu-hisari	76	26128ca4	2026-09-30T21:40	1	0	0
ONCE1281-YERLESIM	ARAMA-anamur.txt	anamur	76	26128ca4	2026-09-30T21:38	1	0	0
ONCE1281-YERLESIM	ARAMA-andican.txt	andican	76	26128ca4	2026-09-30T21:49	1	0	0
ONCE1281-YERLESIM	ARAMA-ane.txt	ane	110	742187d2	2026-09-30T21:44	1	0	0
ONCE1281-YERLESIM	ARAMA-antep.txt	antep	87	b3acbe78	2026-09-30T21:59	0	1	0
ONCE1281-YERLESIM	ARAMA-arhavi.txt	arhavi	76	26128ca4	2026-09-30T21:52	1	0	0
ONCE1281-YERLESIM	ARAMA-armutlu.txt	armutlu	76	26128ca4	2026-09-30T21:38	1	0	0
ONCE1281-YERLESIM	ARAMA-arpacay.txt	arpacay	76	26128ca4	2026-09-30T21:51	1	0	0
ONCE1281-YERLESIM	ARAMA-askale.txt	askale	76	26128ca4	2026-09-30T21:53	1	0	0
ONCE1281-YERLESIM	ARAMA-astara.txt	astara	76	26128ca4	2026-09-30T21:47	1	0	0
ONCE1281-YERLESIM	ARAMA-atfih.txt	atfih	76	26128ca4	2026-09-30T21:48	1	0	0
ONCE1281-YERLESIM	ARAMA-aydos-kalesi.txt	aydos-kalesi	76	26128ca4	2026-09-30T21:37	1	0	0
ONCE1281-YERLESIM	ARAMA-ayn-el-arab.txt	ayn-el-arab	76	26128ca4	2026-09-30T21:50	1	0	0
ONCE1281-YERLESIM	ARAMA-ayvalik.txt	ayvalik	76	26128ca4	2026-09-30T21:43	1	0	0
ONCE1281-YERLESIM	ARAMA-azez.txt	azez	76	26128ca4	2026-09-30T21:50	1	0	0
ONCE1281-YERLESIM	ARAMA-babu.txt	babu	150	ef267d4d	2026-09-30T21:55	1	0	0
ONCE1281-YERLESIM	ARAMA-bacirge.txt	bacirge	76	26128ca4	2026-09-30T21:54	1	0	0
ONCE1281-YERLESIM	ARAMA-balikli.txt	balikli	76	26128ca4	2026-09-30T21:55	1	0	0
ONCE1281-YERLESIM	ARAMA-bane.txt	bane	107	a0182168	2026-09-30T21:54	1	0	0
ONCE1281-YERLESIM	ARAMA-bargiri.txt	bargiri	76	26128ca4	2026-09-30T21:54	1	0	0
ONCE1281-YERLESIM	ARAMA-baskale.txt	baskale	76	26128ca4	2026-09-30T21:51	1	0	0
ONCE1281-YERLESIM	ARAMA-batnoz.txt	batnoz	76	26128ca4	2026-09-30T21:41	1	0	0
ONCE1281-YERLESIM	ARAMA-behbehan.txt	behbehan	76	26128ca4	2026-09-30T21:45	1	0	0
ONCE1281-YERLESIM	ARAMA-behnesa.txt	behnesa	76	26128ca4	2026-09-30T21:48	1	0	0
ONCE1281-YERLESIM	ARAMA-behramkale.txt	behramkale	76	26128ca4	2026-09-30T21:49	1	0	0
ONCE1281-YERLESIM	ARAMA-bem.txt	bem	76	26128ca4	2026-09-30T21:46	1	0	0
ONCE1281-YERLESIM	ARAMA-bempur.txt	bempur	76	26128ca4	2026-09-30T21:46	1	0	0
ONCE1281-YERLESIM	ARAMA-bender-abbas.txt	bender-abbas	76	26128ca4	2026-09-30T21:45	1	0	0
ONCE1281-YERLESIM	ARAMA-bender-enzeli.txt	bender-enzeli	76	26128ca4	2026-09-30T21:47	1	0	0
ONCE1281-YERLESIM	ARAMA-bender-lengeh.txt	bender-lengeh	76	26128ca4	2026-09-30T21:46	1	0	0
ONCE1281-YERLESIM	ARAMA-bender-rig.txt	bender-rig	76	26128ca4	2026-09-30T21:46	1	0	0
ONCE1281-YERLESIM	ARAMA-beni-suveyf.txt	beni-suveyf	76	26128ca4	2026-09-30T21:48	1	0	0
ONCE1281-YERLESIM	ARAMA-beri.txt	beri	201	1974de24	2026-09-30T21:56	1	0	0
ONCE1281-YERLESIM	ARAMA-beykoz.txt	beykoz	101	a8c447dc	2026-09-30T22:00	0	1	0
ONCE1281-YERLESIM	ARAMA-bicar.txt	bicar	76	26128ca4	2026-09-30T21:44	1	0	0
ONCE1281-YERLESIM	ARAMA-biga.txt	biga	82	4fe2f954	2026-09-30T21:39	1	0	0
ONCE1281-YERLESIM	ARAMA-bilbis.txt	bilbis	76	26128ca4	2026-09-30T21:48	1	0	0
ONCE1281-YERLESIM	ARAMA-bircend.txt	bircend	86	52905656	2026-09-30T21:45	1	0	0
ONCE1281-YERLESIM	ARAMA-bistam.txt	bistam	107	9e3d4692	2026-09-30T21:45	1	0	0
ONCE1281-YERLESIM	ARAMA-bocnurd.txt	bocnurd	76	26128ca4	2026-09-30T21:47	1	0	0
ONCE1281-YERLESIM	ARAMA-bolayir.txt	bolayir	95	e9caded6	2026-09-30T21:41	1	0	0
ONCE1281-YERLESIM	ARAMA-borcka.txt	borcka	76	26128ca4	2026-09-30T21:52	1	0	0
ONCE1281-YERLESIM	ARAMA-bozuyuk.txt	bozuyuk	76	26128ca4	2026-09-30T21:38	1	0	0
ONCE1281-YERLESIM	ARAMA-burucird.txt	burucird	76	26128ca4	2026-09-30T21:45	1	0	0
ONCE1281-YERLESIM	ARAMA-burullus.txt	burullus	76	26128ca4	2026-09-30T21:48	1	0	0
ONCE1281-YERLESIM	ARAMA-busehr.txt	busehr	76	26128ca4	2026-09-30T21:46	1	0	0
ONCE1281-YERLESIM	ARAMA-cahbahar.txt	cahbahar	76	26128ca4	2026-09-30T21:46	1	0	0
ONCE1281-YERLESIM	ARAMA-caldiran.txt	caldiran	76	26128ca4	2026-09-30T21:51	1	0	0
ONCE1281-YERLESIM	ARAMA-carsamba.txt	carsamba	76	26128ca4	2026-09-30T21:41	1	0	0
ONCE1281-YERLESIM	ARAMA-cask.txt	cask	76	26128ca4	2026-09-30T21:46	1	0	0
ONCE1281-YERLESIM	ARAMA-catalca.txt	catalca	98	a1df430b	2026-09-30T21:53	1	0	0
ONCE1281-YERLESIM	ARAMA-cehrom.txt	cehrom	76	26128ca4	2026-09-30T21:46	1	0	0
ONCE1281-YERLESIM	ARAMA-cemisgezek.txt	cemisgezek	76	26128ca4	2026-09-30T21:47	1	0	0
ONCE1281-YERLESIM	ARAMA-cerablus.txt	cerablus	76	26128ca4	2026-09-30T21:50	1	0	0
ONCE1281-YERLESIM	ARAMA-cesme.txt	cesme	91	73af6a51	2026-09-30T21:59	0	1	0
ONCE1281-YERLESIM	ARAMA-ceylanpinar.txt	ceylanpinar	76	26128ca4	2026-09-30T21:50	1	0	0
ONCE1281-YERLESIM	ARAMA-cibri.txt	cibri	85	ebee29f4	2026-09-30T21:55	1	0	0
ONCE1281-YERLESIM	ARAMA-cimpe.txt	cimpe	76	26128ca4	2026-09-30T21:39	1	0	0
ONCE1281-YERLESIM	ARAMA-cirge.txt	cirge	76	26128ca4	2026-09-30T21:48	1	0	0
ONCE1281-YERLESIM	ARAMA-ciruft.txt	ciruft	76	26128ca4	2026-09-30T21:46	1	0	0
ONCE1281-YERLESIM	ARAMA-cizzah.txt	cizzah	76	26128ca4	2026-09-30T21:49	1	0	0
ONCE1281-YERLESIM	ARAMA-colemerik.txt	colemerik	76	26128ca4	2026-09-30T22:00	0	1	0
ONCE1281-YERLESIM	ARAMA-corlu.txt	corlu	118	6722e142	2026-09-30T21:39	1	0	0
ONCE1281-YERLESIM	ARAMA-culfa.txt	culfa	76	26128ca4	2026-09-30T21:43	1	0	0
ONCE1281-YERLESIM	ARAMA-cumai.txt	cumai	76	26128ca4	2026-09-30T21:55	1	0	0
ONCE1281-YERLESIM	ARAMA-damgan.txt	damgan	99	469084ca	2026-09-30T21:45	1	0	0
ONCE1281-YERLESIM	ARAMA-darab.txt	darab	84	12f63a4e	2026-09-30T21:45	1	0	0
ONCE1281-YERLESIM	ARAMA-darende.txt	darende	76	26128ca4	2026-09-30T21:56	1	0	0
ONCE1281-YERLESIM	ARAMA-datca.txt	datca	76	26128ca4	2026-09-30T21:38	1	0	0
ONCE1281-YERLESIM	ARAMA-demenhur.txt	demenhur	76	26128ca4	2026-09-30T21:47	1	0	0
ONCE1281-YERLESIM	ARAMA-demirkoy.txt	demirkoy	76	26128ca4	2026-09-30T21:50	1	0	0
ONCE1281-YERLESIM	ARAMA-dessuk.txt	dessuk	76	26128ca4	2026-09-30T21:47	1	0	0
ONCE1281-YERLESIM	ARAMA-devrek.txt	devrek	76	26128ca4	2026-09-30T21:43	1	0	0
ONCE1281-YERLESIM	ARAMA-deyrulkamer.txt	deyrulkamer	76	26128ca4	2026-09-30T21:53	1	0	0
ONCE1281-YERLESIM	ARAMA-deyrut.txt	deyrut	76	26128ca4	2026-09-30T21:48	1	0	0
ONCE1281-YERLESIM	ARAMA-digor.txt	digor	76	26128ca4	2026-09-30T21:51	1	0	0
ONCE1281-YERLESIM	ARAMA-dimbos.txt	dimbos	76	26128ca4	2026-09-30T21:40	1	0	0
ONCE1281-YERLESIM	ARAMA-divaniye.txt	divaniye	76	26128ca4	2026-09-30T21:44	1	0	0
ONCE1281-YERLESIM	ARAMA-domanic.txt	domanic	76	26128ca4	2026-09-30T21:40	1	0	0
ONCE1281-YERLESIM	ARAMA-dortyol.txt	dortyol	76	26128ca4	2026-09-30T21:52	1	0	0
ONCE1281-YERLESIM	ARAMA-duhok.txt	duhok	76	26128ca4	2026-09-30T21:44	1	0	0
ONCE1281-YERLESIM	ARAMA-ebiverd.txt	ebiverd	76	26128ca4	2026-09-30T21:47	1	0	0
ONCE1281-YERLESIM	ARAMA-ebrekuh.txt	ebrekuh	76	26128ca4	2026-09-30T21:46	1	0	0
ONCE1281-YERLESIM	ARAMA-ecmiyadzin.txt	ecmiyadzin	76	26128ca4	2026-09-30T21:51	1	0	0
ONCE1281-YERLESIM	ARAMA-edfu.txt	edfu	76	26128ca4	2026-09-30T21:49	1	0	0
ONCE1281-YERLESIM	ARAMA-edremit.txt	edremit	76	26128ca4	2026-09-30T21:42	1	0	0
ONCE1281-YERLESIM	ARAMA-eflani.txt	eflani	76	26128ca4	2026-09-30T21:42	1	0	0
ONCE1281-YERLESIM	ARAMA-egirdir.txt	egirdir	76	26128ca4	2026-09-30T21:42	1	0	0
ONCE1281-YERLESIM	ARAMA-el-aris.txt	el-aris	101	dcc7110e	2026-09-30T21:48	1	0	0
ONCE1281-YERLESIM	ARAMA-elhova.txt	elhova	76	26128ca4	2026-09-30T21:50	1	0	0
ONCE1281-YERLESIM	ARAMA-elmali.txt	elmali	101	81effe66	2026-09-30T21:43	1	0	0
ONCE1281-YERLESIM	ARAMA-emet.txt	emet	101	adaccf74	2026-09-30T21:42	1	0	0
ONCE1281-YERLESIM	ARAMA-enez.txt	enez	98	68e26638	2026-09-30T21:38	1	0	0
ONCE1281-YERLESIM	ARAMA-erak.txt	erak	76	26128ca4	2026-09-30T21:45	1	0	0
ONCE1281-YERLESIM	ARAMA-ercis.txt	ercis	91	fbe127b0	2026-09-30T21:42	1	0	0
ONCE1281-YERLESIM	ARAMA-erdek.txt	erdek	76	26128ca4	2026-09-30T21:42	1	0	0
ONCE1281-YERLESIM	ARAMA-erdekan.txt	erdekan	76	26128ca4	2026-09-30T21:45	1	0	0
ONCE1281-YERLESIM	ARAMA-erdistan.txt	erdistan	91	96f30e68	2026-09-30T21:45	1	0	0
ONCE1281-YERLESIM	ARAMA-ermenek.txt	ermenek	76	26128ca4	2026-09-30T21:42	1	0	0
ONCE1281-YERLESIM	ARAMA-ermeni-derbendi.txt	ermeni-derbendi	76	26128ca4	2026-09-30T21:38	1	0	0
ONCE1281-YERLESIM	ARAMA-erzin.txt	erzin	106	b1395303	2026-09-30T21:52	1	0	0
ONCE1281-YERLESIM	ARAMA-esferayin.txt	esferayin	215	3304ba74	2026-09-30T21:47	1	0	0
ONCE1281-YERLESIM	ARAMA-esna.txt	esna	114	142d0002	2026-09-30T21:49	1	0	0
ONCE1281-YERLESIM	ARAMA-esref.txt	esref	257	a34062e3	2026-09-30T21:59	0	1	0
ONCE1281-YERLESIM	ARAMA-fakus.txt	fakus	76	26128ca4	2026-09-30T21:48	1	0	0
ONCE1281-YERLESIM	ARAMA-fav.txt	fav	76	26128ca4	2026-09-30T21:45	1	0	0
ONCE1281-YERLESIM	ARAMA-felluce.txt	felluce	76	26128ca4	2026-09-30T21:44	1	0	0
ONCE1281-YERLESIM	ARAMA-ferahabad.txt	ferahabad	76	26128ca4	2026-09-30T21:47	1	0	0
ONCE1281-YERLESIM	ARAMA-fersut.txt	fersut	76	26128ca4	2026-09-30T21:49	1	0	0
ONCE1281-YERLESIM	ARAMA-fesa.txt	fesa	135	fcd46df4	2026-09-30T21:45	1	0	0
ONCE1281-YERLESIM	ARAMA-fethiye.txt	fethiye	76	26128ca4	2026-09-30T21:38	1	0	0
ONCE1281-YERLESIM	ARAMA-finike.txt	finike	76	26128ca4	2026-09-30T21:43	1	0	0
ONCE1281-YERLESIM	ARAMA-firuzabad.txt	firuzabad	119	8d7983f6	2026-09-30T21:46	1	0	0
ONCE1281-YERLESIM	ARAMA-fornoz.txt	fornoz	76	26128ca4	2026-09-30T21:41	1	0	0
ONCE1281-YERLESIM	ARAMA-gebze.txt	gebze	76	26128ca4	2026-09-30T21:40	1	0	0
ONCE1281-YERLESIM	ARAMA-gemlik.txt	gemlik	76	26128ca4	2026-09-30T21:38	1	0	0
ONCE1281-YERLESIM	ARAMA-geyve.txt	geyve	76	26128ca4	2026-09-30T21:37	1	0	0
ONCE1281-YERLESIM	ARAMA-goksun.txt	goksun	76	26128ca4	2026-09-30T21:57	1	0	0
ONCE1281-YERLESIM	ARAMA-golkoy.txt	golkoy	76	26128ca4	2026-09-30T21:56	1	0	0
ONCE1281-YERLESIM	ARAMA-golyazi.txt	golyazi	76	26128ca4	2026-09-30T21:40	1	0	0
ONCE1281-YERLESIM	ARAMA-gorabi.txt	gorabi	76	26128ca4	2026-09-30T21:55	1	0	0
ONCE1281-YERLESIM	ARAMA-gulpaygan.txt	gulpaygan	76	26128ca4	2026-09-30T21:45	1	0	0
ONCE1281-YERLESIM	ARAMA-gumru.txt	gumru	90	acd6290f	2026-09-30T21:51	1	0	0
ONCE1281-YERLESIM	ARAMA-gurun.txt	gurun	76	26128ca4	2026-09-30T21:57	1	0	0
ONCE1281-YERLESIM	ARAMA-halepce.txt	halepce	76	26128ca4	2026-09-30T21:44	1	0	0
ONCE1281-YERLESIM	ARAMA-halhal.txt	halhal	76	26128ca4	2026-09-30T21:43	1	0	0
ONCE1281-YERLESIM	ARAMA-han-yunus.txt	han-yunus	76	26128ca4	2026-09-30T21:39	1	0	0
ONCE1281-YERLESIM	ARAMA-hanak.txt	hanak	76	26128ca4	2026-09-30T21:51	1	0	0
ONCE1281-YERLESIM	ARAMA-hanekin.txt	hanekin	76	26128ca4	2026-09-30T21:44	1	0	0
ONCE1281-YERLESIM	ARAMA-harmankaya.txt	harmankaya	76	26128ca4	2026-09-30T21:37	1	0	0
ONCE1281-YERLESIM	ARAMA-has.txt	has	230	03af8726	2026-09-30T21:46	1	0	0
ONCE1281-YERLESIM	ARAMA-haviza.txt	haviza	76	26128ca4	2026-09-30T21:45	1	0	0
ONCE1281-YERLESIM	ARAMA-havsa.txt	havsa	76	26128ca4	2026-09-30T21:49	1	0	0
ONCE1281-YERLESIM	ARAMA-hazarasp.txt	hazarasp	76	26128ca4	2026-09-30T21:47	1	0	0
ONCE1281-YERLESIM	ARAMA-hereke.txt	hereke	76	26128ca4	2026-09-30T21:40	1	0	0
ONCE1281-YERLESIM	ARAMA-herke.txt	herke	81	70cb0057	2026-09-30T21:41	1	0	0
ONCE1281-YERLESIM	ARAMA-hille.txt	hille	82	ef284bac	2026-09-30T21:59	0	1	0
ONCE1281-YERLESIM	ARAMA-himu.txt	himu	76	26128ca4	2026-09-30T21:55	1	0	0
ONCE1281-YERLESIM	ARAMA-hisar.txt	hisar	133	44c736b5	2026-09-30T21:49	1	0	0
ONCE1281-YERLESIM	ARAMA-hit.txt	hit	166	fac8cc23	2026-09-30T21:44	1	0	0
ONCE1281-YERLESIM	ARAMA-hive.txt	hive	76	26128ca4	2026-09-30T21:47	1	0	0
ONCE1281-YERLESIM	ARAMA-hopa.txt	hopa	76	26128ca4	2026-09-30T21:52	1	0	0
ONCE1281-YERLESIM	ARAMA-horog.txt	horog	76	26128ca4	2026-09-30T21:57	1	0	0
ONCE1281-YERLESIM	ARAMA-hosap.txt	hosap	76	26128ca4	2026-09-30T21:54	1	0	0
ONCE1281-YERLESIM	ARAMA-humus.txt	humus	91	f8db3dd9	2026-09-30T21:39	1	0	0
ONCE1281-YERLESIM	ARAMA-hurmuz-adasi.txt	hurmuz-adasi	76	26128ca4	2026-09-30T21:42	1	0	0
ONCE1281-YERLESIM	ARAMA-ibrim.txt	ibrim	76	26128ca4	2026-09-30T21:39	1	0	0
ONCE1281-YERLESIM	ARAMA-igdir.txt	igdir	76	26128ca4	2026-09-30T21:51	1	0	0
ONCE1281-YERLESIM	ARAMA-igneada.txt	igneada	76	26128ca4	2026-09-30T21:50	1	0	0
ONCE1281-YERLESIM	ARAMA-ileryoz.txt	ileryoz	76	26128ca4	2026-09-30T21:41	1	0	0
ONCE1281-YERLESIM	ARAMA-ilgin.txt	ilgin	89	19cd469e	2026-09-30T21:53	1	0	0
ONCE1281-YERLESIM	ARAMA-ilyaki.txt	ilyaki	76	26128ca4	2026-09-30T21:41	1	0	0
ONCE1281-YERLESIM	ARAMA-imadiye.txt	imadiye	76	26128ca4	2026-09-30T21:56	1	0	0
ONCE1281-YERLESIM	ARAMA-imrali-adasi.txt	imrali-adasi	76	26128ca4	2026-09-30T21:38	1	0	0
ONCE1281-YERLESIM	ARAMA-incirli.txt	incirli	76	26128ca4	2026-09-30T21:41	1	0	0
ONCE1281-YERLESIM	ARAMA-inegol.txt	inegol	76	26128ca4	2026-09-30T21:37	1	0	0
ONCE1281-YERLESIM	ARAMA-ipsala.txt	ipsala	76	26128ca4	2026-09-30T21:39	1	0	0
ONCE1281-YERLESIM	ARAMA-ishakli.txt	ishakli	76	26128ca4	2026-09-30T21:53	1	0	0
ONCE1281-YERLESIM	ARAMA-iskasim.txt	iskasim	76	26128ca4	2026-09-30T21:57	1	0	0
ONCE1281-YERLESIM	ARAMA-istanbulya.txt	istanbulya	76	26128ca4	2026-09-30T21:41	1	0	0
ONCE1281-YERLESIM	ARAMA-jadla.txt	jadla	76	26128ca4	2026-09-30T21:55	1	0	0
ONCE1281-YERLESIM	ARAMA-kafrusseyh.txt	kafrusseyh	76	26128ca4	2026-09-30T21:47	1	0	0
ONCE1281-YERLESIM	ARAMA-kahta.txt	kahta	76	26128ca4	2026-09-30T21:47	1	0	0
ONCE1281-YERLESIM	ARAMA-kain.txt	kain	178	bf19fac2	2026-09-30T21:45	1	0	0
ONCE1281-YERLESIM	ARAMA-kala-i-hum.txt	kala-i-hum	76	26128ca4	2026-09-30T21:57	1	0	0
ONCE1281-YERLESIM	ARAMA-kala-i-pence.txt	kala-i-pence	76	26128ca4	2026-09-30T21:57	1	0	0
ONCE1281-YERLESIM	ARAMA-kala-i-vamar.txt	kala-i-vamar	76	26128ca4	2026-09-30T21:57	1	0	0
ONCE1281-YERLESIM	ARAMA-kandira.txt	kandira	76	26128ca4	2026-09-30T21:38	1	0	0
ONCE1281-YERLESIM	ARAMA-karabiga.txt	karabiga	76	26128ca4	2026-09-30T21:47	1	0	0
ONCE1281-YERLESIM	ARAMA-karacahisar.txt	karacahisar	76	26128ca4	2026-09-30T21:40	1	0	0
ONCE1281-YERLESIM	ARAMA-karacepus.txt	karacepus	76	26128ca4	2026-09-30T21:40	1	0	0
ONCE1281-YERLESIM	ARAMA-karadeniz-eregli.txt	karadeniz-eregli	76	26128ca4	2026-09-30T21:43	1	0	0
ONCE1281-YERLESIM	ARAMA-karahisar-i-sahib.txt	karahisar-i-sahib	76	26128ca4	2026-09-30T21:59	1	0	0
ONCE1281-YERLESIM	ARAMA-karamursel.txt	karamursel	76	26128ca4	2026-09-30T21:38	1	0	0
ONCE1281-YERLESIM	ARAMA-karatigin.txt	karatigin	76	26128ca4	2026-09-30T21:40	1	0	0
ONCE1281-YERLESIM	ARAMA-karpuzlu.txt	karpuzlu	76	26128ca4	2026-09-30T21:55	1	0	0
ONCE1281-YERLESIM	ARAMA-karsi.txt	karsi	124	ebe871f4	2026-09-30T22:00	0	1	0
ONCE1281-YERLESIM	ARAMA-kas.txt	kas	127	90b6c839	2026-09-30T21:43	1	0	0
ONCE1281-YERLESIM	ARAMA-kasr-i-sirin.txt	kasr-i-sirin	76	26128ca4	2026-09-30T21:44	1	0	0
ONCE1281-YERLESIM	ARAMA-katye.txt	katye	76	26128ca4	2026-09-30T21:48	1	0	0
ONCE1281-YERLESIM	ARAMA-kazerun.txt	kazerun	89	98e912d4	2026-09-30T21:45	1	0	0
ONCE1281-YERLESIM	ARAMA-kelat-i-nadiri.txt	kelat-i-nadiri	76	26128ca4	2026-09-30T21:46	1	0	0
ONCE1281-YERLESIM	ARAMA-kelemez.txt	kelemez	76	26128ca4	2026-09-30T21:41	1	0	0
ONCE1281-YERLESIM	ARAMA-kelkit.txt	kelkit	76	26128ca4	2026-09-30T21:53	1	0	0
ONCE1281-YERLESIM	ARAMA-kerak.txt	kerak	76	26128ca4	2026-09-30T21:39	1	0	0
ONCE1281-YERLESIM	ARAMA-kesan.txt	kesan	76	26128ca4	2026-09-30T21:39	1	0	0
ONCE1281-YERLESIM	ARAMA-kestel.txt	kestel	103	a3741426	2026-09-30T21:37	1	0	0
ONCE1281-YERLESIM	ARAMA-kifri.txt	kifri	76	26128ca4	2026-09-30T21:44	1	0	0
ONCE1281-YERLESIM	ARAMA-kilitbahir.txt	kilitbahir	76	26128ca4	2026-09-30T21:39	1	0	0
ONCE1281-YERLESIM	ARAMA-kirmasti.txt	kirmasti	86	a576953f	2026-09-30T21:59	0	1	0
ONCE1281-YERLESIM	ARAMA-kis.txt	kis	187	a961a0c5	2026-09-30T21:42	1	0	0
ONCE1281-YERLESIM	ARAMA-kism.txt	kism	95	be73c91c	2026-09-30T21:42	1	0	0
ONCE1281-YERLESIM	ARAMA-kite.txt	kite	76	26128ca4	2026-09-30T21:40	1	0	0
ONCE1281-YERLESIM	ARAMA-kizilarvat.txt	kizilarvat	76	26128ca4	2026-09-30T21:49	1	0	0
ONCE1281-YERLESIM	ARAMA-klicatak.txt	klicatak	76	26128ca4	2026-09-30T21:56	1	0	0
ONCE1281-YERLESIM	ARAMA-kofcaz.txt	kofcaz	76	26128ca4	2026-09-30T21:50	1	0	0
ONCE1281-YERLESIM	ARAMA-kotur.txt	kotur	76	26128ca4	2026-09-30T21:54	1	0	0
ONCE1281-YERLESIM	ARAMA-kucan.txt	kucan	76	26128ca4	2026-09-30T21:47	1	0	0
ONCE1281-YERLESIM	ARAMA-kucukperveli.txt	kucukperveli	76	26128ca4	2026-09-30T21:56	1	0	0
ONCE1281-YERLESIM	ARAMA-kufkaynapinari.txt	kufkaynapinari	76	26128ca4	2026-09-30T21:55	1	0	0
ONCE1281-YERLESIM	ARAMA-kulab.txt	kulab	76	26128ca4	2026-09-30T21:49	1	0	0
ONCE1281-YERLESIM	ARAMA-kulacahisar.txt	kulacahisar	76	26128ca4	2026-09-30T21:40	1	0	0
ONCE1281-YERLESIM	ARAMA-kum-ombo.txt	kum-ombo	76	26128ca4	2026-09-30T21:49	1	0	0
ONCE1281-YERLESIM	ARAMA-kurne.txt	kurne	76	26128ca4	2026-09-30T21:44	1	0	0
ONCE1281-YERLESIM	ARAMA-kus.txt	kus	138	46113682	2026-09-30T21:49	1	0	0
ONCE1281-YERLESIM	ARAMA-kusadasi.txt	kusadasi	76	26128ca4	2026-09-30T21:38	1	0	0
ONCE1281-YERLESIM	ARAMA-kusayr.txt	kusayr	90	865315ca	2026-09-30T21:49	1	0	0
ONCE1281-YERLESIM	ARAMA-kut-el-amare.txt	kut-el-amare	76	26128ca4	2026-09-30T21:44	1	0	0
ONCE1281-YERLESIM	ARAMA-kutaisi.txt	kutaisi	76	26128ca4	2026-09-30T21:39	1	0	0
ONCE1281-YERLESIM	ARAMA-lalapasa.txt	lalapasa	76	26128ca4	2026-09-30T21:50	1	0	0
ONCE1281-YERLESIM	ARAMA-lar.txt	lar	137	8b263c86	2026-09-30T21:59	0	1	0
ONCE1281-YERLESIM	ARAMA-leblebicihisar.txt	leblebicihisar	76	26128ca4	2026-09-30T21:40	1	0	0
ONCE1281-YERLESIM	ARAMA-lefke.txt	lefke	76	26128ca4	2026-09-30T21:40	1	0	0
ONCE1281-YERLESIM	ARAMA-lenkeran.txt	lenkeran	76	26128ca4	2026-09-30T21:47	1	0	0
ONCE1281-YERLESIM	ARAMA-lindos.txt	lindos	76	26128ca4	2026-09-30T21:42	1	0	0
ONCE1281-YERLESIM	ARAMA-mahabad.txt	mahabad	76	26128ca4	2026-09-30T21:53	1	0	0
ONCE1281-YERLESIM	ARAMA-mahalletulkubra.txt	mahalletulkubra	76	26128ca4	2026-09-30T21:48	1	0	0
ONCE1281-YERLESIM	ARAMA-mahmudabad.txt	mahmudabad	76	26128ca4	2026-09-30T21:39	1	0	0
ONCE1281-YERLESIM	ARAMA-makhalakauri.txt	makhalakauri	76	26128ca4	2026-09-30T21:56	1	0	0
ONCE1281-YERLESIM	ARAMA-malak-dervent.txt	malak-dervent	76	26128ca4	2026-09-30T21:55	1	0	0
ONCE1281-YERLESIM	ARAMA-malikiye.txt	malikiye	76	26128ca4	2026-09-30T21:51	1	0	0
ONCE1281-YERLESIM	ARAMA-malkara.txt	malkara	76	26128ca4	2026-09-30T21:39	1	0	0
ONCE1281-YERLESIM	ARAMA-malko-tirnova.txt	malko-tirnova	76	26128ca4	2026-09-30T21:50	1	0	0
ONCE1281-YERLESIM	ARAMA-mansure.txt	mansure	100	f7dabb07	2026-09-30T21:48	1	0	0
ONCE1281-YERLESIM	ARAMA-maras.txt	maras	110	d3d281ba	2026-09-30T21:59	0	1	0
ONCE1281-YERLESIM	ARAMA-marmara-adasi.txt	marmara-adasi	76	26128ca4	2026-09-30T21:42	1	0	0
ONCE1281-YERLESIM	ARAMA-marmaracik.txt	marmaracik	76	26128ca4	2026-09-30T21:37	1	0	0
ONCE1281-YERLESIM	ARAMA-marmaris.txt	marmaris	76	26128ca4	2026-09-30T21:38	1	0	0
ONCE1281-YERLESIM	ARAMA-maydos.txt	maydos	76	26128ca4	2026-09-30T21:41	1	0	0
ONCE1281-YERLESIM	ARAMA-mekece.txt	mekece	76	26128ca4	2026-09-30T21:37	1	0	0
ONCE1281-YERLESIM	ARAMA-mellevi.txt	mellevi	76	26128ca4	2026-09-30T21:48	1	0	0
ONCE1281-YERLESIM	ARAMA-menzile.txt	menzile	76	26128ca4	2026-09-30T21:48	1	0	0
ONCE1281-YERLESIM	ARAMA-mercihamis.txt	mercihamis	76	26128ca4	2026-09-30T21:55	1	0	0
ONCE1281-YERLESIM	ARAMA-merend.txt	merend	76	26128ca4	2026-09-30T21:43	1	0	0
ONCE1281-YERLESIM	ARAMA-merivan.txt	merivan	76	26128ca4	2026-09-30T21:44	1	0	0
ONCE1281-YERLESIM	ARAMA-mersa-matruh.txt	mersa-matruh	76	26128ca4	2026-09-30T21:48	1	0	0
ONCE1281-YERLESIM	ARAMA-meshed.txt	meshed	293	ea66fc24	2026-09-30T21:59	0	1	0
ONCE1281-YERLESIM	ARAMA-meskinsehr.txt	meskinsehr	76	26128ca4	2026-09-30T21:53	1	0	0
ONCE1281-YERLESIM	ARAMA-midyat.txt	midyat	76	26128ca4	2026-09-30T21:56	1	0	0
ONCE1281-YERLESIM	ARAMA-mihalic.txt	mihalic	76	26128ca4	2026-09-30T21:40	1	0	0
ONCE1281-YERLESIM	ARAMA-minab.txt	minab	76	26128ca4	2026-09-30T21:45	1	0	0
ONCE1281-YERLESIM	ARAMA-minye.txt	minye	76	26128ca4	2026-09-30T21:48	1	0	0
ONCE1281-YERLESIM	ARAMA-mit-gamr.txt	mit-gamr	76	26128ca4	2026-09-30T21:48	1	0	0
ONCE1281-YERLESIM	ARAMA-miyandoab.txt	miyandoab	76	26128ca4	2026-09-30T21:43	1	0	0
ONCE1281-YERLESIM	ARAMA-miyane.txt	miyane	87	33486ea8	2026-09-30T21:43	1	0	0
ONCE1281-YERLESIM	ARAMA-molova.txt	molova	76	26128ca4	2026-09-30T21:42	1	0	0
ONCE1281-YERLESIM	ARAMA-mudanya.txt	mudanya	76	26128ca4	2026-09-30T21:38	1	0	0
ONCE1281-YERLESIM	ARAMA-mudurnu.txt	mudurnu	76	26128ca4	2026-09-30T21:43	1	0	0
ONCE1281-YERLESIM	ARAMA-muhammere.txt	muhammere	76	26128ca4	2026-09-30T21:45	1	0	0
ONCE1281-YERLESIM	ARAMA-munbic.txt	munbic	76	26128ca4	2026-09-30T21:50	1	0	0
ONCE1281-YERLESIM	ARAMA-murvaneti.txt	murvaneti	76	26128ca4	2026-09-30T21:56	1	0	0
ONCE1281-YERLESIM	ARAMA-mustafapasa.txt	mustafapasa	76	26128ca4	2026-09-30T21:50	1	0	0
ONCE1281-YERLESIM	ARAMA-musul.txt	musul	160	ea07d905	2026-09-30T21:39	1	0	0
ONCE1281-YERLESIM	ARAMA-nain.txt	nain	76	26128ca4	2026-09-30T21:45	1	0	0
ONCE1281-YERLESIM	ARAMA-narin.txt	narin	76	26128ca4	2026-09-30T21:56	1	0	0
ONCE1281-YERLESIM	ARAMA-nasiriye.txt	nasiriye	76	26128ca4	2026-09-30T21:44	1	0	0
ONCE1281-YERLESIM	ARAMA-nesa.txt	nesa	109	c7b82291	2026-09-30T21:47	1	0	0
ONCE1281-YERLESIM	ARAMA-nihavend.txt	nihavend	76	26128ca4	2026-09-30T21:44	1	0	0
ONCE1281-YERLESIM	ARAMA-nikarya.txt	nikarya	76	26128ca4	2026-09-30T21:39	1	0	0
ONCE1281-YERLESIM	ARAMA-nisabur.txt	nisabur	133	ce05bbae	2026-09-30T21:46	1	0	0
ONCE1281-YERLESIM	ARAMA-norapat.txt	norapat	76	26128ca4	2026-09-30T21:56	1	0	0
ONCE1281-YERLESIM	ARAMA-ordubad.txt	ordubad	76	26128ca4	2026-09-30T21:47	1	0	0
ONCE1281-YERLESIM	ARAMA-orestiada.txt	orestiada	76	26128ca4	2026-09-30T21:49	1	0	0
ONCE1281-YERLESIM	ARAMA-ozalp.txt	ozalp	76	26128ca4	2026-09-30T22:00	1	0	0
ONCE1281-YERLESIM	ARAMA-palu.txt	palu	76	26128ca4	2026-09-30T21:47	1	0	0
ONCE1281-YERLESIM	ARAMA-pamirski-post.txt	pamirski-post	76	26128ca4	2026-09-30T21:57	1	0	0
ONCE1281-YERLESIM	ARAMA-payas.txt	payas	76	26128ca4	2026-09-30T21:52	1	0	0
ONCE1281-YERLESIM	ARAMA-pazaryeri.txt	pazaryeri	76	26128ca4	2026-09-30T21:38	1	0	0
ONCE1281-YERLESIM	ARAMA-pelekanon.txt	pelekanon	76	26128ca4	2026-09-30T21:40	1	0	0
ONCE1281-YERLESIM	ARAMA-portsaid.txt	portsaid	76	26128ca4	2026-09-30T21:48	1	0	0
ONCE1281-YERLESIM	ARAMA-posof.txt	posof	76	26128ca4	2026-09-30T21:51	1	0	0
ONCE1281-YERLESIM	ARAMA-qattinah.txt	qattinah	76	26128ca4	2026-09-30T21:55	1	0	0
ONCE1281-YERLESIM	ARAMA-rafsencan.txt	rafsencan	76	26128ca4	2026-09-30T21:46	1	0	0
ONCE1281-YERLESIM	ARAMA-ramadi.txt	ramadi	76	26128ca4	2026-09-30T21:44	1	0	0
ONCE1281-YERLESIM	ARAMA-ramhurmuz.txt	ramhurmuz	88	b316e2f6	2026-09-30T21:45	1	0	0
ONCE1281-YERLESIM	ARAMA-ras-el-hayme.txt	ras-el-hayme	76	26128ca4	2026-09-30T21:47	1	0	0
ONCE1281-YERLESIM	ARAMA-razhan.txt	razhan	76	26128ca4	2026-09-30T21:54	1	0	0
ONCE1281-YERLESIM	ARAMA-resadiye.txt	resadiye	76	26128ca4	2026-09-30T21:57	1	0	0
ONCE1281-YERLESIM	ARAMA-resid.txt	resid	243	9d15a10d	2026-09-30T21:40	1	0	0
ONCE1281-YERLESIM	ARAMA-rest.txt	rest	86	72428fbb	2026-09-30T21:39	1	0	0
ONCE1281-YERLESIM	ARAMA-rewandiz.txt	rewandiz	76	26128ca4	2026-09-30T21:44	1	0	0
ONCE1281-YERLESIM	ARAMA-rezve.txt	rezve	76	26128ca4	2026-09-30T21:50	1	0	0
ONCE1281-YERLESIM	ARAMA-rumeli-hisari.txt	rumeli-hisari	76	26128ca4	2026-09-30T21:41	1	0	0
ONCE1281-YERLESIM	ARAMA-sakiz.txt	sakiz	104	b97637ca	2026-09-30T21:39	1	0	0
ONCE1281-YERLESIM	ARAMA-sakkiz.txt	sakkiz	76	26128ca4	2026-09-30T21:44	1	0	0
ONCE1281-YERLESIM	ARAMA-sakra.txt	sakra	76	26128ca4	2026-09-30T21:47	1	0	0
ONCE1281-YERLESIM	ARAMA-salihiyye.txt	salihiyye	94	3da5b11e	2026-09-30T21:48	1	0	0
ONCE1281-YERLESIM	ARAMA-salyan.txt	salyan	76	26128ca4	2026-09-30T21:47	1	0	0
ONCE1281-YERLESIM	ARAMA-sam.txt	sam	154	a3ca4f81	2026-09-30T21:39	1	0	0
ONCE1281-YERLESIM	ARAMA-samandira.txt	samandira	76	26128ca4	2026-09-30T21:40	1	0	0
ONCE1281-YERLESIM	ARAMA-sarab.txt	sarab	93	932b37f5	2026-09-30T21:43	1	0	0
ONCE1281-YERLESIM	ARAMA-sari.txt	sari	166	4a3fefd2	2026-09-30T21:59	0	1	0
ONCE1281-YERLESIM	ARAMA-sarikamis.txt	sarikamis	76	26128ca4	2026-09-30T21:53	1	0	0
ONCE1281-YERLESIM	ARAMA-sarkoy.txt	sarkoy	76	26128ca4	2026-09-30T21:49	1	0	0
ONCE1281-YERLESIM	ARAMA-sarp.txt	sarp	76	26128ca4	2026-09-30T21:52	1	0	0
ONCE1281-YERLESIM	ARAMA-save.txt	save	88	0d89e78c	2026-09-30T21:45	1	0	0
ONCE1281-YERLESIM	ARAMA-savsat.txt	savsat	76	26128ca4	2026-09-30T21:51	1	0	0
ONCE1281-YERLESIM	ARAMA-saylica.txt	saylica	76	26128ca4	2026-09-30T21:56	1	0	0
ONCE1281-YERLESIM	ARAMA-sayram.txt	sayram	76	26128ca4	2026-09-30T21:56	1	0	0
ONCE1281-YERLESIM	ARAMA-sebzevar.txt	sebzevar	84	2110f404	2026-09-30T21:59	0	1	0
ONCE1281-YERLESIM	ARAMA-seface.txt	seface	76	26128ca4	2026-09-30T21:49	1	0	0
ONCE1281-YERLESIM	ARAMA-sehrisebz.txt	sehrisebz	76	26128ca4	2026-09-30T21:49	1	0	0
ONCE1281-YERLESIM	ARAMA-sellum.txt	sellum	95	44ac00ae	2026-09-30T21:48	1	0	0
ONCE1281-YERLESIM	ARAMA-selmas.txt	selmas	76	26128ca4	2026-09-30T21:43	1	0	0
ONCE1281-YERLESIM	ARAMA-semave.txt	semave	76	26128ca4	2026-09-30T21:44	1	0	0
ONCE1281-YERLESIM	ARAMA-semdinli.txt	semdinli	76	26128ca4	2026-09-30T21:54	1	0	0
ONCE1281-YERLESIM	ARAMA-senendec.txt	senendec	76	26128ca4	2026-09-30T21:44	1	0	0
ONCE1281-YERLESIM	ARAMA-serdest.txt	serdest	76	26128ca4	2026-09-30T21:54	1	0	0
ONCE1281-YERLESIM	ARAMA-sero.txt	sero	76	26128ca4	2026-09-30T21:54	1	0	0
ONCE1281-YERLESIM	ARAMA-serur.txt	serur	76	26128ca4	2026-09-30T21:54	1	0	0
ONCE1281-YERLESIM	ARAMA-seyh-salu-yi-ulya.txt	seyh-salu-yi-ulya	76	26128ca4	2026-09-30T21:55	1	0	0
ONCE1281-YERLESIM	ARAMA-seyhrumi.txt	seyhrumi	76	26128ca4	2026-09-30T21:54	1	0	0
ONCE1281-YERLESIM	ARAMA-sibinulkum.txt	sibinulkum	76	26128ca4	2026-09-30T21:48	1	0	0
ONCE1281-YERLESIM	ARAMA-signak.txt	signak	76	26128ca4	2026-09-30T21:56	1	0	0
ONCE1281-YERLESIM	ARAMA-silivri.txt	silivri	76	26128ca4	2026-09-30T21:53	1	0	0
ONCE1281-YERLESIM	ARAMA-silopi.txt	silopi	76	26128ca4	2026-09-30T21:50	1	0	0
ONCE1281-YERLESIM	ARAMA-simav.txt	simav	94	ee012c17	2026-09-30T21:42	1	0	0
ONCE1281-YERLESIM	ARAMA-sincan.txt	sincan	87	75fb3aae	2026-09-30T22:00	0	1	0
ONCE1281-YERLESIM	ARAMA-sincar.txt	sincar	90	56ba71d3	2026-09-30T21:44	1	0	0
ONCE1281-YERLESIM	ARAMA-sircan.txt	sircan	76	26128ca4	2026-09-30T21:46	1	0	0
ONCE1281-YERLESIM	ARAMA-siverek.txt	siverek	76	26128ca4	2026-09-30T21:47	1	0	0
ONCE1281-YERLESIM	ARAMA-sofulu.txt	sofulu	76	26128ca4	2026-09-30T21:49	1	0	0
ONCE1281-YERLESIM	ARAMA-soke.txt	soke	76	26128ca4	2026-09-30T21:38	1	0	0
ONCE1281-YERLESIM	ARAMA-sombeki.txt	sombeki	76	26128ca4	2026-09-30T21:41	1	0	0
ONCE1281-YERLESIM	ARAMA-sterna.txt	sterna	76	26128ca4	2026-09-30T21:55	1	0	0
ONCE1281-YERLESIM	ARAMA-sultaniye.txt	sultaniye	99	cf6eb35c	2026-09-30T21:43	1	0	0
ONCE1281-YERLESIM	ARAMA-sur.txt	sur	115	801617f1	2026-09-30T21:53	1	0	0
ONCE1281-YERLESIM	ARAMA-suruc.txt	suruc	76	26128ca4	2026-09-30T21:50	1	0	0
ONCE1281-YERLESIM	ARAMA-susa.txt	susa	76	26128ca4	2026-09-30T21:47	1	0	0
ONCE1281-YERLESIM	ARAMA-suzak.txt	suzak	76	26128ca4	2026-09-30T21:56	1	0	0
ONCE1281-YERLESIM	ARAMA-tahran.txt	tahran	98	7b875161	2026-09-30T21:59	0	1	0
ONCE1281-YERLESIM	ARAMA-tahta.txt	tahta	140	bc2f853c	2026-09-30T21:48	1	0	0
ONCE1281-YERLESIM	ARAMA-tanta.txt	tanta	93	3619a5a3	2026-09-30T21:48	1	0	0
ONCE1281-YERLESIM	ARAMA-taraz.txt	taraz	76	26128ca4	2026-09-30T21:56	1	0	0
ONCE1281-YERLESIM	ARAMA-taskurgan.txt	taskurgan	76	26128ca4	2026-09-30T21:57	1	0	0
ONCE1281-YERLESIM	ARAMA-tavri.txt	tavri	111	3e047bf8	2026-09-30T21:55	1	0	0
ONCE1281-YERLESIM	ARAMA-tavsanli.txt	tavsanli	76	26128ca4	2026-09-30T21:42	1	0	0
ONCE1281-YERLESIM	ARAMA-telafer.txt	telafer	76	26128ca4	2026-09-30T21:44	1	0	0
ONCE1281-YERLESIM	ARAMA-terme.txt	terme	106	66d13109	2026-09-30T21:41	1	0	0
ONCE1281-YERLESIM	ARAMA-termez.txt	termez	76	26128ca4	2026-09-30T21:49	1	0	0
ONCE1281-YERLESIM	ARAMA-tirwanish.txt	tirwanish	76	26128ca4	2026-09-30T21:55	1	0	0
ONCE1281-YERLESIM	ARAMA-tsqaltbila.txt	tsqaltbila	76	26128ca4	2026-09-30T21:56	1	0	0
ONCE1281-YERLESIM	ARAMA-turbet-i-cam.txt	turbet-i-cam	76	26128ca4	2026-09-30T21:46	1	0	0
ONCE1281-YERLESIM	ARAMA-turbet-i-haydariye.txt	turbet-i-haydariye	76	26128ca4	2026-09-30T21:46	1	0	0
ONCE1281-YERLESIM	ARAMA-tursiz.txt	tursiz	76	26128ca4	2026-09-30T21:46	1	0	0
ONCE1281-YERLESIM	ARAMA-tuz-hurmatu.txt	tuz-hurmatu	76	26128ca4	2026-09-30T21:44	1	0	0
ONCE1281-YERLESIM	ARAMA-ukayr.txt	ukayr	76	26128ca4	2026-09-30T21:47	1	0	0
ONCE1281-YERLESIM	ARAMA-uksur.txt	uksur	76	26128ca4	2026-09-30T21:49	1	0	0
ONCE1281-YERLESIM	ARAMA-ulubat.txt	ulubat	76	26128ca4	2026-09-30T21:37	1	0	0
ONCE1281-YERLESIM	ARAMA-uluborlu.txt	uluborlu	76	26128ca4	2026-09-30T21:42	1	0	0
ONCE1281-YERLESIM	ARAMA-ulukisla.txt	ulukisla	76	26128ca4	2026-09-30T21:53	1	0	0
ONCE1281-YERLESIM	ARAMA-ulukoy.txt	ulukoy	76	26128ca4	2026-09-30T21:55	1	0	0
ONCE1281-YERLESIM	ARAMA-umur-fakih.txt	umur-fakih	76	26128ca4	2026-09-30T21:55	1	0	0
ONCE1281-YERLESIM	ARAMA-unye.txt	unye	76	26128ca4	2026-09-30T21:39	1	0	0
ONCE1281-YERLESIM	ARAMA-urfa.txt	urfa	87	2c3f4ed6	2026-09-30T21:59	0	1	0
ONCE1281-YERLESIM	ARAMA-uzunkopru.txt	uzunkopru	76	26128ca4	2026-09-30T21:49	1	0	0
ONCE1281-YERLESIM	ARAMA-vize.txt	vize	98	0a2171ad	2026-09-30T21:53	1	0	0
ONCE1281-YERLESIM	ARAMA-yalvac.txt	yalvac	76	26128ca4	2026-09-30T21:42	1	0	0
ONCE1281-YERLESIM	ARAMA-yamurgi.txt	yamurgi	76	26128ca4	2026-09-30T21:41	1	0	0
ONCE1281-YERLESIM	ARAMA-yarhisar.txt	yarhisar	76	26128ca4	2026-09-30T21:40	1	0	0
ONCE1281-YERLESIM	ARAMA-yeni-urgenc.txt	yeni-urgenc	76	26128ca4	2026-09-30T21:47	1	0	0
ONCE1281-YERLESIM	ARAMA-yuksekova.txt	yuksekova	76	26128ca4	2026-09-30T21:51	1	0	0
ONCE1281-YERLESIM	ARAMA-yumurtalik.txt	yumurtalik	76	26128ca4	2026-09-30T21:52	1	0	0
ONCE1281-YERLESIM	ARAMA-zaho.txt	zaho	76	26128ca4	2026-09-30T21:44	1	0	0
ONCE1281-YERLESIM	ARAMA-zamanti.txt	zamanti	76	26128ca4	2026-09-30T21:56	1	0	0
ONCE1281-YERLESIM	ARAMA-zazalo.txt	zazalo	76	26128ca4	2026-09-30T21:56	1	0	0
