tarih,kesinlik,polity,baslik,metin,yer,kaynak,harita_degisimi,tarih_turu,kapsam_disi,sahip_dilim,atif_dilim,akin_sonrasi
ÖLÇÜLEMEDİ,yuzyil,uruk-gec-uruk,Uruk (Geç Uruk dönemi kent-devleti) — doğuş,OK (Orta Kronoloji),Uruk,"Brisch, ORACC AMGG https://oracc.museum.upenn.edu/amgg/Mesopotamianhistory/index.html: 'Late Uruk period (ca. 3500-3200/3150) | First city-states'",HAYIR (tarih ÖLÇÜLEMEDİ — dönem/konvansiyon ya da belirsiz),DONEM,HAYIR,K1 MEZOPOTAMYA,,
ÖLÇÜLEMEDİ,yuzyil,uruk-gec-uruk,Uruk (Geç Uruk dönemi kent-devleti) — yıkılış / son,OK (Orta Kronoloji),Uruk,"Brisch, ORACC AMGG https://oracc.museum.upenn.edu/amgg/Mesopotamianhistory/index.html: 'Late Uruk period (ca. 3500-3200/3150) | First city-states'",HAYIR (tarih ÖLÇÜLEMEDİ — dönem/konvansiyon ya da belirsiz),DONEM,HAYIR,K1 MEZOPOTAMYA,,
ÖLÇÜLEMEDİ,yuzyil,uruk-ed,Uruk (Erken Hanedanlık; Lugalzagesi krallığı) — doğuş,OK (Orta Kronoloji),Uruk,Met 'Uruk: The First City' 'Early Dynastic period (2900–2350 B.C.)' · Britannica Sargon (Dalley) 'defeat of Lugalzaggisi of Uruk',HAYIR (tarih ÖLÇÜLEMEDİ — dönem/konvansiyon ya da belirsiz),DONEM,HAYIR,K1 MEZOPOTAMYA,,
-2334-01-01,yuzyil,uruk-ed,Uruk (Erken Hanedanlık; Lugalzagesi krallığı) — yıkılış / son,"OK (Orta Kronoloji) · SINIR (saltanattan türetilmiş), olay günü DEĞİL",Uruk,Met 'Uruk: The First City' 'Early Dynastic period (2900–2350 B.C.)' · Britannica Sargon (Dalley) 'defeat of Lugalzaggisi of Uruk',SINIR (kırılma günü değil),SALTANAT,HAYIR,K1 MEZOPOTAMYA,,
-2116-01-01,onyil,uruk-utuhegal,Uruk (Utu-hegal) — doğuş,"OK (çıkarım: sayılar OK'ye uyuyor) · SINIR (saltanattan türetilmiş), olay günü DEĞİL",Uruk,Britannica 'History of Mesopotamia' (Frye/von Soden/Edzard) https://www.britannica.com/place/Mesopotamia-historical-region-Asia 'Utu-hegal of Uruk (c. 2116–c. 2110)',SINIR (kırılma günü değil),SALTANAT,HAYIR,K1 MEZOPOTAMYA,,
-2110-01-01,onyil,uruk-utuhegal,Uruk (Utu-hegal) — yıkılış / son,"OK (çıkarım: sayılar OK'ye uyuyor) · SINIR (saltanattan türetilmiş), olay günü DEĞİL",Uruk,Britannica 'History of Mesopotamia' (Frye/von Soden/Edzard) https://www.britannica.com/place/Mesopotamia-historical-region-Asia 'Utu-hegal of Uruk (c. 2116–c. 2110)',SINIR (kırılma günü değil),SALTANAT,HAYIR,K1 MEZOPOTAMYA,,
-1860-01-01,yil,uruk-sinkasid,"Uruk (Sîn-kāšid hanedanı, Eski Babil) — doğuş",OK (Orta Kronoloji) (kaynak açıkça 'chron. moy.'),Uruk,RlA 12 s.519 Charpin 'Sîn-kāšid' https://publikationen.badw.de/de/rla/a/12.576.jpg: 'fonda vers 1860 (chron. moy.) … jusqu'à l'annexion par Rīm-Sîn en sa 20e année (1802)',EVET,OLAY,HAYIR,K1 MEZOPOTAMYA,,
-1802-01-01,yil,uruk-sinkasid,"Uruk (Sîn-kāšid hanedanı, Eski Babil) — yıkılış / son",OK (Orta Kronoloji) (kaynak açıkça 'chron. moy.'),Uruk,RlA 12 s.519 Charpin 'Sîn-kāšid' https://publikationen.badw.de/de/rla/a/12.576.jpg: 'fonda vers 1860 (chron. moy.) … jusqu'à l'annexion par Rīm-Sîn en sa 20e année (1802)',EVET,OLAY,HAYIR,K1 MEZOPOTAMYA,,
-2401-01-01,yuzyil,ur-i,Ur I. Hanedanı — doğuş,"OK (çıkarım: sayılar OK'ye uyuyor) · SINIR (saltanattan türetilmiş), olay günü DEĞİL · ARALIK UCU DÜZELTİLDİ: ÜST sınır",Ur,"Britannica Ur (Woolley) '1st dynasty of Ur (25th century bce)' · Brisch, ORACC AMGG https://oracc.museum.upenn.edu/amgg/Mesopotamianhistory/index.html 'Mesanepada c. 2500'",SINIR (kırılma günü değil),SALTANAT,HAYIR,K1 MEZOPOTAMYA,,
bulunamadı,—,ur-i,Ur I. Hanedanı — yıkılış,bitiş yılı kaynakta YOK,Ur,"Britannica Ur (Woolley) '1st dynasty of Ur (25th century bce)' · Brisch, ORACC AMGG https://oracc.museum.upenn.edu/amgg/Mesopotamianhistory/index.html 'Mesanepada c. 2500'",—,YOK,HAYIR,K1 MEZOPOTAMYA,,
ÖLÇÜLEMEDİ,yuzyil,lagas-i,Lagaş I. Hanedanı (Ur-Nanşe) — doğuş,OK (çıkarım: sayılar OK'ye uyuyor),Girsu (eski başkent Lagaş/al-Hiba),Britannica 'History of Mesopotamia' (Frye/von Soden/Edzard) https://www.britannica.com/place/Mesopotamia-historical-region-Asia 'from about 2520' · RlA 6 s.419 Bauer https://publikationen.badw.de/de/rla/a/6.454.jpg,HAYIR (tarih ÖLÇÜLEMEDİ — dönem/konvansiyon ya da belirsiz),DONEM,HAYIR,K1 MEZOPOTAMYA,,
-2350-01-01,yuzyil,lagas-i,Lagaş I. Hanedanı (Ur-Nanşe) — yıkılış / son,"OK (çıkarım: sayılar OK'ye uyuyor) · SINIR (saltanattan türetilmiş), olay günü DEĞİL",Girsu (eski başkent Lagaş/al-Hiba),Britannica 'History of Mesopotamia' (Frye/von Soden/Edzard) https://www.britannica.com/place/Mesopotamia-historical-region-Asia 'from about 2520' · RlA 6 s.419 Bauer https://publikationen.badw.de/de/rla/a/6.454.jpg,SINIR (kırılma günü değil),SALTANAT,HAYIR,K1 MEZOPOTAMYA,,
-2193-01-01,yuzyil,lagas-ii,Lagaş II. Hanedanı (Gudea) — doğuş,"OK (çıkarım: sayılar OK'ye uyuyor) · SINIR (saltanattan türetilmiş), olay günü DEĞİL",Girsu,"Britannica 'History of Mesopotamia' (Frye/von Soden/Edzard) https://www.britannica.com/place/Mesopotamia-historical-region-Asia 'a century of complete independence, between Shar-kali-sharri and the beginning of Ur III'",SINIR (kırılma günü değil),SALTANAT,HAYIR,K1 MEZOPOTAMYA,,
-2095-01-01,yuzyil,lagas-ii,Lagaş II. Hanedanı (Gudea) — yıkılış / son,"OK (çıkarım: sayılar OK'ye uyuyor) · SINIR (saltanattan türetilmiş), olay günü DEĞİL · ARALIK UCU DÜZELTİLDİ: ÜST sınır",Girsu,"Britannica 'History of Mesopotamia' (Frye/von Soden/Edzard) https://www.britannica.com/place/Mesopotamia-historical-region-Asia 'a century of complete independence, between Shar-kali-sharri and the beginning of Ur III'",SINIR (kırılma günü değil),SALTANAT,HAYIR,K1 MEZOPOTAMYA,,
ÖLÇÜLEMEDİ,yuzyil,umma,Umma (Giša) — doğuş,OK (çıkarım: sayılar OK'ye uyuyor),Umma (Tell Jokha),RlA 14 s.318 Waetzoldt https://publikationen.badw.de/de/rla/a/14.381.jpg: Pabilga heykelciği 'König von U.' (FD II),HAYIR (tarih ÖLÇÜLEMEDİ — dönem/konvansiyon ya da belirsiz),DONEM,HAYIR,K1 MEZOPOTAMYA,,
-2334-01-01,yuzyil,umma,Umma (Giša) — yıkılış / son,"OK (çıkarım: sayılar OK'ye uyuyor) · SINIR (saltanattan türetilmiş), olay günü DEĞİL",Umma (Tell Jokha),RlA 14 s.318 Waetzoldt https://publikationen.badw.de/de/rla/a/14.381.jpg: Pabilga heykelciği 'König von U.' (FD II),SINIR (kırılma günü değil),SALTANAT,HAYIR,K1 MEZOPOTAMYA,,
-2700-01-01,yuzyil,kis,Kiş — doğuş,"OK (Orta Kronoloji) (Edzard iki dizi: 1880-1845 OK / 1816-1781 düşük) · SINIR (saltanattan türetilmiş), olay günü DEĞİL",Kiş,Britannica 'History of Mesopotamia' (Frye/von Soden/Edzard) https://www.britannica.com/place/Mesopotamia-historical-region-Asia 'Enmebaragesi … about 2700' · RlA 5 s.607 Edzard https://publikationen.badw.de/de/rla/a/5.644.jpg 'unter Sumu-la-El von Babylon (1880—1845/1816—1781) … einverleibt',SINIR (kırılma günü değil),SALTANAT,HAYIR,K1 MEZOPOTAMYA,,
-1845-01-01,yuzyil,kis,Kiş — yıkılış / son,"OK (Orta Kronoloji) (Edzard iki dizi: 1880-1845 OK / 1816-1781 düşük) · SINIR (saltanattan türetilmiş), olay günü DEĞİL · ARALIK UCU DÜZELTİLDİ: ÜST sınır",Kiş,Britannica 'History of Mesopotamia' (Frye/von Soden/Edzard) https://www.britannica.com/place/Mesopotamia-historical-region-Asia 'Enmebaragesi … about 2700' · RlA 5 s.607 Edzard https://publikationen.badw.de/de/rla/a/5.644.jpg 'unter Sumu-la-El von Babylon (1880—1845/1816—1781) … einverleibt',SINIR (kırılma günü değil),SALTANAT,HAYIR,K1 MEZOPOTAMYA,,
-2334-01-01,onyil,akkad,Akkad İmparatorluğu (Sargonlu hanedan) — doğuş,"OK (Orta Kronoloji) · SINIR (saltanattan türetilmiş), olay günü DEĞİL",Akkad/Agade (konumu BİLİNMİYOR),Britannica Sargon (Dalley) 'c. 2334–2279' · Britannica 'History of Mesopotamia' (Frye/von Soden/Edzard) https://www.britannica.com/place/Mesopotamia-historical-region-Asia 'Shar-kali-sharri (c. 2217–c. 2193) … the dynasty went under',SINIR (kırılma günü değil),SALTANAT,HAYIR,K1 MEZOPOTAMYA,,
-2193-01-01,onyil,akkad,Akkad İmparatorluğu (Sargonlu hanedan) — yıkılış / son,"OK (Orta Kronoloji) · SINIR (saltanattan türetilmiş), olay günü DEĞİL",Akkad/Agade (konumu BİLİNMİYOR),Britannica Sargon (Dalley) 'c. 2334–2279' · Britannica 'History of Mesopotamia' (Frye/von Soden/Edzard) https://www.britannica.com/place/Mesopotamia-historical-region-Asia 'Shar-kali-sharri (c. 2217–c. 2193) … the dynasty went under',SINIR (kırılma günü değil),SALTANAT,HAYIR,K1 MEZOPOTAMYA,,
-2230-01-01,yuzyil,gutium,Gut egemenliği — doğuş,OK (çıkarım: sayılar OK'ye uyuyor),yok (kanıtlanmış başkent YOK),Britannica Lagash 'from about 2230 to about 2130' · RlA 3 s.708 Hallo https://publikationen.badw.de/de/rla/a/3.725.jpg (SKL Gut listesi 'negligible'),EVET,OLAY,HAYIR,K1 MEZOPOTAMYA,,
-2110-01-01,yuzyil,gutium,Gut egemenliği — yıkılış / son,"OK (çıkarım: sayılar OK'ye uyuyor) · SINIR (saltanattan türetilmiş), olay günü DEĞİL · ARALIK UCU DÜZELTİLDİ: ÜST sınır",yok (kanıtlanmış başkent YOK),Britannica Lagash 'from about 2230 to about 2130' · RlA 3 s.708 Hallo https://publikationen.badw.de/de/rla/a/3.725.jpg (SKL Gut listesi 'negligible'),SINIR (kırılma günü değil),SALTANAT,HAYIR,K1 MEZOPOTAMYA,,
-2112-01-01,yil,ur-iii,Ur III (Ur III. Hanedanı) — doğuş,OK (Orta Kronoloji),Ur,"Britannica 'History of Mesopotamia' (Frye/von Soden/Edzard) https://www.britannica.com/place/Mesopotamia-historical-region-Asia 'c. 2112–c. 2004' · Brisch, ORACC AMGG https://oracc.museum.upenn.edu/amgg/Mesopotamianhistory/index.html · Met Heilbrunn 'List of Rulers of Mesopotamia' https://www.metmuseum.org/toah/hd/meru/hd_meru.htm",EVET,OLAY,HAYIR,K1 MEZOPOTAMYA,,
-2004-01-01,yil,ur-iii,Ur III (Ur III. Hanedanı) — yıkılış / son,OK (Orta Kronoloji),Ur,"Britannica 'History of Mesopotamia' (Frye/von Soden/Edzard) https://www.britannica.com/place/Mesopotamia-historical-region-Asia 'c. 2112–c. 2004' · Brisch, ORACC AMGG https://oracc.museum.upenn.edu/amgg/Mesopotamianhistory/index.html · Met Heilbrunn 'List of Rulers of Mesopotamia' https://www.metmuseum.org/toah/hd/meru/hd_meru.htm",EVET,OLAY,HAYIR,K1 MEZOPOTAMYA,,
-2017-01-01,yil,isin-i,İsin I. Hanedanı — doğuş,OK (çıkarım: sayılar OK'ye uyuyor),İsin,Britannica Isin 'about 2017 … About 1794 Isin lost its independence' · RlA 5 s.181 Edzard,EVET,OLAY,HAYIR,K1 MEZOPOTAMYA,,
-1794-01-01,yil,isin-i,İsin I. Hanedanı — yıkılış / son,OK (çıkarım: sayılar OK'ye uyuyor),İsin,Britannica Isin 'about 2017 … About 1794 Isin lost its independence' · RlA 5 s.181 Edzard,EVET,OLAY,HAYIR,K1 MEZOPOTAMYA,,
-2025-01-01,yil,larsa,Larsa hanedanı — doğuş,"OK (çıkarım: sayılar OK'ye uyuyor) · SINIR (saltanattan türetilmiş), olay günü DEĞİL",Larsa,"Britannica Larsa 'Naplanum (c. 2025–c. 2005) … Hammurabi … defeated Rim-Sin in 1763' · Brisch, ORACC AMGG https://oracc.museum.upenn.edu/amgg/Mesopotamianhistory/index.html",SINIR (kırılma günü değil),SALTANAT,HAYIR,K1 MEZOPOTAMYA,,
-1763-01-01,yil,larsa,Larsa hanedanı — yıkılış / son,OK (çıkarım: sayılar OK'ye uyuyor),Larsa,"Britannica Larsa 'Naplanum (c. 2025–c. 2005) … Hammurabi … defeated Rim-Sin in 1763' · Brisch, ORACC AMGG https://oracc.museum.upenn.edu/amgg/Mesopotamianhistory/index.html",EVET,OLAY,HAYIR,K1 MEZOPOTAMYA,,
bulunamadı,—,esnunna,Eşnunna (bağımsız krallık) — doğuş,başlangıç yılı kaynakta YOK,Eşnunna (Tell Asmar),"Britannica Eshnunna 'After the collapse of Ur, Eshnunna became independent' · Britannica Hammurabi (Renger) 'third time (1757–1755 bce). The final destruction of Eshnunna'",—,YOK,HAYIR,K1 MEZOPOTAMYA,,
-1755-01-01,yuzyil,esnunna,Eşnunna (bağımsız krallık) — yıkılış / son,OK (çıkarım: sayılar OK'ye uyuyor),Eşnunna (Tell Asmar),"Britannica Eshnunna 'After the collapse of Ur, Eshnunna became independent' · Britannica Hammurabi (Renger) 'third time (1757–1755 bce). The final destruction of Eshnunna'",EVET,OLAY,HAYIR,K1 MEZOPOTAMYA,,
-2095-01-01,—,mari-sakkanakku,Mari şakkanakku hanedanı — doğuş,başlangıç yılı kaynakta YOK · f ⑤: ÜST SINIR (en geç),Mari (Tell Hariri),RlA 7 s.383 Kupper https://publikationen.badw.de/de/rla/a/7.416.jpg 'la lignée des šakkanakku se poursuivit encore pendant près d'un siècle',SINIR (kırılma günü değil),SALTANAT,HAYIR,K1 MEZOPOTAMYA,,
-2017-01-01,—,mari-sakkanakku,Mari şakkanakku hanedanı — yıkılış,bitiş yılı kaynakta YOK · t ⑤: ALT SINIR (en erken) · ARALIK UCU DÜZELTİLDİ: ALT sınır,Mari (Tell Hariri),RlA 7 s.383 Kupper https://publikationen.badw.de/de/rla/a/7.416.jpg 'la lignée des šakkanakku se poursuivit encore pendant près d'un siècle',SINIR (kırılma günü değil),SALTANAT,HAYIR,K1 MEZOPOTAMYA,,
-1820-01-01,onyil,mari-lim,"Mari Lim hanedanı (Yahdun-Lim, Zimri-Lim) — doğuş","OK (çıkarım: sayılar OK'ye uyuyor) · SINIR (saltanattan türetilmiş), olay günü DEĞİL",Mari (Tell Hariri),"RlA 7 s.383 Kupper 'accession … de Jaḫdun-Lim, vers 1820' · Britannica Hammurabi (Renger) 'in 1761 bce against … Zimrilim'",SINIR (kırılma günü değil),SALTANAT,HAYIR,K1 MEZOPOTAMYA,,
-1761-01-01,onyil,mari-lim,"Mari Lim hanedanı (Yahdun-Lim, Zimri-Lim) — yıkılış / son",OK (çıkarım: sayılar OK'ye uyuyor),Mari (Tell Hariri),"RlA 7 s.383 Kupper 'accession … de Jaḫdun-Lim, vers 1820' · Britannica Hammurabi (Renger) 'in 1761 bce against … Zimrilim'",EVET,OLAY,HAYIR,K1 MEZOPOTAMYA,,
TARTIŞMALI (1894 ↔ 1880),yil,babil-i,Babil I. Hanedanı (Eski Babil) — doğuş,OK (Orta Kronoloji),Babil,"Britannica Babylon (Saggs) 'established in 1894 bce by … Sumuabum … Hittite raid in 1595 bce' · Brisch, ORACC AMGG https://oracc.museum.upenn.edu/amgg/Mesopotamianhistory/index.html",HAYIR (tartışmalı),OLAY,HAYIR,K1 MEZOPOTAMYA,,
-1595-01-01,yil,babil-i,Babil I. Hanedanı (Eski Babil) — yıkılış / son,OK (Orta Kronoloji),Babil,"Britannica Babylon (Saggs) 'established in 1894 bce by … Sumuabum … Hittite raid in 1595 bce' · Brisch, ORACC AMGG https://oracc.museum.upenn.edu/amgg/Mesopotamianhistory/index.html",EVET,OLAY,HAYIR,K1 MEZOPOTAMYA,,
-1740-01-01,onyil,deniz-ulkesi-i,I. Deniz Ülkesi hanedanı — doğuş,OK (çıkarım: sayılar OK'ye uyuyor),bulunamadı,"RlA 8 s.6 Brinkman 'Meerland' https://publikationen.badw.de/de/rla/a/8.35.jpg '§ 1. First Sealand Dynasty, c. 1740–1475'",EVET,OLAY,HAYIR,K1 MEZOPOTAMYA,,
-1475-01-01,onyil,deniz-ulkesi-i,I. Deniz Ülkesi hanedanı — yıkılış / son,OK (çıkarım: sayılar OK'ye uyuyor),bulunamadı,"RlA 8 s.6 Brinkman 'Meerland' https://publikationen.badw.de/de/rla/a/8.35.jpg '§ 1. First Sealand Dynasty, c. 1740–1475'",EVET,OLAY,HAYIR,K1 MEZOPOTAMYA,,
-2025-01-01,onyil,eski-asur,Asur kent-devleti (Eski Asur) — doğuş,"OK (Orta Kronoloji) · SINIR (saltanattan türetilmiş), olay günü DEĞİL",Asur,Met (Highcock) 'Puzur-Ashur I (r. ca. 2025–1950 B.C.) … Shamshi-Adad I captured Ashur in 1808/1807 B.C.' https://www.metmuseum.org/toah/hd/assy_2/hd_assy_2.htm,SINIR (kırılma günü değil),SALTANAT,HAYIR,K1 MEZOPOTAMYA,,
-1808-01-01,onyil,eski-asur,Asur kent-devleti (Eski Asur) — yıkılış / son,OK (Orta Kronoloji),Asur,Met (Highcock) 'Puzur-Ashur I (r. ca. 2025–1950 B.C.) … Shamshi-Adad I captured Ashur in 1808/1807 B.C.' https://www.metmuseum.org/toah/hd/assy_2/hd_assy_2.htm,EVET,OLAY,HAYIR,K1 MEZOPOTAMYA,,
-1808-01-01,yil,samsi-adad-krallik,Yukarı Mezopotamya Krallığı (Şamşi-Adad I) — doğuş,OK (Orta Kronoloji),Šubat-Enlil (DOĞRULANMADI) · Asur · Ekallatum,"Novotny & Morello, ORACC RIAo 'Rulers of Assyria' https://oracc.museum.upenn.edu/riao/RulersofAssyria/index.html 'Samsī-Addu I (ca. 1808-1776 BC)'",EVET,OLAY,HAYIR,K1 MEZOPOTAMYA,,
-1776-01-01,yil,samsi-adad-krallik,Yukarı Mezopotamya Krallığı (Şamşi-Adad I) — yıkılış / son,"OK (Orta Kronoloji) · SINIR (saltanattan türetilmiş), olay günü DEĞİL",Šubat-Enlil (DOĞRULANMADI) · Asur · Ekallatum,"Novotny & Morello, ORACC RIAo 'Rulers of Assyria' https://oracc.museum.upenn.edu/riao/RulersofAssyria/index.html 'Samsī-Addu I (ca. 1808-1776 BC)'",SINIR (kırılma günü değil),SALTANAT,HAYIR,K1 MEZOPOTAMYA,,
-1761-01-01,yuzyil,hana,Hana Krallığı (Terqa) — doğuş,OK (çıkarım: sayılar OK'ye uyuyor),Terqa (Tell ʿAšāra),RlA 13 s.600 Masetti-Rouault & Rouault https://publikationen.badw.de/de/rla/a/13.675.jpg · RlA 4 s.76 Kupper https://publikationen.badw.de/de/rla/a/4.105.jpg,EVET,OLAY,HAYIR,K1 MEZOPOTAMYA,,
bulunamadı,—,hana,Hana Krallığı (Terqa) — yıkılış,bitiş yılı kaynakta YOK,Terqa (Tell ʿAšāra),RlA 13 s.600 Masetti-Rouault & Rouault https://publikationen.badw.de/de/rla/a/13.675.jpg · RlA 4 s.76 Kupper https://publikationen.badw.de/de/rla/a/4.105.jpg,—,YOK,HAYIR,K1 MEZOPOTAMYA,,
ÖLÇÜLEMEDİ,yuzyil,kassit-babil,Kassit Babilonya (Orta Babil) — doğuş,OK (Orta Kronoloji),Babil; Dur-Kurigalzu,Met (Knott) 'Middle Babylonian (1595–1155 B.C.)' https://www.metmuseum.org/toah/hd/kass/hd_kass.htm · RlA 5 s.465 Brinkman https://publikationen.badw.de/de/rla/a/5.502.jpg 'early sixteenth century … about 1475 … until about 1155',HAYIR (tarih ÖLÇÜLEMEDİ — dönem/konvansiyon ya da belirsiz),DONEM,HAYIR,K1 MEZOPOTAMYA,,
-1155-01-01,yuzyil,kassit-babil,Kassit Babilonya (Orta Babil) — yıkılış / son,OK (Orta Kronoloji),Babil; Dur-Kurigalzu,Met (Knott) 'Middle Babylonian (1595–1155 B.C.)' https://www.metmuseum.org/toah/hd/kass/hd_kass.htm · RlA 5 s.465 Brinkman https://publikationen.badw.de/de/rla/a/5.502.jpg 'early sixteenth century … about 1475 … until about 1155',EVET,OLAY,HAYIR,K1 MEZOPOTAMYA,,
-1157-01-01,onyil,isin-ii,İsin II. Hanedanı — doğuş,OK (Orta Kronoloji),bulunamadı (Isin ile 'ilişki' — Brinkman §1 tam okunmadı),RlA 5 s.183 Brinkman https://publikationen.badw.de/de/rla/a/5.216.jpg 'ruled Babylonia ca. 1157—1026',EVET,OLAY,HAYIR,K1 MEZOPOTAMYA,,
-1026-01-01,onyil,isin-ii,İsin II. Hanedanı — yıkılış / son,OK (Orta Kronoloji),bulunamadı (Isin ile 'ilişki' — Brinkman §1 tam okunmadı),RlA 5 s.183 Brinkman https://publikationen.badw.de/de/rla/a/5.216.jpg 'ruled Babylonia ca. 1157—1026',EVET,OLAY,HAYIR,K1 MEZOPOTAMYA,,
-1025-01-01,yil,deniz-ulkesi-ii,II. Deniz Ülkesi hanedanı — doğuş,OK (çıkarım: sayılar OK'ye uyuyor),bulunamadı,"RlA 8 s.6 Brinkman '§ 3. Second Sealand Dynasty, 1025–1005'",EVET,OLAY,HAYIR,K1 MEZOPOTAMYA,,
-1005-01-01,yil,deniz-ulkesi-ii,II. Deniz Ülkesi hanedanı — yıkılış / son,OK (çıkarım: sayılar OK'ye uyuyor),bulunamadı,"RlA 8 s.6 Brinkman '§ 3. Second Sealand Dynasty, 1025–1005'",EVET,OLAY,HAYIR,K1 MEZOPOTAMYA,,
-1500-01-01,yuzyil,mitanni,Mitanni (Maitani) — doğuş,"OK (çıkarım: sayılar OK'ye uyuyor) · SINIR (saltanattan türetilmiş), olay günü DEĞİL",Waššukanni (KONUMU BİLİNMİYOR),RlA 8 s.286 Wilhelm https://publikationen.badw.de/de/rla/a/8.317.jpg 'bezeugt von ca. 1500 bis ins 13 Jh.' · s.294 https://publikationen.badw.de/de/rla/a/8.326.jpg (Šuppiluliuma I + Aššur-uballiṭ I),SINIR (kırılma günü değil),SALTANAT,HAYIR,K1 MEZOPOTAMYA,,
-1360-01-01,yuzyil,mitanni,Mitanni (Maitani) — yıkılış / son,"OK (çıkarım: sayılar OK'ye uyuyor) · SINIR (saltanattan türetilmiş), olay günü DEĞİL",Waššukanni (KONUMU BİLİNMİYOR),RlA 8 s.286 Wilhelm https://publikationen.badw.de/de/rla/a/8.317.jpg 'bezeugt von ca. 1500 bis ins 13 Jh.' · s.294 https://publikationen.badw.de/de/rla/a/8.326.jpg (Šuppiluliuma I + Aššur-uballiṭ I),SINIR (kırılma günü değil),SALTANAT,HAYIR,K1 MEZOPOTAMYA,,
-1360-01-01,yuzyil,hanigalbat,Ḫanigalbat (Mitanni artık devleti) — doğuş,"13. yy; Şalmaneser I ile Asur eyaleti (imzasız Britannica) ⇒ t bulunamadı · SINIR (saltanattan türetilmiş), olay günü DEĞİL",bulunamadı,"RlA 8 s.295 Wilhelm 'Für diesen Nachfolgestaat, der die Tradition von M. im 13. Jh. fortführt'",SINIR (kırılma günü değil),SALTANAT,HAYIR,K1 MEZOPOTAMYA,,
bulunamadı,—,hanigalbat,Ḫanigalbat (Mitanni artık devleti) — yıkılış,bitiş yılı kaynakta YOK,bulunamadı,"RlA 8 s.295 Wilhelm 'Für diesen Nachfolgestaat, der die Tradition von M. im 13. Jh. fortführt'",—,YOK,HAYIR,K1 MEZOPOTAMYA,,
-1353-01-01,yil,orta-asur,Orta Asur Krallığı — doğuş,"OK çerçevesi · SINIR (saltanattan türetilmiş), olay günü DEĞİL",Asur; Kar-Tukulti-Ninurta,"Novotny & Morello, ORACC RIAo 'Rulers of Assyria' https://oracc.museum.upenn.edu/riao/RulersofAssyria/index.html 'Aššur-uballiṭ I (1353-1318 BC) … Aššur-dān II (934-912 BC)'",SINIR (kırılma günü değil),SALTANAT,HAYIR,K1 MEZOPOTAMYA,,
-912-01-01,yil,orta-asur,Orta Asur Krallığı — yıkılış / son,"OK çerçevesi · SINIR (saltanattan türetilmiş), olay günü DEĞİL",Asur; Kar-Tukulti-Ninurta,"Novotny & Morello, ORACC RIAo 'Rulers of Assyria' https://oracc.museum.upenn.edu/riao/RulersofAssyria/index.html 'Aššur-uballiṭ I (1353-1318 BC) … Aššur-dān II (934-912 BC)'",SINIR (kırılma günü değil),SALTANAT,HAYIR,K1 MEZOPOTAMYA,,
ÖLÇÜLEMEDİ,yil,yeni-asur,Yeni Asur İmparatorluğu — doğuş,mutlak (eponim/kronik),Asur → Kalhu → Dur-Şarrukin → Ninova → Harran,"Novotny & Morello, ORACC RIAo 'Rulers of Assyria' https://oracc.museum.upenn.edu/riao/RulersofAssyria/index.html 'Adad-nārārī II (911-891 BC) … Aššur-uballiṭ II (611–609 BC)' · RlA 9 s.14 Brinkman 'Nabopolassar' https://publikationen.badw.de/de/rla/a/9.41.jpg 'this is the last mention of Assyrian involvement in a military action' (609)",HAYIR (tarih ÖLÇÜLEMEDİ — dönem/konvansiyon ya da belirsiz),DONEM,HAYIR,K1 MEZOPOTAMYA,,
-609-01-01,yil,yeni-asur,Yeni Asur İmparatorluğu — yıkılış / son,mutlak (eponim/kronik),Asur → Kalhu → Dur-Şarrukin → Ninova → Harran,"Novotny & Morello, ORACC RIAo 'Rulers of Assyria' https://oracc.museum.upenn.edu/riao/RulersofAssyria/index.html 'Adad-nārārī II (911-891 BC) … Aššur-uballiṭ II (611–609 BC)' · RlA 9 s.14 Brinkman 'Nabopolassar' https://publikationen.badw.de/de/rla/a/9.41.jpg 'this is the last mention of Assyrian involvement in a military action' (609)",EVET,OLAY,HAYIR,K1 MEZOPOTAMYA,,
-626-11-23,gun (f) / yil (t),yeni-babil,Yeni Babil İmparatorluğu — doğuş,mutlak (eponim/kronik),Babil,"RlA 9 s.12-13 Brinkman 'Nabopolassar' https://publikationen.badw.de/de/rla/a/9.39.jpg 'came to the throne in Babylon on VIII-26-626 (= Nov. 23, 626 in the Julian calendar)' · Met Babylon (Seymour) 'in 539 B.C., Cyrus II of Persia conquered the city'",EVET,OLAY,HAYIR,K1 MEZOPOTAMYA,,
-539-01-01,gun (f) / yil (t),yeni-babil,Yeni Babil İmparatorluğu — yıkılış / son,mutlak (eponim/kronik),Babil,"RlA 9 s.12-13 Brinkman 'Nabopolassar' https://publikationen.badw.de/de/rla/a/9.39.jpg 'came to the throne in Babylon on VIII-26-626 (= Nov. 23, 626 in the Julian calendar)' · Met Babylon (Seymour) 'in 539 B.C., Cyrus II of Persia conquered the city'",EVET,OLAY,HAYIR,K1 MEZOPOTAMYA,,
ÖLÇÜLEMEDİ,yuzyil,elam-avan,Avan hanedanı (Eski Elam) — doğuş,OK (Orta Kronoloji),"Avan (Zagros, konum belirsiz)","Vallat, Iranica 'ELAM i' https://www.iranicaonline.org/articles/elam-i 'The Awan dynasty (ca. 2400-2100 B.C.E.)'",HAYIR (tarih ÖLÇÜLEMEDİ — dönem/konvansiyon ya da belirsiz),DONEM,HAYIR,K1 MEZOPOTAMYA,,
-2112-01-01,yuzyil,elam-avan,Avan hanedanı (Eski Elam) — yıkılış / son,OK (Orta Kronoloji) · t ⑤: ALT SINIR,"Avan (Zagros, konum belirsiz)","Vallat, Iranica 'ELAM i' https://www.iranicaonline.org/articles/elam-i 'The Awan dynasty (ca. 2400-2100 B.C.E.)'",SINIR (kırılma günü değil),SALTANAT,HAYIR,K1 MEZOPOTAMYA,,
ÖLÇÜLEMEDİ,yuzyil,elam-simaski,Şimaşki hanedanı — doğuş,OK (Orta Kronoloji) (Ur'un düşüşü 2004),Şimaşki (yayla) + Susa (2004 sonrası),"Vallat, Iranica 'ELAM i' https://www.iranicaonline.org/articles/elam-i 'The Simaški dynasty (ca. 2100-1970 B.C.E.)'",HAYIR (tarih ÖLÇÜLEMEDİ — dönem/konvansiyon ya da belirsiz),DONEM,HAYIR,K1 MEZOPOTAMYA,,
ÖLÇÜLEMEDİ,yuzyil,elam-simaski,Şimaşki hanedanı — yıkılış / son,OK (Orta Kronoloji) (Ur'un düşüşü 2004),Şimaşki (yayla) + Susa (2004 sonrası),"Vallat, Iranica 'ELAM i' https://www.iranicaonline.org/articles/elam-i 'The Simaški dynasty (ca. 2100-1970 B.C.E.)'",HAYIR (tarih ÖLÇÜLEMEDİ — dönem/konvansiyon ya da belirsiz),DONEM,HAYIR,K1 MEZOPOTAMYA,,
-2004-01-01,yuzyil,elam-sukkalmah,Epartid / Sukkalmah hanedanı — doğuş,"OK (Orta Kronoloji) · f ⑤: ALT SINIR, OLAYDAN türetilmiş",Susa + Anşan,"Vallat, Iranica 'ELAM i' https://www.iranicaonline.org/articles/elam-i 'The Epartid or sukkalmah dynasty (ca. 1970-1600 B.C.E.)'",SINIR (kırılma günü değil),SALTANAT,HAYIR,K1 MEZOPOTAMYA,,
-1646-01-01,yuzyil,elam-sukkalmah,Epartid / Sukkalmah hanedanı — yıkılış / son,OK (Orta Kronoloji) · t ⑤: ALT SINIR,Susa + Anşan,"Vallat, Iranica 'ELAM i' https://www.iranicaonline.org/articles/elam-i 'The Epartid or sukkalmah dynasty (ca. 1970-1600 B.C.E.)'",SINIR (kırılma günü değil),SALTANAT,HAYIR,K1 MEZOPOTAMYA,,
-1360-01-01,yuzyil,elam-orta,Orta Elam Krallığı ('Anşan ve Susa kralları') — doğuş,OK (Orta Kronoloji) · f ⑤: ÜST SINIR (en geç),Susa; Anşan; Çoğa Zanbil,"Vallat, Iranica 'ELAM i' https://www.iranicaonline.org/articles/elam-i 'The Middle Elamite period (ca. 1500-1100 B.C.E.)'",SINIR (kırılma günü değil),SALTANAT,HAYIR,K1 MEZOPOTAMYA,,
-1125-01-01,yuzyil,elam-orta,Orta Elam Krallığı ('Anşan ve Susa kralları') — yıkılış / son,OK (Orta Kronoloji) · t ⑤: SALTANATLA SINIRLI OLAY,Susa; Anşan; Çoğa Zanbil,"Vallat, Iranica 'ELAM i' https://www.iranicaonline.org/articles/elam-i 'The Middle Elamite period (ca. 1500-1100 B.C.E.)'",SINIR (kırılma günü değil),SALTANAT,HAYIR,K1 MEZOPOTAMYA,,
-1125-01-01,yuzyil,elam-yeni,Yeni Elam Krallığı — doğuş,OK (Orta Kronoloji) (f) / mutlak (eponim/kronik) (646) · f ⑤: ALT SINIR,Susa; Madaktu,"Vallat, Iranica 'ELAM i' https://www.iranicaonline.org/articles/elam-i 'The Neo-Elamite Period (1100-539 B.C.E.)' · 'Neo-Elamite III (646-539?B.C.E.)'",SINIR (kırılma günü değil),SALTANAT,HAYIR,K1 MEZOPOTAMYA,,
-646-01-01,yuzyil,elam-yeni,Yeni Elam Krallığı — yıkılış / son,"OK (Orta Kronoloji) (f) / mutlak (eponim/kronik) (646) · t ⑤: ALT SINIR, OLAYDAN",Susa; Madaktu,"Vallat, Iranica 'ELAM i' https://www.iranicaonline.org/articles/elam-i 'The Neo-Elamite Period (1100-539 B.C.E.)' · 'Neo-Elamite III (646-539?B.C.E.)'",SINIR (kırılma günü değil),SALTANAT,HAYIR,K1 MEZOPOTAMYA,,
-891-01-01,yuzyil,lake,"Laqê (Arami ülkesi, Orta Fırat) — doğuş","mutlak (eponim/kronik) · SINIR (saltanattan türetilmiş), olay günü DEĞİL · ARALIK UCU DÜZELTİLDİ: ÜST sınır",bulunamadı ('Laqû' adlı kent yok),RlA 6 s.492 Postgate https://publikationen.badw.de/de/rla/a/6.527.jpg 'first attested in the reign of Adad-nirari II (911–891) and incorporated into the Assyrian provincial system by the reign of Adad-nirari III (810–783)—and probably earlier',SINIR (kırılma günü değil),SALTANAT,HAYIR,K1 MEZOPOTAMYA,,
-783-01-01,yuzyil,lake,"Laqê (Arami ülkesi, Orta Fırat) — yıkılış / son","mutlak (eponim/kronik) · SINIR (saltanattan türetilmiş), olay günü DEĞİL · KASA: -810 → -783 (tanık A-n III saltanatında; -810 yön hatası; AD VAR POLITY YOK)",bulunamadı ('Laqû' adlı kent yok),RlA 6 s.492 Postgate https://publikationen.badw.de/de/rla/a/6.527.jpg 'first attested in the reign of Adad-nirari II (911–891) and incorporated into the Assyrian provincial system by the reign of Adad-nirari III (810–783)—and probably earlier',SINIR (kırılma günü değil),SALTANAT,HAYIR,K1 MEZOPOTAMYA,,
-2334-01-01,onyil,akkad,Sargon Lugalzagesi'yi yendi — Sümer kent-devletleri Akkad'a,"Akkad'ın Uruk, Ur, Lagaş, Umma'yı alışı",Uruk,Britannica Sargon (Dalley) 'defeat of Lugalzaggisi of Uruk' · RlA 14 s.318 Waetzoldt,EVET,OLAY,HAYIR,K1 MEZOPOTAMYA,,
-2004-01-01,yil,ur-iii,"Elamlılar Ur'u aldı, İbbi-Sin esir",Ur III'ün sonu,Ur,"Britannica 'History of Mesopotamia' (Frye/von Soden/Edzard) https://www.britannica.com/place/Mesopotamia-historical-region-Asia 'Ur was besieged, taken, and destroyed by the invading Elamites'",EVET,OLAY,HAYIR,K1 MEZOPOTAMYA,,
-1763-01-01,yil,babil-i,Hammurabi Larsa'yı aldı (Rim-Sin),güney Babilonya Babil'e,Larsa,"Britannica Larsa · Brisch, ORACC AMGG https://oracc.museum.upenn.edu/amgg/Mesopotamianhistory/index.html",EVET,OLAY,HAYIR,K1 MEZOPOTAMYA,,
-1761-01-01,yil,babil-i,Hammurabi Mari'ye karşı (Zimri-Lim),Mari'nin sonu,Mari,Britannica Hammurabi (Renger),EVET,OLAY,HAYIR,K1 MEZOPOTAMYA,,
-1595-01-01,yil,babil-i,Hitit akını Babil'i yağmaladı,Eski Babil döneminin sonu (OLAY; Hitit polity DEĞİL),Babil,"Met Babylon (Seymour) · Brisch, ORACC AMGG https://oracc.museum.upenn.edu/amgg/Mesopotamianhistory/index.html",EVET,OLAY,HAYIR,K1 MEZOPOTAMYA,,
-1475-01-01,yuzyil,kassit-babil,Kassitler güneyi (I. Deniz Ülkesi) fethetti,Babilonya birleşti,Babilonya güneyi,RlA 5 s.465 Brinkman · Met (Knott),EVET,OLAY,HAYIR,K1 MEZOPOTAMYA,,
-1155-01-01,yil,kassit-babil,Elam akınları Kassit hanedanını çökertti,,Babil,Met (Knott) 'collapse of the Kassite dynasty in 1155 B.C.',EVET,OLAY,HAYIR,K1 MEZOPOTAMYA,,
-1100-01-01,onyil,isin-ii,I. Nebukadnezar Susa'yı yağmaladı,Orta Elam gücünün sönüşü,Susa,Met (Knott) 'sacked Susa in ca. 1100 B.C.',HAYIR,OLAY,HAYIR,K1 MEZOPOTAMYA,,
-612-01-01,yil,yeni-asur,Babil ve Medler Ninova'yı yağmaladı,,Ninova,RlA 9 s.14 Brinkman,EVET,OLAY,HAYIR,K1 MEZOPOTAMYA,,
-646-01-01,yil,elam-yeni,Asurbanipal Susa'yı yağmaladı,Yeni Elam II'nin sonu (devletin sonu DEĞİL),Susa,"Vallat, Iranica 'ELAM i' https://www.iranicaonline.org/articles/elam-i 'Aššurbanipal in 646, when he sacked Susa'",EVET,OLAY,HAYIR,K1 MEZOPOTAMYA,,
-539-01-01,yil,yeni-babil,II. Kyros Babil'i aldı,Yeni Babil'in sonu,Babil,Met Babylon (Seymour),EVET,OLAY,HAYIR,K1 MEZOPOTAMYA,,
-2075-01-01,yil,ur-iii,Šulgi Der'i yıktı,"Šulgi 21c: mu BAD3-ANki (= Der) ba-hul — ""Year: Der was destroyed"" (Orta Kronoloji) · TARİH = yıl adının yılı − 1 (yıl adı önceki yılın olayını anar; ±1 yıl)",Der,"https://cdli.ox.ac.uk/wiki/doku.php?id=year_names_shulgi — ""21c. mu BAD3-ANki (= Der) ba-hul / Year: Der was destroyed""",AKIN (yıkım/sefer — kalıcı kontrol değişimi KANITLANMADI; hedefe SAYILMAZ),OLAY,HAYIR,K1 MEZOPOTAMYA,,"SÜRDÜ (iç kanıt: Der -1648, -623 kayıtları)"
-2072-01-01,yil,ur-iii,Šulgi Karahar'ı yıktı,"Šulgi 24: mu kar2-harki ba-hul — ""Year: Karahar was destroyed"" (Orta Kronoloji) · TARİH = yıl adının yılı − 1 (yıl adı önceki yılın olayını anar; ±1 yıl)",Karahar,"https://cdli.ox.ac.uk/wiki/doku.php?id=year_names_shulgi — ""24. mu kar2-harki ba-hul / Year: Karahar was destroyed""",AKIN (yıkım/sefer — kalıcı kontrol değişimi KANITLANMADI; hedefe SAYILMAZ),OLAY,HAYIR,K1 MEZOPOTAMYA,,ÖLÇÜLEMEDİ (yer şehir listesinde YOK)
-2071-01-01,yil,ur-iii,Šulgi Simurrum'u yıktı,"Šulgi 25b: mu si-mu-ru-umki ba-hul — ""Year: Simurrum was destroyed"" (Orta Kronoloji) · TARİH = yıl adının yılı − 1 (yıl adı önceki yılın olayını anar; ±1 yıl)",Simurrum,"https://cdli.ox.ac.uk/wiki/doku.php?id=year_names_shulgi — ""25b. mu si-mu-ru-umki ba-hul / Year: Simurrum was destroyed""",AKIN (yıkım/sefer — kalıcı kontrol değişimi KANITLANMADI; hedefe SAYILMAZ),OLAY,HAYIR,K1 MEZOPOTAMYA,,ÖLÇÜLEMEDİ (yer şehir listesinde YOK)
-2070-01-01,yil,ur-iii,Simurrum ikinci kez yıkıldı,"Šulgi 26b: mu si-mu-ru-umki a-ra2 2-kam-ma-aš ba-hul — ""Year: Simurrum was destroyed a second time"" (Orta Kronoloji) · TARİH = yıl adının yılı − 1 (yıl adı önceki yılın olayını anar; ±1 yıl)",Simurrum,"https://cdli.ox.ac.uk/wiki/doku.php?id=year_names_shulgi — ""26b. mu si-mu-ru-umki a-ra2 2-kam-ma-aš ba-hul / Year: Simurrum was destroyed a second time""",AKIN (yıkım/sefer — kalıcı kontrol değişimi KANITLANMADI; hedefe SAYILMAZ),OLAY,HAYIR,K1 MEZOPOTAMYA,,ÖLÇÜLEMEDİ (yer şehir listesinde YOK)
-2069-01-01,yil,ur-iii,Šulgi Harši'yi yıktı,"Šulgi 27b: mu ha-ar-šiki ba-hul — ""Year: Harszi was destroyed"" (Orta Kronoloji) · TARİH = yıl adının yılı − 1 (yıl adı önceki yılın olayını anar; ±1 yıl)",Harši,"https://cdli.ox.ac.uk/wiki/doku.php?id=year_names_shulgi — ""27b. mu ha-ar-šiki ba-hul / Year: 'Harszi was destroyed'""",AKIN (yıkım/sefer — kalıcı kontrol değişimi KANITLANMADI; hedefe SAYILMAZ),OLAY,HAYIR,K1 MEZOPOTAMYA,,ÖLÇÜLEMEDİ (yer şehir listesinde YOK)
-2065-01-01,yil,ur-iii,Karahar ikinci kez yıkıldı,"Šulgi 31b: mu kar2-harki a-ra2 2-kam-aš ba-hul — ""Year: Karhar was destroyed for the second time"" (Orta Kronoloji) · TARİH = yıl adının yılı − 1 (yıl adı önceki yılın olayını anar; ±1 yıl)",Karahar,"https://cdli.ox.ac.uk/wiki/doku.php?id=year_names_shulgi — ""31b. mu kar2-harki a-ra2 2-kam-aš ba-hul / Year: Karhar was destroyed for the second time""",AKIN (yıkım/sefer — kalıcı kontrol değişimi KANITLANMADI; hedefe SAYILMAZ),OLAY,HAYIR,K1 MEZOPOTAMYA,,ÖLÇÜLEMEDİ (yer şehir listesinde YOK)
-2064-01-01,yil,ur-iii,Simurrum üçüncü kez yıkıldı,"Šulgi 32: mu si-mu-ru-umki a-ra2 3-kam-aš ba-hul — ""Year: Simurrum was destroyed for the third time"" (Orta Kronoloji) · TARİH = yıl adının yılı − 1 (yıl adı önceki yılın olayını anar; ±1 yıl)",Simurrum,"https://cdli.ox.ac.uk/wiki/doku.php?id=year_names_shulgi — ""32. mu si-mu-ru-umki a-ra2 3-kam-aš ba-hul / Year: Simurrum was destroyed for the third time""",AKIN (yıkım/sefer — kalıcı kontrol değişimi KANITLANMADI; hedefe SAYILMAZ),OLAY,HAYIR,K1 MEZOPOTAMYA,,ÖLÇÜLEMEDİ (yer şehir listesinde YOK)
-2063-01-01,yil,ur-iii,Karahar üçüncü kez yıkıldı,"Šulgi 33b: mu kar2-harki a-ra2 3-kam-aš ba-hul — ""Year: Karhar was destroyed for the third time"" (Orta Kronoloji) · TARİH = yıl adının yılı − 1 (yıl adı önceki yılın olayını anar; ±1 yıl)",Karahar,"https://cdli.ox.ac.uk/wiki/doku.php?id=year_names_shulgi — ""33b. mu kar2-harki a-ra2 3-kam-aš ba-hul / Year: Karhar was destroyed for the third time""",AKIN (yıkım/sefer — kalıcı kontrol değişimi KANITLANMADI; hedefe SAYILMAZ),OLAY,HAYIR,K1 MEZOPOTAMYA,,ÖLÇÜLEMEDİ (yer şehir listesinde YOK)
-2062-01-01,yil,ur-iii,Šulgi Anšan'ı yıktı,"Šulgi 34c: mu an-ša-anki ba-hul — ""Year: Anshan was destroyed"" (Orta Kronoloji) · TARİH = yıl adının yılı − 1 (yıl adı önceki yılın olayını anar; ±1 yıl)",Anšan (Tall-i Malyan),"https://cdli.ox.ac.uk/wiki/doku.php?id=year_names_shulgi — ""34c. mu an-ša-anki ba-hul / Year: Anshan was destroyed""",AKIN (yıkım/sefer — kalıcı kontrol değişimi KANITLANMADI; hedefe SAYILMAZ),OLAY,HAYIR,K1 MEZOPOTAMYA,,"SÜRDÜ (iç kanıt: Anšan -1929; Orta Elam ""Anşan ve Susa kralları"")"
-2054-01-01,yil,ur-iii,Šulgi Šašrum'u yıktı,"Šulgi 42b: mu lugal-e ša-aš-ru-umki mu-hul — ""Year: The king destroyed Šašrum"" (Orta Kronoloji) · TARİH = yıl adının yılı − 1 (yıl adı önceki yılın olayını anar; ±1 yıl)",Šašrum (Šemšara),"https://cdli.ox.ac.uk/wiki/doku.php?id=year_names_shulgi — ""42b. mu lugal-e ša-aš-ru-umki mu-hul / Year: The king destroyed Šašrum""",AKIN (yıkım/sefer — kalıcı kontrol değişimi KANITLANMADI; hedefe SAYILMAZ),OLAY,HAYIR,K1 MEZOPOTAMYA,,ÖLÇÜLEMEDİ (yer şehir listesinde YOK)
-2052-01-01,yil,ur-iii,Simurrum ve Lullubum dokuzuncu kez yıkıldı,"Šulgi 44b: mu si-mu-ru-umki u3 lu-lu-bu-um/bum2ki a-ra2 1(u) la2 1-kam-aš ba-hul — ""Year: Simurrum and Lullubum were destroyed for the ninth time"" (Orta Kronoloji) · TARİH = yıl adının yılı − 1 (yıl adı önceki yılın olayını anar; ±1 yıl)","Simurrum, Lullubum","https://cdli.ox.ac.uk/wiki/doku.php?id=year_names_shulgi — ""44b. ... Year: Simurrum and Lullubum were destroyed for the ninth time""",AKIN (yıkım/sefer — kalıcı kontrol değişimi KANITLANMADI; hedefe SAYILMAZ),OLAY,HAYIR,K1 MEZOPOTAMYA,,ÖLÇÜLEMEDİ (yer şehir listesinde YOK)
-2051-01-01,yil,ur-iii,"Urbilum, Simurrum, Lullubum, Karahar tek seferde ezildi","Šulgi 45b: mu dšul-gi nita kal-ga lugal uri2ki-ma lugal an ub-da limmu2-ba-ke4 ur-bi2-lumki si-mu-ru-umki lu-lu-buki u3 kar2-harki 1-še3 sag-du-bi šu-bur2-a bi2-ra-a — ""Šulgi ... smashed the heads of Urbilum, Simurrum, Lullubum and Karhar in a single campaign"" (Orta Kronoloji) · TARİH = yıl adının yılı − 1 (yıl adı önceki yılın olayını anar; ±1 yıl)","Urbilum (Erbil), Simurrum, Lullubum, Karahar","https://cdli.ox.ac.uk/wiki/doku.php?id=year_names_shulgi — ""45b. ... Year: Šulgi, the strong man, the king of Ur, the king of the four quarters, smashed the heads of Urbilum, Simurrum, Lullubum and Karhar in a single campaign""",AKIN (yıkım/sefer — kalıcı kontrol değişimi KANITLANMADI; hedefe SAYILMAZ),OLAY,HAYIR,K1 MEZOPOTAMYA,,SÜRDÜ (Arbela şehir listesinde; Yeni Asur kenti)
-2050-01-01,yil,ur-iii,Kimaš ve Hurti yıkıldı,"Šulgi 46b: mu dšul-gi ... ki-maški hu-ur5-tiki u3 ma-da-bi u4 1-a mu-hul — ""Šulgi ... destroyed Kimaš, Hurti and their territories in a single day"" (Orta Kronoloji) · TARİH = yıl adının yılı − 1 (yıl adı önceki yılın olayını anar; ±1 yıl)","Kimaš, Hurti","https://cdli.ox.ac.uk/wiki/doku.php?id=year_names_shulgi — ""46b. ... Year: Šulgi, the strong man, the king of Ur, the king of the four quarters, destroyed Kimaš, Hurti and their territories in a single day""",AKIN (yıkım/sefer — kalıcı kontrol değişimi KANITLANMADI; hedefe SAYILMAZ),OLAY,HAYIR,K1 MEZOPOTAMYA,,ÖLÇÜLEMEDİ (yer şehir listesinde YOK)
-2048-01-01,yil,ur-iii,"Harši, Kimaš, Hurti yıkıldı","Šulgi 48b: mu ha-ar-šiki ki-maški hu-ur5-tiki u3 ma-da-bi u4 1-bi ba-hul — ""Harshi, Kimaš, Hurti and their territories were destroyed in a single day"" (Orta Kronoloji) · TARİH = yıl adının yılı − 1 (yıl adı önceki yılın olayını anar; ±1 yıl)","Harši, Kimaš, Hurti","https://cdli.ox.ac.uk/wiki/doku.php?id=year_names_shulgi — ""48b. mu ha-ar-šiki ki-maški hu-ur5-tiki u3 ma-da-bi u4 1-bi ba-hul / Year: Harshi, Kimaš, Hurti and their territories were destroyed in a single day""",AKIN (yıkım/sefer — kalıcı kontrol değişimi KANITLANMADI; hedefe SAYILMAZ),OLAY,HAYIR,K1 MEZOPOTAMYA,,ÖLÇÜLEMEDİ (yer şehir listesinde YOK)
-2046-01-01,yil,ur-iii,Amar-Suen Urbilum'u yıktı,"Amar-Suen 2a: mu damar-dsuen lugal-e ur-bi2-lumki mu-hul — ""Amar-Suen, the king, destroyed Urbilum"" (Orta Kronoloji) · TARİH = yıl adının yılı − 1 (yıl adı önceki yılın olayını anar; ±1 yıl)",Urbilum (Erbil),"https://cdli.ox.ac.uk/wiki/doku.php?id=amar-suen_year-names — ""2a. mu damar-dsuen lugal-e ur-bi2-lumki mu-hul / Year: 'Amar-Suen, the king, destroyed Urbilum'""",AKIN (yıkım/sefer — kalıcı kontrol değişimi KANITLANMADI; hedefe SAYILMAZ),OLAY,HAYIR,K1 MEZOPOTAMYA,,SÜRDÜ (Arbela şehir listesinde; Yeni Asur kenti)
-2042-01-01,yil,ur-iii,Šašrum (2.) ve Šurudhum yıkıldı,"Amar-Suen 6b: mu damar-dsuen lugal-e ša-aš-ru-umki a-ra2 2(diš)-kam u3 šu-ru-ud-hu-umki mu-hul — ""Amar-Suen, the king, destroyed Shashrum for the second time and Shurudhum"" (Orta Kronoloji) · TARİH = yıl adının yılı − 1 (yıl adı önceki yılın olayını anar; ±1 yıl)","Šašrum, Šurudhum","https://cdli.ox.ac.uk/wiki/doku.php?id=amar-suen_year-names — ""6b. ... Year: 'Amar-Suen, the king, destroyed Shashrum for the second time and Shurudhum'""",AKIN (yıkım/sefer — kalıcı kontrol değişimi KANITLANMADI; hedefe SAYILMAZ),OLAY,HAYIR,K1 MEZOPOTAMYA,,ÖLÇÜLEMEDİ (yer şehir listesinde YOK)
-2041-01-01,yil,ur-iii,"Bitum-rabium, Jabru ve Huhnuri yıkıldı","Amar-Suen 7b: mu damar-dsuen lugal-e bi2-tum-ra-bi2-umki i3-ab-ruki ma-da ma-da-bi u3 hu-uh2-nu-riki mu-hul — ""Amar-Suen, the king, destroyed Bitum-rabium, Jabru, their territories and Huhnuri"" (Orta Kronoloji) · TARİH = yıl adının yılı − 1 (yıl adı önceki yılın olayını anar; ±1 yıl)","Bitum-rabium, Jabru, Huhnuri","https://cdli.ox.ac.uk/wiki/doku.php?id=amar-suen_year-names — ""7b. ... Year: 'Amar-Suen, the king, destroyed Bitum-rabium, Jabru, their territories and Huhnuri'""",AKIN (yıkım/sefer — kalıcı kontrol değişimi KANITLANMADI; hedefe SAYILMAZ),OLAY,HAYIR,K1 MEZOPOTAMYA,,ÖLÇÜLEMEDİ (yer şehir listesinde YOK)
-2036-01-01,yil,ur-iii,Šu-Suen Simanum'u yıktı,"Šu-Suen 3b: mu dšu-dsuen lugal uri2ki-ma-ke4 si-ma-num2ki mu-hul — ""Šu-Suen, the king of Ur, destroyed Simanum"" (Orta Kronoloji) · TARİH = yıl adının yılı − 1 (yıl adı önceki yılın olayını anar; ±1 yıl)",Simanum,"https://cdli.ox.ac.uk/wiki/doku.php?id=year_names_shu-suen — ""3b. mu dšu-dsuen lugal uri2ki-ma-ke4 si-ma-num2ki mu-hul / Year: 'Šu-Suen, the king of Ur, destroyed Simanum'""",AKIN (yıkım/sefer — kalıcı kontrol değişimi KANITLANMADI; hedefe SAYILMAZ),OLAY,HAYIR,K1 MEZOPOTAMYA,,ÖLÇÜLEMEDİ (yer şehir listesinde YOK)
-2032-01-01,yil,ur-iii,Šu-Suen Zabšali ülkesini yıktı,"Šu-Suen 7b: mu dšu-dsuen lugal uri2ki-ma-ke4 lugal an ub-da 4-ba ma-da za-ab-ša-liki mu-hul — ""Šu-Suen, the king of Ur, king of the four quarters, destroyed the land of Zabšali"" (Orta Kronoloji) · TARİH = yıl adının yılı − 1 (yıl adı önceki yılın olayını anar; ±1 yıl)",Zabšali (İran platosu),"https://cdli.ox.ac.uk/wiki/doku.php?id=year_names_shu-suen — ""7b. ... Year: 'Šu-Suen, the king of Ur, king of the four quarters, destroyed the land of Zabšali'""",AKIN (yıkım/sefer — kalıcı kontrol değişimi KANITLANMADI; hedefe SAYILMAZ),OLAY,HAYIR,K1 MEZOPOTAMYA,,ÖLÇÜLEMEDİ (yer şehir listesinde YOK)
-2027-01-01,yil,ur-iii,İbbi-Suen Simurrum'u yıktı,"Ibbi-Suen 3b: mu di-bi2-dsuen lugal uri2ki-ma-ke4 si-mu-ru-umki mu-hul — ""Ibbi-Suen, the king of Ur, destroyed Simurrum"" (Orta Kronoloji) · TARİH = yıl adının yılı − 1 (yıl adı önceki yılın olayını anar; ±1 yıl)",Simurrum,"https://cdli.ox.ac.uk/wiki/doku.php?id=year_names_ibbi-suen — ""3b. mu di-bi2-dsuen lugal uri2ki-ma-ke4 si-mu-ru-umki mu-hul / Year: Ibbi-Suen, the king of Ur, destroyed Simurrum""",AKIN (yıkım/sefer — kalıcı kontrol değişimi KANITLANMADI; hedefe SAYILMAZ),OLAY,HAYIR,K1 MEZOPOTAMYA,,ÖLÇÜLEMEDİ (yer şehir listesinde YOK)
-2021-01-01,yil,ur-iii,İbbi-Suen Huhnuri'ye büyük güçle yürüdü,"Ibbi-Suen 9: mu di-bi2-dsuen lugal uri2ki-ma-ke4 hu-uh2-nu-riki sag-kul ma-da an-ša-anki-še3 … dugud ba-ši-in-gen — ""Ibbi-Suen, the king of Ur, went with massive power to Huhnuri, the bolt to the land of Anšan"" (Orta Kronoloji) · TARİH = yıl adının yılı − 1 (yıl adı önceki yılın olayını anar; ±1 yıl)",Huhnuri,"https://cdli.ox.ac.uk/wiki/doku.php?id=year_names_ibbi-suen — ""9. ... Year: Ibbi-Suen, the king of Ur, went with massive power to Huhnuri, the bolt to the land of Anšan and like …""",HAYIR (yalnız sefer: 'went with massive power'),OLAY,HAYIR,K1 MEZOPOTAMYA,,
-2016-01-01,yil,ur-iii,"İbbi-Suen Susa, Adamdun ve Awan'ı ezdi","Ibbi-Suen 14: mu di-bi2-dsuen lugal uri2ki-ma-ke4 šušanki a-dam-dunki a-wa-anki u4-gin7 ka bi-in-gi4 u4 1(diš)-a mu-un-gur2 en-bi lu2-a mi-ni-in-dab5-ba-a — ""Ibbi-Suen ... overwhelmed Susa, Adamdun and Awan like a storm, subdued them in a single day and seized the lords of their people"" (Orta Kronoloji) · TARİH = yıl adının yılı − 1 (yıl adı önceki yılın olayını anar; ±1 yıl)","Susa, Adamdun, Awan","https://cdli.ox.ac.uk/wiki/doku.php?id=year_names_ibbi-suen — ""14. ... Year: 'Ibbi-Suen, the king of Ur, overwhelmed Susa, Adamdun and Awan like a storm, subdued them in a single day and seized the lords of their people'""",AKIN (yıkım/sefer — kalıcı kontrol değişimi KANITLANMADI; hedefe SAYILMAZ),OLAY,HAYIR,K1 MEZOPOTAMYA,,SÜRDÜ (iç kanıt: Susa -646)
-2013-01-01,yil,ur-iii,Amurrular İbbi-Suen'e boyun eğdi,"Ibbi-Suen 17: mu di-bi2-dsuen lugal uri2ki-ma-ra mar-tu a2 tu15u19-<lu> ul-ta iriki nu zu gu2 im-ma-an-ga2-ar — ""The Amorites, the powerful south wind who from the remote past have not known cities, submitted to Ibbi-Suen, the king of Ur"" (Orta Kronoloji) · TARİH = yıl adının yılı − 1 (yıl adı önceki yılın olayını anar; ±1 yıl)",Amurru (MAR.TU) bölgesi,"https://cdli.ox.ac.uk/wiki/doku.php?id=year_names_ibbi-suen — ""17. ... Year: 'The Amorites, the powerful south wind who from the remote past have not known cities, submitted to Ibbi-Suen, the king of Ur'""",HAYIR (boyun eğiş; toprak/kent değil),OLAY,HAYIR,K1 MEZOPOTAMYA,,
-2015-01-01,yil,isin-i,Išbi-Erra Girtab'ı yıktı,"Išbi-Erra 4: mu gir13-tabki ba-hul — ""Year: Girtab was destroyed"" (Orta Kronoloji; yıl no. Van De Mieroop BIN 10) · TARİH = yıl adının yılı − 1 (yıl adı önceki yılın olayını anar; ±1 yıl)",Girtab,"https://cdli.ox.ac.uk/wiki/doku.php?id=year_names_ishbi-erra — ""4. mu gir13-tabki ba-hul / Year: Girtab was destroyed""; reign: https://cdli.ox.ac.uk/wiki/doku.php?id=rulers_of_mesopotamia ""Išbi-Erra (2017-1985)""",AKIN (yıkım/sefer — kalıcı kontrol değişimi KANITLANMADI; hedefe SAYILMAZ),OLAY,HAYIR,K1 MEZOPOTAMYA,,ÖLÇÜLEMEDİ (yer şehir listesinde YOK)
-2011-01-01,yil,isin-i,Išbi-Erra Amurru kentini yıktı,"Išbi-Erra 8: mu iriki mar-tu ba-hul — ""Year: The Amorite city was destroyed"" (Orta Kronoloji; yıl no. Van De Mieroop BIN 10) · TARİH = yıl adının yılı − 1 (yıl adı önceki yılın olayını anar; ±1 yıl)",Amurru kenti (yeri belirsiz),"https://cdli.ox.ac.uk/wiki/doku.php?id=year_names_ishbi-erra — ""8. mu iriki mar-tu ba-hul / Year: The Amorite city was destroyed""; reign: https://cdli.ox.ac.uk/wiki/doku.php?id=rulers_of_mesopotamia ""Išbi-Erra (2017-1985)""",AKIN (yıkım/sefer — kalıcı kontrol değişimi KANITLANMADI; hedefe SAYILMAZ),OLAY,HAYIR,K1 MEZOPOTAMYA,,ÖLÇÜLEMEDİ (yer şehir listesinde YOK)
-1993-01-01,yil,isin-i,Išbi-Erra Elamlıları Ur'dan çıkardı,"Išbi-Erra 26: ""Išbi-Erra, the king, brought out of Ur, with his strong weapon, the Elamite who was dwelling in its midst"" (Išbi-Erra 2017–1985 → yıl 26 = 1992) (Orta Kronoloji) · TARİH = yıl adının yılı − 1 (yıl adı önceki yılın olayını anar; ±1 yıl)",Ur,"https://cdli.ox.ac.uk/wiki/doku.php?id=year_names_ishbi-erra — ""26a. mu diš-bi-er3-ra lugal-e elam ša3 uri2ki-ma tuš-a geštukul kalag-ga-ni im-ta-e11 — Year: Išbi-Erra, the king, brought out of Ur, with his strong weapon, the Elamite who was dwelling in its midst""",EVET,OLAY,HAYIR,K1 MEZOPOTAMYA,,
-1931-01-01,yil,larsa,Gungunum Bašimi'yi yıktı,"Gungunum 3: ""Bašimi was destroyed"" (Gungunum 1932–1906 → yıl 3 = 1930) (Orta Kronoloji) · TARİH = yıl adının yılı − 1 (yıl adı önceki yılın olayını anar; ±1 yıl)",Bašimi,"https://cdli.ox.ac.uk/wiki/doku.php?id=year_names_gungunum — ""3. mu ba-ši-miki ba-hul — Year: Bašimi was destroyed""",AKIN (yıkım/sefer — kalıcı kontrol değişimi KANITLANMADI; hedefe SAYILMAZ),OLAY,HAYIR,K1 MEZOPOTAMYA,,ÖLÇÜLEMEDİ (yer şehir listesinde YOK)
-1929-01-01,yil,larsa,Gungunum Anšan'ı yıktı,"Gungunum 5: ""Anšan was destroyed"" (yıl 5 = 1928) (Orta Kronoloji) · TARİH = yıl adının yılı − 1 (yıl adı önceki yılın olayını anar; ±1 yıl)",Anšan,"https://cdli.ox.ac.uk/wiki/doku.php?id=year_names_gungunum — ""5. mu an-ša-anki ba-hul — Year: Anšan was destroyed""",AKIN (yıkım/sefer — kalıcı kontrol değişimi KANITLANMADI; hedefe SAYILMAZ),OLAY,HAYIR,K1 MEZOPOTAMYA,,"SÜRDÜ (iç kanıt: Anšan -1929; Orta Elam ""Anşan ve Susa kralları"")"
-1893-01-01,yil,babil-i,Sumu-abum Elip surunu ele geçirdi,"Sumu-abum 3: ""the city wall of Elip was seized"" (Sumu-abum 1894–1881 → yıl 3 = 1892) (Orta Kronoloji) · TARİH = yıl adının yılı − 1 (yıl adı önceki yılın olayını anar; ±1 yıl)",Elip (Kibalmašda),"https://web.archive.org/web/2015id_/http://cdli.ucla.edu/tools/yearnames/HTML/T12K1.htm — ""3a mu bad3 e-li-ip{ki} ba-dab5 / isy-sya-ab-tu3 Year the city wall of Elip was seized (RlA 2 175, 3)""",EVET,OLAY,HAYIR,K1 MEZOPOTAMYA,,
-1892-01-01,yil,larsa,Sumuel Akusum'u yıktı,"Sumuel 4: ""Akusum was destroyed and the army of Kazallu was smitten by weapons"" (Sumuel 1894–1866 → yıl 4 = 1891) (Orta Kronoloji) · TARİH = yıl adının yılı − 1 (yıl adı önceki yılın olayını anar; ±1 yıl)",Akusum,"https://cdli.ox.ac.uk/wiki/doku.php?id=year_names_sumu-el — ""4. mu a-ku-uski ba-hul u3 ugnim ka-zal-luki geštukul ba-dab5 / ba-sig3 — Year: Akusum was destroyed and the army of Kazallu was smitten by weapons""",AKIN (yıkım/sefer — kalıcı kontrol değişimi KANITLANMADI; hedefe SAYILMAZ),OLAY,HAYIR,K1 MEZOPOTAMYA,,ÖLÇÜLEMEDİ (yer şehir listesinde YOK)
-1888-01-01,yil,larsa,Sumuel Pi-naratim'i yıktı,"Sumuel 8: ""the city of 'Pi-naratim / Mouth of the rivers' was destroyed"" (yıl 8 = 1887) (Orta Kronoloji) · TARİH = yıl adının yılı − 1 (yıl adı önceki yılın olayını anar; ±1 yıl)",Pi-naratim,"https://cdli.ox.ac.uk/wiki/doku.php?id=year_names_sumu-el — ""8. mu iri-ka-i7-da / iri pi4-na-ra-tim ba-an-hul — Year: the city of 'Pi-naratim / Mouth of the rivers' was destroyed""",AKIN (yıkım/sefer — kalıcı kontrol değişimi KANITLANMADI; hedefe SAYILMAZ),OLAY,HAYIR,K1 MEZOPOTAMYA,,ÖLÇÜLEMEDİ (yer şehir listesinde YOK)
-1886-01-01,yil,larsa,Sumuel Sabum'u ele geçirdi,"Sumuel 10: ""the city of Sabum and the small villages on the bank of the Euphrates were seized"" (yıl 10 = 1885) (Orta Kronoloji) · TARİH = yıl adının yılı − 1 (yıl adı önceki yılın olayını anar; ±1 yıl)",Sabum,"https://cdli.ox.ac.uk/wiki/doku.php?id=year_names_sumu-el — ""10. mu iri sa-bu-umki iri-tur-turki gu2 i7-buranun-na ba-an-dab5-dab5 — Year: the city of Sabum and the small villages on the bank of the Euphrates were seized""",EVET,OLAY,HAYIR,K1 MEZOPOTAMYA,,
-1880-01-01,yil,larsa,Sumuel Nanna-iša'yı ele geçirdi,"Sumuel 16: ""Sûmû-El seized the town / hamlet of 'Nanna-iša / Nanna is favorable'"" (yıl 16 = 1879) (Orta Kronoloji) · TARİH = yıl adının yılı − 1 (yıl adı önceki yılın olayını anar; ±1 yıl)",Nanna-iša,"https://cdli.ox.ac.uk/wiki/doku.php?id=year_names_sumu-el — ""16. mu su-mu-el3 e2-duru5 nanna-i3-ša6ki ba-an-dab5 — Year: Sûmû-El seized the town / hamlet of 'Nanna-iša / Nanna is favorable'""",EVET,OLAY,HAYIR,K1 MEZOPOTAMYA,,
-1869-01-01,yil,babil-i,Sumu-la-El Kiš'i yıktı,"Sumu-la-El 13: ""Kisz was destroyed"" (Sumu-la-El 1880–1845 → yıl 13 = 1868) (Orta Kronoloji) · TARİH = yıl adının yılı − 1 (yıl adı önceki yılın olayını anar; ±1 yıl)",Kiš,"https://web.archive.org/web/2015id_/http://cdli.ucla.edu/tools/yearnames/HTML/T12K2.htm — ""13 mu kisz{ki} ba-hul Year Kisz was destroyed (RlA 2 165, 27)""",AKIN (yıkım/sefer — kalıcı kontrol değişimi KANITLANMADI; hedefe SAYILMAZ),OLAY,HAYIR,K1 MEZOPOTAMYA,,SÜRDÜ (iç kanıt: Kiš -703 savaşı)
-1863-01-01,yil,babil-i,Sumu-la-El Kiš surunu yıktı,"Sumu-la-El 19: ""the city wall (reaching to) heaven of Kisz was destroyed"" (yıl 19 = 1862) (Orta Kronoloji) · TARİH = yıl adının yılı − 1 (yıl adı önceki yılın olayını anar; ±1 yıl)",Kiš,"https://web.archive.org/web/2015id_/http://cdli.ucla.edu/tools/yearnames/HTML/T12K2.htm — ""19 mu bad3-an-ne kisz{ki} ba-gul Year the city wall (reaching to) heaven of Kisz was destroyed (RlA 2 165, 33)""",AKIN (yıkım/sefer — kalıcı kontrol değişimi KANITLANMADI; hedefe SAYILMAZ),OLAY,HAYIR,K1 MEZOPOTAMYA,,SÜRDÜ (iç kanıt: Kiš -703 savaşı)
-1862-01-01,yil,babil-i,Sumu-la-El Kazallu surunu yıktı,"Sumu-la-El 20: ""the city wall of Kazallu was destroyed and his army was smitten by weapons"" (yıl 20 = 1861) (Orta Kronoloji) · TARİH = yıl adının yılı − 1 (yıl adı önceki yılın olayını anar; ±1 yıl)",Kazallu,"https://web.archive.org/web/2015id_/http://cdli.ucla.edu/tools/yearnames/HTML/T12K2.htm — ""20 mu bad3 ka-zal-lu{ki} ba-gul u3 eren2-bi {gisz}tukul ba-sig3 Year the city wall of Kazallu was destroyed and his army was smitten by weapons (RlA 2 165, 34)""",AKIN (yıkım/sefer — kalıcı kontrol değişimi KANITLANMADI; hedefe SAYILMAZ),OLAY,HAYIR,K1 MEZOPOTAMYA,,ÖLÇÜLEMEDİ (yer şehir listesinde YOK)
-1846-01-01,yil,larsa,Sin-iddinam Ibrat ve Malgium'u aldı,"Sin-iddinam 5b: ""Ibrat the main city and Malgium and various others were seized"" (Sin-iddinam 1849–1843 → yıl 5 = 1845) (Orta Kronoloji) · TARİH = yıl adının yılı − 1 (yıl adı önceki yılın olayını anar; ±1 yıl)",Ibrat; Malgium,"https://cdli.ox.ac.uk/wiki/doku.php?id=year_names_sin-iddinam — ""5b. mu ib-ra-atki iri murub4 / murgu ki iri didli ba-an-dab5 / ba-an-tuk — Year: Ibrat the main city and Malgium and various others were seized""",EVET,OLAY,HAYIR,K1 MEZOPOTAMYA,,
-1845-01-01,yil,larsa,Sin-iddinam Ešnunna ülkesini yıktı,"Sin-iddinam 6: ""the dwelling / the land of Ešnunna was destroyed"" (yıl 6 = 1844) (Orta Kronoloji) · TARİH = yıl adının yılı − 1 (yıl adı önceki yılın olayını anar; ±1 yıl)",Ešnunna,"https://cdli.ox.ac.uk/wiki/doku.php?id=year_names_sin-iddinam — ""6. mu a2-dam / ma-da eš3-nun-naki ba-an-hul — Year: the dwelling / the land of Ešnunna was destroyed""",AKIN (yıkım/sefer — kalıcı kontrol değişimi KANITLANMADI; hedefe SAYILMAZ),OLAY,HAYIR,K1 MEZOPOTAMYA,,SÜRDÜ (iç kanıt: Eşnunna son yıkımı -1755)
-1840-01-01,yil,larsa,Sin-iqišam Pi-naratim ve Nazarum'u aldı,"Sin-iqišam 2: ""the cities of Pi-naratim and Nazarum were seized"" (Sin-iqišam 1840–1836 → yıl 2 = 1839) (Orta Kronoloji) · TARİH = yıl adının yılı − 1 (yıl adı önceki yılın olayını anar; ±1 yıl)",Pi-naratim; Nazarum,"https://cdli.ox.ac.uk/wiki/doku.php?id=year_names_sin-iqisham — ""2a. mu iri ka-id2-da na-za-rumki ba-an-dab5 — Year: the cities of Pi-naratim and Nazarum were seized""",EVET,OLAY,HAYIR,K1 MEZOPOTAMYA,,
-1834-01-01,yil,larsa,Warad-Sin Kazallu surunu yıktı,"Warad-Sin 2: ""the city wall of Kazallu was destroyed and the army of Mutibal occupying Larsa was smitten by weapons"" (Warad-Sin 1834–1823 → yıl 2 = 1833) (Orta Kronoloji) · TARİH = yıl adının yılı − 1 (yıl adı önceki yılın olayını anar; ±1 yıl)",Kazallu,"https://cdli.ox.ac.uk/wiki/doku.php?id=year_names_warad-sin — ""2. mu bad3 ka-zal-luki ba-an-gul u3 ugnim-bi mu-ti-ba-al ša3 larsaki geštukul ba-a-hub2 — Year: the city wall of Kazallu was destroyed and the army of Mutibal occupying Larsa was smitten by weapons""",AKIN (yıkım/sefer — kalıcı kontrol değişimi KANITLANMADI; hedefe SAYILMAZ),OLAY,HAYIR,K1 MEZOPOTAMYA,,ÖLÇÜLEMEDİ (yer şehir listesinde YOK)
-1809-01-01,yil,larsa,Rim-Sin Pi-naratim ve Nazarum'u aldı,"Rim-Sin 15: ""(Rîm-Sîn) seized with his powerful weapon Pi-naratim and Nazarum"" (Rim-Sin 1822–1763 → yıl 15 = 1808) (Orta Kronoloji) · TARİH = yıl adının yılı − 1 (yıl adı önceki yılın olayını anar; ±1 yıl)",Pi-naratim; Nazarum,"https://cdli.ox.ac.uk/wiki/doku.php?id=year_names_rim-sin — ""15. mu ka-i7-daki u3 iriki na-za-ru-umki geštukul kalag-ga-ni-ta in-dab5-ba — Year: (Rîm-Sîn) seized with his powerful weapon Pi-naratim and Nazarum""",EVET,OLAY,HAYIR,K1 MEZOPOTAMYA,,
-1807-01-01,yil,larsa,Rim-Sin Imgur-Gibil ve Zibnatum'u aldı,"Rim-Sin 17: ""(Rîm-Sîn) seized the great fortification 'Imgur-Gibil / beloved of Gibil' and the city of Zibnatum with the help of the mighty weapon entrusted to him by Enlil"" (yıl 17 = 1806) (Orta Kronoloji) · TARİH = yıl adının yılı − 1 (yıl adı önceki yılın olayını anar; ±1 yıl)",Imgur-Gibil; Zibnatum,"https://cdli.ox.ac.uk/wiki/doku.php?id=year_names_rim-sin — ""17. mu bad3 gal im-gur-dgibil6 u3 iriki zi-ib-na-tumki ... in-dab5-ba — Year: (Rîm-Sîn) seized the great fortification 'Imgur-Gibil / beloved of Gibil' and the city of Zibnatum""",EVET,OLAY,HAYIR,K1 MEZOPOTAMYA,,
-1806-01-01,yil,larsa,Rim-Sin Bit-Šu-Sin ve Uzarbara'yı aldı,"Rim-Sin 18: ""(Rîm-Sîn) seized in 1 day the cities of Bit-Šu-Sîn and Uzarbara with the help of the strong weapon entrusted to him by Enlil"" (yıl 18 = 1805) (Orta Kronoloji) · TARİH = yıl adının yılı − 1 (yıl adı önceki yılın olayını anar; ±1 yıl)",Bit-Šu-Sin; Uzarbara,"https://cdli.ox.ac.uk/wiki/doku.php?id=year_names_rim-sin — ""18. mu iriki e2-šu-dsuen-na ... u4 1-kam in-dab5-ba — Year: (Rîm-Sîn) seized in 1 day the cities of Bit-Šu-Sîn and Uzarbara""",EVET,OLAY,HAYIR,K1 MEZOPOTAMYA,,
-1804-01-01,yil,larsa,"Rim-Sin Kisurra'yı ilhak etti, Der'i yıktı","Rim-Sin 20: ""Kisurra was seized and annexed to Larsa and (Rîm-Sîn), with the help of the strong weapon entrusted to him by Enlil, destroyed Durum (Der)"" (yıl 20 = 1803) (Orta Kronoloji) · TARİH = yıl adının yılı − 1 (yıl adı önceki yılın olayını anar; ±1 yıl)",Kisurra; Der,"https://cdli.ox.ac.uk/wiki/doku.php?id=year_names_rim-sin — ""20. mu ki-sur-raki larsaki-ma-še3 mu-un-ku4-ra ba-an-dab5 ... bad3ki mu-un-na-hul-a — Year: Kisurra was seized and annexed to Larsa and (Rîm-Sîn) ... destroyed Durum (Der)""",EVET,OLAY,HAYIR,K1 MEZOPOTAMYA,,
-1799-01-01,yil,larsa,Rim-Sin Damiq-ilišu'nun şehrini aldı,"Rim-Sin 25: ""the righteous shepherd Rîm-Sîn ... seized the city of Damiq-ilišu, brought its inhabitants who had helped Isin as prisoners to Larsa"" (yıl 25 = 1798) (Orta Kronoloji) · TARİH = yıl adının yılı − 1 (yıl adı önceki yılın olayını anar; ±1 yıl)",Damiq-ilišu şehri (Isin bölgesi),"https://cdli.ox.ac.uk/wiki/doku.php?id=year_names_rim-sin — ""25. ... iriki bad3 da-mi-iq-i3-li2-šu ... in-dab5-ba — Year: the righteous shepherd Rîm-Sîn ... seized the city of Damiq-ilišu, brought its inhabitants who had helped Isin as prisoners to Larsa""",EVET,OLAY,HAYIR,K1 MEZOPOTAMYA,,
-1798-01-01,yil,babil-i,Sin-muballit Isin'i ele geçirdi,"Sin-muballit 16: ""the city of Isin was seized"" (Sin-muballit 1812–1793 → yıl 16 = 1797) (Orta Kronoloji) · TARİH = yıl adının yılı − 1 (yıl adı önceki yılın olayını anar; ±1 yıl)",Isin,"https://web.archive.org/web/2015id_/http://cdli.ucla.edu/tools/yearnames/HTML/T12K5.htm — ""16 mu uru{ki} i3-si-in-na{ki} ba-an-dab5 Year the city of Isin was seized (RlA 2 166, 99)""",EVET,OLAY,HAYIR,K1 MEZOPOTAMYA,,
-1795-01-01,yil,larsa,Rim-Sin Dunnum'u aldı,"Rim-Sin 29a: ""Rîm-Sîn ... seized in one day Dunnum the largest city of Isin"" (yıl 29 = 1794; Isin kentinin kendisi RS 30) (Orta Kronoloji) · TARİH = yıl adının yılı − 1 (yıl adı önceki yılın olayını anar; ±1 yıl)",Dunnum,"https://cdli.ox.ac.uk/wiki/doku.php?id=year_names_rim-sin — ""29a. ... du-un-nu-umki iriki sag-mah i3-si-in-naki-ka ... u4-1-kam in-dab5-ba — Year: Rîm-Sîn the righteous shepherd ... seized in one day Dunnum the largest city of Isin""",EVET,OLAY,HAYIR,K1 MEZOPOTAMYA,,
-1787-01-01,yil,babil-i,Hammurabi Uruk ve Isin'i aldı,"Hammurabi 7: ""(Hammu-rabi) seized Uruk and Isin"" (Hammurabi 1792–1750 → yıl 7 = 1786) (Orta Kronoloji) · TARİH = yıl adının yılı − 1 (yıl adı önceki yılın olayını anar; ±1 yıl)",Uruk; Isin,"https://web.archive.org/web/2015id_/http://cdli.ucla.edu/tools/yearnames/HTML/T12K6.htm — ""7 mu unug{ki} u3 i3-si-in-na{ki} ba-an-dab5 Year (Hammu-rabi) seized Uruk and Isin (RlA 2 178, 109)""",EVET,OLAY,HAYIR,K1 MEZOPOTAMYA,,
-1784-01-01,yil,babil-i,Hammurabi Malgium'u yıktı,"Hammurabi 10: ""the troops, the city and the territory of Malgium (were defeated) / the land of Malgium was destroyed"" (yıl 10 = 1783) (Orta Kronoloji) · TARİH = yıl adının yılı − 1 (yıl adı önceki yılın olayını anar; ±1 yıl)",Malgium,"https://web.archive.org/web/2015id_/http://cdli.ucla.edu/tools/yearnames/HTML/T12K6.htm — ""10a mu eren2 uru a2-dam-bi ma3-al-gi4-a{ki} / ma-da ma-al-gi-a ba-gul Year the troops, the city and the territory of Malgium (were defeated) / the land of Malgium was destroyed (RlA 2 178 112)""",AKIN (yıkım/sefer — kalıcı kontrol değişimi KANITLANMADI; hedefe SAYILMAZ),OLAY,HAYIR,K1 MEZOPOTAMYA,,ÖLÇÜLEMEDİ (yer şehir listesinde YOK)
-1783-01-01,yil,babil-i,Hammurabi Rapiqum ve Šalibi'yi aldı,"Hammurabi 11: ""(Hammu-rabi) seized the city wall / city, the land and the territory of Rapiqum and Szalibi"" (yıl 11 = 1782) (Orta Kronoloji) · TARİH = yıl adının yılı − 1 (yıl adı önceki yılın olayını anar; ±1 yıl)",Rapiqum; Šalibi,"https://web.archive.org/web/2015id_/http://cdli.ucla.edu/tools/yearnames/HTML/T12K6.htm — ""11 mu bad3 / uru ma-da a2-dam ra-pi2-qum{ki} u3 sza-li-bi{ki} in-dab5 Year (Hammu-rabi) seized the city wall / city, the land and the territory of Rapiqum and Szalibi (RlA 2 178, 113)""",EVET,OLAY,HAYIR,K1 MEZOPOTAMYA,,
-1762-01-01,yil,babil-i,Hammurabi Mankisum ve Dicle kıyısını fethetti,"Hammurabi 32: ""defeated with his mighty weapons the entire army and soldiers of Esznunna, Subartu and Gutium and conquered the land of Mankisum and the land on the banks of the Tigris up to the border of the Subartu mountains"" (yıl 32 = 1761) (Orta Kronoloji) · TARİH = yıl adının yılı − 1 (yıl adı önceki yılın olayını anar; ±1 yıl)",Mankisum; Dicle kıyısı,"https://web.archive.org/web/2015id_/http://cdli.ucla.edu/tools/yearnames/HTML/T12K6.htm — ""32a ... ma-da ma-an-ki-sum2{ki} u3 ma-da gu2 idigna en-na zag kur su-bir{ki}-sze3 szu-ni sa2 bi2-in-du11-ga ... conquered the land of Mankisum and the land on the banks of the Tigris up to the border of the Subartu mountains (RlA 2 180, 134)""",EVET,OLAY,HAYIR,K1 MEZOPOTAMYA,,
-1759-01-01,yil,babil-i,Hammurabi Mari ve Malgium surlarını yıktı,"Hammurabi 35: ""Hammu-rabi the king by the orders of An and Enlil destroyed the city walls of Mari and Malgium"" (yıl 35 = 1758) (Orta Kronoloji) · TARİH = yıl adının yılı − 1 (yıl adı önceki yılın olayını anar; ±1 yıl)",Mari; Malgium,"https://web.archive.org/web/2015id_/http://cdli.ucla.edu/tools/yearnames/HTML/T12K6.htm — ""35a mu ha-am-mu-ra-bi lugal-e inim an {d}en-lil2-la2-ta bad3 ma2-ri2{ki} u3 bad3 ma3-al-gi4-a{ki} mu-un-gul-la Year in which Hammu-rabi the king by the orders of An and Enlil destroyed the city walls of Mari and Malgium (RlA 2 180, 137)""",AKIN (yıkım/sefer — kalıcı kontrol değişimi KANITLANMADI; hedefe SAYILMAZ),OLAY,HAYIR,K1 MEZOPOTAMYA,,"SÜRDÜ — küçülmüş yerleşim (Masetti-Rouault, Akh Purattim 1: Orta Asur kolonisi Mari harabeleri üzerinde) · Malgium listede yok"
-1740-01-01,yil,babil-i,Samsu-iluna Ur ve Uruk surlarını yıktı,"Samsu-iluna 11: ""Samsu-iluna the king by the order of An and Enlil destroyed the city walls of Ur and Uruk"" (Samsu-iluna 1749–1712 → yıl 11 = 1739) (Orta Kronoloji) · TARİH = yıl adının yılı − 1 (yıl adı önceki yılın olayını anar; ±1 yıl)",Ur; Uruk,"https://web.archive.org/web/2015id_/http://cdli.ucla.edu/tools/yearnames/HTML/T12K7.htm — ""11a mu sa-am-su-i-lu-na lugal-e ... bad3 ur2i{ki} u3 unug{ki}-ga mu-un-gul-la ... Year Samsu-iluna the king by the order of An and Enlil destroyed the city walls of Ur and Uruk and for the x-th time smote by weapons the troops of Akkad (RlA 2 183, 156)""",AKIN (yıkım/sefer — kalıcı kontrol değişimi KANITLANMADI; hedefe SAYILMAZ),OLAY,HAYIR,K1 MEZOPOTAMYA,,"SÜRDÜ (iç kanıt: Ur -680 kaydı; Uruk sonraki kayıtlar) — ara terk olabilir, ÖLÇÜLMEDİ"
-1738-01-01,yil,babil-i,Samsu-iluna Kisurra ve Sabum'u yıktı,"Samsu-iluna 13b: ""Samsu-iluna the king destroyed Kisurra and Sabum"" (yıl 13 = 1737) (Orta Kronoloji) · TARİH = yıl adının yılı − 1 (yıl adı önceki yılın olayını anar; ±1 yıl)",Kisurra; Sabum,"https://web.archive.org/web/2015id_/http://cdli.ucla.edu/tools/yearnames/HTML/T12K7.htm — ""13b mu sa-am-su-i-lu-na lugal ki-sur-ra{ki} sa-bu-um mu-un-gul-la Year in which Samsu-iluna the king destroyed Kisurra and Sabum""",AKIN (yıkım/sefer — kalıcı kontrol değişimi KANITLANMADI; hedefe SAYILMAZ),OLAY,HAYIR,K1 MEZOPOTAMYA,,"SÜRMEDİ AMA O GÜN DEĞİL — RlA 5 s.623-624 Kienast: aB sonrası iskân yok, ama Hammurabi ardıllarında hâlâ anılıyor ⇒ son ≤ aB sonu (~1595), 1738 değil"
-1728-01-01,yil,babil-i,Samsu-iluna Šehna/Apum'u yıktı,"Samsu-iluna 23: ""destroyed the wall of Szahna, the capital of the land of Apum, Zarhanum, Putra, Susa ..."" (yıl 23 = 1727) (Orta Kronoloji) · TARİH = yıl adının yılı − 1 (yıl adı önceki yılın olayını anar; ±1 yıl)",Šehna (Šubat-Enlil); Apum,"https://web.archive.org/web/2015id_/http://cdli.ucla.edu/tools/yearnames/HTML/T12K7.htm — ""23 mu sa-am-su-i-lu-na lugal-e ... bad3 sza-ah-na-a{ki} uru{ki} sag ma-da a-pu-um-ma ... mi-ne-eb2-gul-gul-la Year in which Samsu-iluna the king by the terrible strength given to him by Enlil destroyed the wall of Szahna, the capital of the land of Apum, Zarhanum, Putra, Susa ... (RlA 2 184, 168)""",AKIN (yıkım/sefer — kalıcı kontrol değişimi KANITLANMADI; hedefe SAYILMAZ),OLAY,HAYIR,K1 MEZOPOTAMYA,,"SÜRMEDİ AMA O GÜN DEĞİL — Ristvet & Weiss RlA 13 s.235: ""After ca. 1700, Š. was abandoned"" ⇒ terk ~1700, yıkım 1728 değil"
-1648-01-01,yil,babil-i,Ammi-ditana Der surunu yıktı,"Ammi-ditana 37: ""(Ammi-ditana) destroyed the city wall of Der / Udinim built by the army of Damiq-iliszu"" (Ammi-ditana 1683–1647 → yıl 37 = 1647) (Orta Kronoloji) · TARİH = yıl adının yılı − 1 (yıl adı önceki yılın olayını anar; ±1 yıl)",Der,"https://web.archive.org/web/2015id_/http://cdli.ucla.edu/tools/yearnames/HTML/T12K9.htm — ""37 mu bad3-da bad3{ki}-ke4 / udinim{ki}-ke4 eren2 dam-qi2-i3-li2-szu-ke4 bi2-in-du3-a bi2-in-gul-la Year in which (Ammi-ditana) destroyed the vity wall of Der / Udinim built by the army of Damiq-iliszu (MCS 2 52, YOS 13 359)""",AKIN (yıkım/sefer — kalıcı kontrol değişimi KANITLANMADI; hedefe SAYILMAZ),OLAY,HAYIR,K1 MEZOPOTAMYA,,"SÜRDÜ (iç kanıt: Der -1648, -623 kayıtları)"
-741-01-01,yil,yeni-asur,Arpad üç yıllık kuşatmadan sonra alındı,"During the eponomy of Bêl-Harran-bêla-usur, the palace herald, campaign against the same; the city was taken after three years.",Arpad (Bit-Agusi),"https://www.livius.org/articles/concept/limmu/limmu-list-858-699-bce/ | Eponim kroniği, yıl [741/740] | 'the city was taken after three years' (743: 'massacre among the Urartians in Arpad'; 742 ve 740: 'campaign against Arpad'). Not: literatürde fetih çoğunlukla 740 olarak verilir",EVET,OLAY,EVET,K1 MEZOPOTAMYA,K4 AKDENIZ (Kuzey Suriye iç — dilim sınırı DOĞRULANMADI),
-739-01-01,yil,yeni-asur,Ulluba seferi: Birtu alındı,"During the eponymy of Sin-taklak, the chamberlain, campaign against Ulluba; Birtu was captured",Ulluba / Birtu,"https://www.livius.org/articles/concept/limmu/limmu-list-858-699-bce/ | Eponim kroniği, yıl [739/738] | 'campaign against Ulluba; Birtu was captured'",EVET,OLAY,HAYIR,K1 MEZOPOTAMYA,,
-738-01-01,yil,yeni-asur,Kullania (Kinalua) alındı,"During the eponomy of Adad-bêla-ka'in, the governor of Aššur, Kullania was captured.",Kullania (Unqi/Pattina),"https://www.livius.org/articles/concept/limmu/limmu-list-858-699-bce/ | Eponim kroniği, yıl [738/737] | 'Kullania was captured'",EVET,OLAY,EVET,K1 MEZOPOTAMYA,K4 AKDENIZ (Kuzey Suriye — dilim sınırı DOĞRULANMADI),
-732-01-01,yil,kaldu,Amukanlı Nabû-mukin-zeri Babil tahtını ele geçirdi,"The second year: Nabû-nadin-zeri was killed in a rebellion. For two years Nabû-nadin-zeri ruled Babylon. Nabû-šuma-ukin, a district officer and leader of the rebellion, ascended the throne. For one month and two days, Nabû-šuma-ukin ruled Babylon. Nabû-mukin-zeri, the Amukanite, removed him from the throne and seized the throne for himself.",Babil,"https://www.livius.org/sources/content/mesopotamian-chronicles-content/abc-1-from-nabu-nasir-to-samas-suma-ukin/ | ABC 1 i.14-18 | 'Nabû-mukin-zeri, the Amukanite, removed him from the throne and seized the throne for himself'",EVET,OLAY,HAYIR,K1 MEZOPOTAMYA,,
-729-01-01,yil,yeni-asur,III. Tiglat-pileser Babil'i aldı ve kral oldu,"The third year of Nabû-mukin-zeri: Tiglath-pileser, having come down to Akkad, ravaged Bit-Amukanu and captured Nabû-mukin-zeri. For three years Nabû-mukin-zeri ruled Babylon. Tiglath-pileser ascended the throne in Babylon.",Babil / Bit-Amukani,https://www.livius.org/sources/content/mesopotamian-chronicles-content/abc-1-from-nabu-nasir-to-samas-suma-ukin/ | ABC 1 i.19-23 | 'ravaged Bit-Amukanu and captured Nabû-mukin-zeri ... Tiglath-pileser ascended the throne in Babylon' ; eponim [729/728]: 'the king took the hand of Bêl',EVET,OLAY,HAYIR,K1 MEZOPOTAMYA,,
-721-01-01,yil,kaldu,Marduk-apla-iddina II Babil tahtına çıktı,"On the twelfth day of the month Tebêtu, Sargon ascended the throne in Assyria. In the month Nisannu, Marduk-apla-iddina ascended the throne in Babylon.",Babil,"https://www.livius.org/sources/content/mesopotamian-chronicles-content/abc-1-from-nabu-nasir-to-samas-suma-ukin/ | ABC 1 i.31-32 | 'In the month Nisannu, Marduk-apla-iddina ascended the throne in Babylon'",EVET,OLAY,HAYIR,K1 MEZOPOTAMYA,,
-710-01-01,yil,yeni-asur,II. Sargon Babil'i aldı; Marduk-apla-iddina Elam'a kaçtı,The twelfth year of Marduk-apla-iddina: Sargon went down to Akkad and did battle against Marduk-apla-iddina. Marduk-apla-iddina retreated before him and fled to Elam. For twelve years Marduk-apla-iddina ruled Babylon. Sargon ascended the throne in Babylon.,Babil,https://www.livius.org/sources/content/mesopotamian-chronicles-content/abc-1-from-nabu-nasir-to-samas-suma-ukin/abc-1.ii/ | ABC 1 ii.1-5 | 'fled to Elam ... Sargon ascended the throne in Babylon' ; eponim [710/709]: 'campaign against Bit-zeri ... the king stayed in Kiš',EVET,OLAY,HAYIR,K1 MEZOPOTAMYA,,
-709-01-01,yil,yeni-asur,Sargon Dur-Yakin'i ele geçirdi,The thirteenth year: Sargon took Bêl's hand. He also captured Dur-Yakin.,Dur-Yakin (Bit-Yakin),https://www.livius.org/sources/content/mesopotamian-chronicles-content/abc-1b-from-nabu-nasir-to-esarhaddon/ | ABC 1b ii.15-16 | 'He also captured Dur-Yakin',EVET,OLAY,HAYIR,K1 MEZOPOTAMYA,,
-708-01-01,yil,yeni-asur,Kummuhu alındı ve vali atandı (eyalet),"During the eponomy of Šamaš-upahhir, the governor of Habruri, Kummuhu was captured; a governor was appointed.",Kummuhu (Commagene),"https://www.livius.org/articles/concept/limmu/limmu-list-858-699-bce/ | Eponim kroniği, yıl [708/707] | 'Kummuhu was captured; a governor was appointed'",EVET,OLAY,EVET,K1 MEZOPOTAMYA,K3 ANADOLU (Kommagene),
-707-01-01,yil,yeni-asur,Dur-Yakin yıkıldı,"During the eponomy of Ša-Aššur-dubbu, the governor of Tušhan, the king returned from Babylon; the chief vizier, the nobles, the booty of Dur-Yakin was carried off; [...] Dur-Yakin was destroyed",Dur-Yakin (Bit-Yakin),"https://www.livius.org/articles/concept/limmu/limmu-list-858-699-bce/ | Eponim kroniği, yıl [707/706] | 'Dur-Yakin was destroyed'",AKIN (yıkım/sefer — kalıcı kontrol değişimi KANITLANMADI; hedefe SAYILMAZ),OLAY,HAYIR,K1 MEZOPOTAMYA,,ÖLÇÜLEMEDİ (yer şehir listesinde YOK)
-703-01-01,yil,yeni-asur,Sanherib Kiš'te Marduk-apla-iddina'yı yendi; Bel-ibni Babil tahtına,"The second year of Sennacherib, he went down to Akkad. Before Kiš, he joined battle with Marduk-apla-iddina. Before him, Marduk-apla-iddina retreated and fled to Guzummanu. In Babylon, Sennacherib entered the palace of Marduk-apla-iddina and the royal treasury [...] he plundered ... Larak and Sarrabanu he took. When he withdrew, Sennacherib put Bêl-ibni on the throne in Babylon.",Babil / Kiš / Larak / Sarrabanu,https://www.livius.org/sources/content/mesopotamian-chronicles-content/abc-1-from-nabu-nasir-to-samas-suma-ukin/abc-1.ii/ | ABC 1 ii.12-23 | 'Sennacherib put Bêl-ibni on the throne in Babylon',EVET,OLAY,HAYIR,K1 MEZOPOTAMYA,,
-700-01-01,yil,yeni-asur,Sanherib Bel-ibni'yi indirdi; Aššur-nadin-šumi Babil kralı,"The third year of Bêl-ibni: Sennacherib, to Akkad he went down and plundered Akkad. He led away to Assyria Bêl-ibni and his officers. For three years Bêl-ibni ruled Babylon. Sennacherib, Aššur-nadin-šumi, his son, he put on the throne in Babylon.",Babil,"https://www.livius.org/sources/content/mesopotamian-chronicles-content/abc-1-from-nabu-nasir-to-samas-suma-ukin/abc-1.ii/ | ABC 1 ii.26-31 | 'Aššur-nadin-šumi, his son, he put on the throne in Babylon' ; eponim [700/699] Aššur-nadin-šumi anılır",EVET,OLAY,HAYIR,K1 MEZOPOTAMYA,,
-694-01-01,yil,elam-yeni,Elam Sippar'a girdi; Aššur-nadin-šumi esir; Nergal-ušezib tahta,"Afterwards, Hallušu-Inšušinak, king of Elam, marched to Akkad and entered Sippar at the end of the month Tašrîtu. He slaughtered its inhabitants. Šamaš did not go out of Ebabbar. Aššur-nadin-šumni was taken prisoner and transported to Elam. For six years, Aššur-nadin-šumni ruled Babylon. The king of Elam put Nergal-ušezib in Babylon on the throne. He effected an Assyrian retreat.",Sippar / Babil,https://www.livius.org/sources/content/mesopotamian-chronicles-content/abc-1-from-nabu-nasir-to-samas-suma-ukin/abc-1.ii/ | ABC 1 ii.36-45 (6. yıl Aššur-nadin-šumi = 694/693) | 'The king of Elam put Nergal-ušezib in Babylon on the throne',EVET,OLAY,HAYIR,K1 MEZOPOTAMYA,,
-693-01-01,yil,elam-yeni,Nergal-ušezib Nippur'u ele geçirdi,"The first year of Nergal-ušezib: On the sixteenth day of the month Du'ûzu Nergal-ušezib captured Nippur, plundered and sacked it.",Nippur,"https://www.livius.org/sources/content/mesopotamian-chronicles-content/abc-1-from-nabu-nasir-to-samas-suma-ukin/abc-1.ii/ | ABC 1 ii.46-47 | 'Nergal-ušezib captured Nippur, plundered and sacked it' (polity: Elam'ın Babil'e koyduğu kral; dataset id'si nippur için hedef)",EVET,OLAY,HAYIR,K1 MEZOPOTAMYA,,
-693-01-02,yil,yeni-asur,Nergal-ušezib esir alındı; Babil'de Mušezib-Marduk,Nergal-ušezib in the district of Nippur on the seventh day of the month Tašrîtu did battle against the army of Assyria. He was taken prisoner in the battlefield and transported to Assyria. For one year - precisely: six months - Nergal-ušezib ruled Babylon. ... Mušezib-Marduk ascended the throne in Babylon.,Nippur bölgesi / Babil,https://www.livius.org/sources/content/mesopotamian-chronicles-content/abc-1-from-nabu-nasir-to-samas-suma-ukin/abc-1.iii/ | ABC 1 iii.3-12 | 'He was taken prisoner in the battlefield and transported to Assyria' (gün -01-02 sadece sıralama için; kesinlik yıl),EVET,OLAY,HAYIR,K1 MEZOPOTAMYA,,
-689-01-01,yil,yeni-asur,Babil Sanherib tarafından alındı,"The fourth year of Mušezib-Marduk: ... On the first day of the month Kislîmu the city of Babylon was captured. Mušezib-Marduk was taken prisoner and transported to Assyria. For four years, Mušezib-Marduk ruled Babylon.",Babil,https://www.livius.org/sources/content/mesopotamian-chronicles-content/abc-1-from-nabu-nasir-to-samas-suma-ukin/abc-1.iii/ | ABC 1 iii.19-24 | 'On the first day of the month Kislîmu the city of Babylon was captured',EVET,OLAY,HAYIR,K1 MEZOPOTAMYA,,
-680-01-01,yil,yeni-asur,Deniz Ülkesi: isyancı vali kaçtı; Na'id-Marduk vali atandı,"[The first year of the reign of Esarhaddon, Nabû-zer-kitti-lišir, governor of the Sealand, having come upstream, set up camp before Ur but did not take the city. He fled before the officers of Assyria and reached Elam. In Elam] the king of Elam [captured and executed him. Es]arhaddon named his brother Na'id-Marduk governor of the Sealand.",Deniz Ülkesi / Ur,"https://www.livius.org/sources/content/mesopotamian-chronicles-content/abc-14-esarhaddon-chronicle/ | ABC 14, 1-5 (ayrıca ABC 1 iii.39-42) | 'Esarhaddon named his brother Na'id-Marduk governor of the Sealand'",HAYIR (Asur içi vali değişimi),OLAY,HAYIR,K1 MEZOPOTAMYA,,
-679-01-01,yil,yeni-asur,Arza alındı ve yağmalandı,"The second year: the major-domo conscripted troops in Akkad. In that same year Arza was captured and sacked. The people were ransomed, the king and his son were taken prisoner.",Arza (Mısır sınırı),"https://www.livius.org/sources/content/mesopotamian-chronicles-content/abc-14-esarhaddon-chronicle/ | ABC 14, 9-11 | 'Arza was captured and sacked ... the king and his son were taken prisoner'",EVET,OLAY,EVET,K1 MEZOPOTAMYA,K4 AKDENIZ / K2 MISIR (Mısır Çayı sınırı — iki aday),
-677-01-01,yil,yeni-asur,Sidon alındı ve yağmalandı,The fourth year: Sidon was captured and sacked.,Sidon,"https://www.livius.org/sources/content/mesopotamian-chronicles-content/abc-1-from-nabu-nasir-to-samas-suma-ukin/abc-1-2/ | ABC 1 iv.3 (ABC 14, 15) | 'Sidon was captured and sacked'",EVET,OLAY,EVET,K1 MEZOPOTAMYA,K4 AKDENIZ,
-676-01-01,yil,yeni-asur,Bazza ele geçirildi,The fifth year: On the second day of the month Tašrîtu the army of Assyria captured Baza.,Bazza (Arabistan),https://www.livius.org/sources/content/mesopotamian-chronicles-content/abc-1-from-nabu-nasir-to-samas-suma-ukin/abc-1-2/ | ABC 1 iv.5-6 | 'the army of Assyria captured Baza',EVET,OLAY,EVET,K1 MEZOPOTAMYA,BİLİNMİYOR (Arabistan — dilim tablosunda yok),
-672-01-01,yil,yeni-asur,Šubria alındı ve yağmalandı,The eighth year: On the sixth day of the month Addaru the king's wife died. On the eighteenth day of the month Addaru the army of Assyria captured Šubria and sacked it.,Šubria,"https://www.livius.org/sources/content/mesopotamian-chronicles-content/abc-14-esarhaddon-chronicle/ | ABC 14, 26-28 (ABC 1 iv.19-21 ayı Tebêtu verir) | 'the army of Assyria captured Šubria and sacked it' ; 8. yıl = 673/672, Addaru/Tebêtu → 672 başı",EVET,OLAY,EVET,K1 MEZOPOTAMYA,K3 ANADOLU,
-671-01-01,yil,yeni-asur,Memfis alındı; Taharqo kaçtı,"The tenth year: In the month Nisannu the army of Assyria marched to Egypt ... On the third, sixteenth and eighteenth days of the month Du'uzu - three times - there was a massacre in Egypt. It was sacked and its gods were abducted. On the twenty-second day Memphis, the royal city, was captured and abandoned by its king. The king's son and brother were taken prisoner.",Memfis (Mısır),"https://www.livius.org/sources/content/mesopotamian-chronicles-content/abc-1-from-nabu-nasir-to-samas-suma-ukin/abc-1-2/ | ABC 1 iv.23-28 | 'On the twenty-second day Memphis, the royal city, was captured'",EVET,OLAY,EVET,K1 MEZOPOTAMYA,K2 MISIR,
-668-01-01,yil,yeni-asur,Kirbitu alındı ve kralı yakalandı,The accession year of Šamaš-šuma-ukin: ... In that same year Kirbitu was taken and its king captured.,Kirbitu,"https://www.livius.org/sources/content/mesopotamian-chronicles-content/abc-1-from-nabu-nasir-to-samas-suma-ukin/abc-1-2/ | ABC 1 iv.34-37 (ABC 14, 41) | 'Kirbitu was taken and its king captured'",EVET,OLAY,HAYIR,K1 MEZOPOTAMYA,,
-651-01-01,yil,yeni-babil,Šamaš-šuma-ukin Kutha'yı aldı,"The seventeenth year: On the ninth day of the intercalary month Ulûlu, Šamaš-šuma-ukin mustered an army, marched to Cuthah and took the city. He defeated the army of Assyria and the Cutheans. He captured the statue of Nergal and took it to Babylon.",Kutha,"https://www.livius.org/sources/content/mesopotamian-chronicles-content/abc-15-samas-suma-ukin-chronicle/ | ABC 15, 7-10 | 'marched to Cuthah and took the city' (polity: Šamaš-šuma-ukin'in Babil'i; yeni-babil id'si 626 öncesi ise 'Babil (Šamaš-šuma-ukin)' olarak yazılmalı)",EVET,OLAY,HAYIR,K1 MEZOPOTAMYA,,
-623-01-01,yil,der,Der Asur'a karşı ayaklandı,The third year: On the eight day of the month [...] Der rebelled against Assyria.,Der,"https://www.livius.org/sources/content/mesopotamian-chronicles-content/abc-2-early-years-of-nabopolassar/ | ABC 2, 29 | 'Der rebelled against Assyria'",EVET,OLAY,HAYIR,K1 MEZOPOTAMYA,,
-623-01-02,yil,yeni-asur,Asur Der'i geri aldı; Nippur'a garnizon,"Afterward the king of Assyria went down to Akkad with his troops and took possession of Der; he took out its treasures and had them sent to Nippur. He pursued Itti-ili, ravaged Uruk?, and set up a garrison at Nippur.",Der / Nippur,"https://www.livius.org/sources/content/mesopotamian-chronicles-content/abc-2-early-years-of-nabopolassar/ | ABC 2, 30-32 | 'took possession of Der ... set up a garrison at Nippur'",EVET,OLAY,HAYIR,K1 MEZOPOTAMYA,,
-616-01-01,yil,suhu,Suhu ve Hindanu Nabopolassar'a haraç verdi (bağlılık değişimi),"The tenth year of Nabopolassar: In the month Ajaru, Nabopolassar mustered the army of Akkad and marched along the bank of the Euphrates. The Suheans and Hindaneans did not do battle against him but placed their tribute before him.",Suhu / Hindanu,"https://www.livius.org/sources/content/mesopotamian-chronicles-content/abc-3-fall-of-nineveh-chronicle/ | ABC 3, Y10 (sat. 1-2) | 'The Suheans and Hindaneans did not do battle against him but placed their tribute before him'",EVET,OLAY,HAYIR,K1 MEZOPOTAMYA,,
-616-01-02,yil,yeni-babil,Gablini ele geçirildi,"On the twelfth of the month Âbu he did battle against the army of Assyria and the army of Assyria retreated before him. He inflicted a major defeat upon Assyria and plundered them extensively. He captured the Manneans, who had come to the Assyrians' aid, and the Assyrian officers. On the same day he captured Gablini.",Gablini (Orta Fırat),"https://www.livius.org/sources/content/mesopotamian-chronicles-content/abc-3-fall-of-nineveh-chronicle/ | ABC 3, Y10 | 'On the same day he captured Gablini'",EVET,OLAY,HAYIR,K1 MEZOPOTAMYA,,
-614-01-01,yil,yeni-asur,Medler Tarbisu'yu aldı ve Assur'u yıktı,"The twelfth year: In the month Âbu the Medes, after they had matched against Nineveh [lacuna], hastened and they captured Tarbisu, a city in the district of Nineveh. They went along the Tigris and encamped against Aššur. They did battle against the city and destroyed it. ... The city was taken.",Assur / Tarbisu,"https://www.livius.org/sources/content/mesopotamian-chronicles-content/abc-3-fall-of-nineveh-chronicle/ | ABC 3, Y12 | 'They did battle against the city and destroyed it' (kaybeden: yeni-asur; fail: Medler)",EVET,OLAY,HAYIR,K1 MEZOPOTAMYA,,
-613-01-01,yil,suhu,Suhu isyanı bastırıldı: Rahilu ve Anat alındı,"The thirteenth year: In the month Ajaru the Suheans rebelled against the king of Akkad and became belligerent. The king of Akkad mustered his army and marched to Suhu. On the fourth day of the month Simanu he did battle against Rahi-ilu, a city which is on an island in the middle of the Euphrates and at that time he captured the city. ... he encamped against Anati ... He did battle against the city and captured it.",Rahilu / Anat (Suhu),"https://www.livius.org/sources/content/mesopotamian-chronicles-content/abc-3-fall-of-nineveh-chronicle/ | ABC 3, Y13 | 'he captured the city ... He did battle against the city and captured it' (fail: yeni-babil)",EVET,OLAY,HAYIR,K1 MEZOPOTAMYA,,
-611-01-01,yil,yeni-babil,Ruggulitu alındı,In the month Arahsamna the king of Akkad took the lead of his army personally and marched against Ruggulitu. He did battle against the city and on the twenty-eighth day of the month Arahsamnu he captured it. He did not leave a single man alive.,Ruggulitu,"https://www.livius.org/sources/content/mesopotamian-chronicles-content/abc-3-fall-of-nineveh-chronicle/ | ABC 3, Y15 | 'on the twenty-eighth day of the month Arahsamnu he captured it'",EVET,OLAY,HAYIR,K1 MEZOPOTAMYA,,
-610-01-01,yil,yeni-babil,Harran Babilliler ve Medler tarafından alındı,"In the month Arahsamna the Medes, who had come to the help of the king of Akkad, put their armies together and marched to Harran against Aššur-uballit, who had ascended the throne in Assyria. Fear of the enemy overcame Aššur-uballit and the army of Egypt that had come to help him, and they abandoned the city, and crossed the Euphrates. The king of Akkad reached Harran, fought a battle, and captured the city.",Harran,"https://www.livius.org/sources/content/mesopotamian-chronicles-content/abc-3-fall-of-nineveh-chronicle/ | ABC 3, Y16 | 'The king of Akkad reached Harran, fought a battle, and captured the city'",EVET,OLAY,HAYIR,K1 MEZOPOTAMYA,,
-607-01-01,yil,yeni-babil,Kimuhu alındı ve garnizon kondu,"In the month Tašrîtu the king of Akkad mustered his army and marched to Kimuhu, which is on the bank of the Euphrates. He crossed the river, did battle against the city, and in the month Kislîmu he captured the city. He sacked it and stationed a garrison of his in it.",Kimuhu (Fırat),"https://www.livius.org/sources/content/mesopotamian-chronicles-content/abc-4-late-years-of-nabopolassar/ | ABC 4, 12-15 (19. yıl = 607/606) | 'in the month Kislîmu he captured the city ... stationed a garrison'",EVET,OLAY,HAYIR,K1 MEZOPOTAMYA,,
-606-01-01,yil,yeni-babil,Mısır ordusu Kimuhu'yu geri aldı,"The twentieth year: The army of Egypt marched against the garrison of Kimuhu which the king of Akkad had stationed inside. For four months, they laid siege to the city, captured it, and defeated the garrison of the king of Akkad.",Kimuhu,"https://www.livius.org/sources/content/mesopotamian-chronicles-content/abc-4-late-years-of-nabopolassar/ | ABC 4, 16-18 | 'they laid siege to the city, captured it, and defeated the garrison' (kaybeden: yeni-babil; fail: Mısır)",EVET,OLAY,HAYIR,K1 MEZOPOTAMYA,,
-605-01-01,yil,yeni-babil,Karkamış zaferi; Hama bölgesi fethedildi,"In the twenty-first year ... Nebuchadnezzar ... marched to Karchemiš which is on the bank of the Euphrates, and crossed the river to go against the Egyptian army which lay in Karchemiš. ... the Babylonian troops overtook and defeated them so that not a single man escaped to his own country. At that time Nebuchadnezzar conquered the whole area of Hamath.",Karkamış / Hama,https://www.livius.org/sources/content/mesopotamian-chronicles-content/abc-5-jerusalem-chronicle/ | ABC 5 obv.1-8 | 'At that time Nebuchadnezzar conquered the whole area of Hamath',EVET,OLAY,HAYIR,K1 MEZOPOTAMYA,,
-604-01-01,yil,yeni-babil,Aşkelon alındı ve harabeye çevrildi,He marched to the city of Aškelon and captured it in the month of Kislîmu. He captured its king and plundered it and carried off spoil from it. He turned the city into a mound and heaps of ruins,Aşkelon,https://www.livius.org/sources/content/mesopotamian-chronicles-content/abc-5-jerusalem-chronicle/ | ABC 5 obv.18-20 (1. yıl Nebukadnezar = 604/603) | 'He marched to the city of Aškelon and captured it in the month of Kislîmu',EVET,OLAY,EVET,K1 MEZOPOTAMYA,K4 AKDENIZ,
-597-01-01,yil,yeni-babil,Kudüs alındı; Babil'in seçtiği kral atandı,"In the seventh year, the month of Kislîmu, the king of Akkad mustered his troops, marched to the Hatti-land, and besieged the city of Judah and on the second day of the month of Addaru he seized the city and captured the king. He appointed there a king of his own choice, received its heavy tribute and sent to Babylon.",Kudüs (Yahuda),https://www.livius.org/sources/content/mesopotamian-chronicles-content/abc-5-jerusalem-chronicle/ | ABC 5 rev.11'-13' | 'on the second day of the month of Addaru he seized the city and captured the king' (Livius notu: February/March 597; Jülyen gün verilmediği için kesinlik=yil),EVET,OLAY,EVET,K1 MEZOPOTAMYA,K4 AKDENIZ / K7 ORTACAG (Kudüs — iki aday),
-557-01-01,yil,yeni-babil,Neriglissar Ura ve Kirši'yi aldı (Pirindu),"The third year: ... Neriglissar mustered his army and marched to Hume to oppose him. ... He captured him, seized Ura, and sacked it. ... he captured Kirši, the mighty city, his royal metropolis. He burnt its wall, its palace, and its people. Pitusu, a land in the midst of the ocean, and six thousand combat troops who were stationed in it he captured by means of boats.",Ura / Kirši / Pitusu (Kilikya),"https://www.livius.org/sources/content/mesopotamian-chronicles-content/abc-6-neriglissar-chronicle/ | ABC 6, 1-23 (3. yıl = 557/556) | 'seized Ura, and sacked it ... he captured Kirši'",EVET,OLAY,EVET,K1 MEZOPOTAMYA,K3 ANADOLU (Kilikya),
