polity,f,t,etiket,gerekce
patina,-830,-828,ALEYHTE DELİL,"Šalmaneser III yıllığı 828'e (yıl 31) dek KORUNMUŞ (Kara Dikilitaş A.0.102.14), Patina anılmıyor"
patina,-827,-745,ÖLÇÜLEMEDİ,"827–824 yıllık yok · Šamši-Adad V PARÇALI · Adad-nārārī III, Šalmaneser IV, Aššur-dan III, Aššur-nārārī V yıllık YOK (Grayson RIMA 3 s.180, 200, 239, 245, 246)"
patina,-744,-739,ÖLÇÜLEMEDİ,"Tiglat-pileser III yıllığı PARÇALI (Kalḫu yıllıklarının ≤1/3'ü korunmuş, RINAP 1)"
samal,-852,-828,ALEYHTE DELİL,"Šalmaneser III yıllığı KORUNMUŞ, Sam'al anılmıyor (25 YIL)"
samal,-827,-745,ÖLÇÜLEMEDİ,yıllık YOK/PARÇALI (bkz. patina)
samal,-744,-739,ÖLÇÜLEMEDİ,TP III PARÇALI
kummuh,-852,-828,ALEYHTE DELİL,"Šalmaneser III KORUNMUŞ, Kummuh anılmıyor — ⚠️ ""I receive annually"" beyanı yıllık haracın her yıl ANILMAYACAĞINI da düşündürür; ölçüt koordinatörün, uygulandı"
kummuh,-827,-774,ÖLÇÜLEMEDİ,yıllık YOK/PARÇALI · 805 Pazarcık ön yüzü ② (sayılmadı) bu aralıkta OLUMLU bir ② tanık
kummuh,-772,-739,ÖLÇÜLEMEDİ,yıllık YOK (772–745) + TP III PARÇALI · 743 Urartu koalisyonu kesinti adayı
qatnu,-877,-866,ALEYHTE DELİL?,"Aššurnaṣirpal II yıllığı 18. yıla (866) dek KORUNMUŞ, Qatnu anılmıyor — ⚠️ Habur içi birim yabancı haraç listesine girmeyebilir (iç bölge sessizliği delil değil) ⇒ KOORDİNATÖR KARARI"
qatnu,-865,-859,ÖLÇÜLEMEDİ,Aššurnaṣirpal II 19–25. yıllar yıllıkta YOK
bit-zamani,-878,-867,ALEYHTE DELİL,Aššurnaṣirpal II yıllığı KORUNMUŞ; 866 kuşatma (isyan) ile kapanıyor
suhu,-881,-879,ALEYHTE DELİL,Aššurnaṣirpal II yıllığı KORUNMUŞ; 878 Kudurru isyanı ile kapanıyor
