kimlik_onerisi,ad,tur,f,t,tarih_turu_f,tarih_turu_t,kaynak_degeri_f,kaynak_degeri_t,merkez,oncul,ardil,kaynak,kesinlik,not,suzeren,suzeren_f,suzeren_t,sahip_dilim
uruk-gec-uruk,Uruk (Geç Uruk dönemi kent-devleti),sehir-devleti,ÖLÇÜLEMEDİ,ÖLÇÜLEMEDİ,DONEM,DONEM,-3500-01-01,-3200-01-01,Uruk,bulunamadı,uruk-ed,"Brisch, ORACC AMGG https://oracc.museum.upenn.edu/amgg/Mesopotamianhistory/index.html: 'Late Uruk period (ca. 3500-3200/3150) | First city-states'",yuzyil,"OK (Orta Kronoloji) · ARKEOLOJİK DÖNEM sınırı, siyasî olay değil; Met 'Uruk period ca. 4000–3100' ⑥ · f: kaynak değeri -3500-01-01 bir DÖNEM/KONVANSİYON sınırı (AMGG 'Late Uruk period (ca. 3500-3200/3150)' = arkeolojik dönem) — tarih olarak da sınır olarak da YAZILMADI · t: kaynak değeri -3200-01-01 bir DÖNEM/KONVANSİYON sınırı (aynı dönemin sonu; Uruk bitmedi) — tarih olarak da sınır olarak da YAZILMADI · f ⑤: ÇAPA YOK — proto-çivi tabletler idari, çöp dolgusundan, yazı evresine (Uruk IV/III) göre tarihli (CDLI Wiki Proto-cuneiform; Met 'Uruk: The First City'); olay yokluğu ÇIKARIM (Englund OBO 160/1 açılamadı) · t ⑤: ÇAPA YOK — aynı","YOK (aranmadı değil: arandı, bulunamadı — bkz. SUZEREN-KANIT §2)",,,K1 MEZOPOTAMYA
uruk-ed,Uruk (Erken Hanedanlık; Lugalzagesi krallığı),sehir-devleti,ÖLÇÜLEMEDİ,-2334-01-01,DONEM,SALTANAT,-2900-01-01,-2334-01-01,Uruk,uruk-gec-uruk,akkad,Met 'Uruk: The First City' 'Early Dynastic period (2900–2350 B.C.)' · Britannica Sargon (Dalley) 'defeat of Lugalzaggisi of Uruk',yuzyil,"OK (Orta Kronoloji) · t = Sargon'un yükselişi (Dalley c. 2334) · f: kaynak değeri -2900-01-01 bir DÖNEM/KONVANSİYON sınırı (Met 'Early Dynastic period (2900–2350)' = dönem) — tarih olarak da sınır olarak da YAZILMADI · t: SALTANATTAN/TANIKLIKTAN TÜRETİLMİŞ ÜST SINIR — Sargon saltanat başı (Dalley c. 2334) — Lugalzagesi yenilgisi o saltanatın İÇİNDE ⇒ ALT sınır; gerçek uç ÖLÇÜLEMEDİ · t ⑤: birincil — RIME 2.1.1.1 (ETCSRI Q000834) Sargon Uruk'u aldı, surlarını yıktı, Lugalzagesi'yi Enlil kapısına götürdü; Uruk yıl adı YOK ⇒ SALTANAT kalır","YOK (aranmadı değil: arandı, bulunamadı — bkz. SUZEREN-KANIT §2)",,,K1 MEZOPOTAMYA
uruk-utuhegal,Uruk (Utu-hegal),sehir-devleti,-2116-01-01,-2110-01-01,SALTANAT,SALTANAT,-2116-01-01,-2110-01-01,Uruk,gutium,ur-iii,Britannica 'History of Mesopotamia' (Frye/von Soden/Edzard) https://www.britannica.com/place/Mesopotamia-historical-region-Asia 'Utu-hegal of Uruk (c. 2116–c. 2110)',onyil,OK (çıkarım: sayılar OK'ye uyuyor) · f: SALTANATTAN/TANIKLIKTAN TÜRETİLMİŞ ALT SINIR — Utu-hegal saltanatı (c. 2116–c. 2110); gerçek uç ÖLÇÜLEMEDİ · t: SALTANATTAN/TANIKLIKTAN TÜRETİLMİŞ ÜST SINIR — aynı saltanatın sonu; gerçek uç ÖLÇÜLEMEDİ,"YOK (aranmadı değil: arandı, bulunamadı — bkz. SUZEREN-KANIT §2)",,,K1 MEZOPOTAMYA
uruk-sinkasid,"Uruk (Sîn-kāšid hanedanı, Eski Babil)",hanedan,-1860-01-01,-1802-01-01,OLAY,OLAY,-1860-01-01,-1802-01-01,Uruk,bulunamadı,larsa,RlA 12 s.519 Charpin 'Sîn-kāšid' https://publikationen.badw.de/de/rla/a/12.576.jpg: 'fonda vers 1860 (chron. moy.) … jusqu'à l'annexion par Rīm-Sîn en sa 20e année (1802)',yil,OK (Orta Kronoloji) (kaynak açıkça 'chron. moy.'),"YOK (aranmadı değil: arandı, bulunamadı — bkz. SUZEREN-KANIT §2)",,,K1 MEZOPOTAMYA
ur-i,Ur I. Hanedanı,sehir-devleti,-2401-01-01,bulunamadı,SALTANAT,YOK,-2500-01-01,bulunamadı,Ur,bulunamadı,akkad,"Britannica Ur (Woolley) '1st dynasty of Ur (25th century bce)' · Brisch, ORACC AMGG https://oracc.museum.upenn.edu/amgg/Mesopotamianhistory/index.html 'Mesanepada c. 2500'",yuzyil,OK (çıkarım: sayılar OK'ye uyuyor) · bitiş olayı kaynakta YOK · f: SALTANATTAN/TANIKLIKTAN TÜRETİLMİŞ ALT SINIR — Mesanepada c. 2500 / '25th century' = kral floruit; gerçek uç ÖLÇÜLEMEDİ · f ⑤: mutlak çapa YOK — Mesannepada yazıtları tarihsiz; Mari boncuğu eşzamanlılık vermiyor (RlA 7 s.383) · f ARALIK/YÖN DÜZELTME (D206 tanık hâli): -2500 → -2401 ÜST SINIR — 25. yy ilk tanıklığı ⇒ f ≤ yüzyılın SONU (2401); 2500 aralığın yanlış ucu,"YOK (aranmadı değil: arandı, bulunamadı — bkz. SUZEREN-KANIT §2)",,,K1 MEZOPOTAMYA
lagas-i,Lagaş I. Hanedanı (Ur-Nanşe),sehir-devleti,ÖLÇÜLEMEDİ,-2350-01-01,DONEM,SALTANAT,-2520-01-01,-2350-01-01,Girsu (eski başkent Lagaş/al-Hiba),bulunamadı,akkad,Britannica 'History of Mesopotamia' (Frye/von Soden/Edzard) https://www.britannica.com/place/Mesopotamia-historical-region-Asia 'from about 2520' · RlA 6 s.419 Bauer https://publikationen.badw.de/de/rla/a/6.454.jpg,yuzyil,"OK (çıkarım: sayılar OK'ye uyuyor) · t = UruKAgina'nın Lugalzagesi'ye yenilişi, sonra Sargon · f: kaynak değeri -2520-01-01 bir DÖNEM/KONVANSİYON sınırı ('history can be written from about 2520' = tarihyazımı sınırı) — tarih olarak da sınır olarak da YAZILMADI · t: SALTANATTAN/TANIKLIKTAN TÜRETİLMİŞ ÜST SINIR — Lugalzagesi 'c. 2350' floruit ⇒ sınır; gerçek uç ÖLÇÜLEMEDİ · t ⑤: RIME 1.9.9.5 (ETCSRI Q001133) Umma saldırısı Urukagina 7. yıl (Bauer 1998 s.494) — regnal yıl, mutlak yıl yüzergezer ⇒ SALTANAT kalır","YOK (aranmadı değil: arandı, bulunamadı — bkz. SUZEREN-KANIT §2)",,,K1 MEZOPOTAMYA
lagas-ii,Lagaş II. Hanedanı (Gudea),sehir-devleti,-2193-01-01,-2095-01-01,SALTANAT,SALTANAT,-2193-01-01,-2112-01-01,Girsu,akkad,ur-iii,"Britannica 'History of Mesopotamia' (Frye/von Soden/Edzard) https://www.britannica.com/place/Mesopotamia-historical-region-Asia 'a century of complete independence, between Shar-kali-sharri and the beginning of Ur III'",yuzyil,OK (çıkarım: sayılar OK'ye uyuyor) · Gudea Met 2150–2125 ↔ Britannica/AMGG Ur-Nammu çağdaşı ⑥ · Gudea Gutlara tâbi vali olabilir (Britannica Lagash) · f: SALTANATTAN/TANIKLIKTAN TÜRETİLMİŞ ALT SINIR — 'between Shar-kali-sharri and … Ur III' — Şar-kali-şarri saltanat sonundan türetilmiş; gerçek uç ÖLÇÜLEMEDİ · t: SALTANATTAN/TANIKLIKTAN TÜRETİLMİŞ ÜST SINIR — Ur-Nammu saltanat başından (2112) türetilmiş; gerçek uç ÖLÇÜLEMEDİ · t ARALIK/YÖN DÜZELTME (D206 tanık hâli): -2112 → -2095 ÜST SINIR — son Ur-Nammu saltanatı (2112–2095) İÇİNDE ⇒ güvenli üst sınır 2095; 2112 aralığın alt ucuydu ama ÜST etiketliydi,"YOK (aranmadı değil: arandı, bulunamadı — bkz. SUZEREN-KANIT §2)",,,K1 MEZOPOTAMYA
umma,Umma (Giša),sehir-devleti,ÖLÇÜLEMEDİ,-2334-01-01,DONEM,SALTANAT,-2600-01-01,-2334-01-01,Umma (Tell Jokha),bulunamadı,akkad,RlA 14 s.318 Waetzoldt https://publikationen.badw.de/de/rla/a/14.381.jpg: Pabilga heykelciği 'König von U.' (FD II),yuzyil,"OK (çıkarım: sayılar OK'ye uyuyor) · f = ED II, yıl YOK (yüzyıl); t = Sargon'un Lugalzagesi zaferi · f: kaynak değeri -2600-01-01 bir DÖNEM/KONVANSİYON sınırı (Pabilga 'FD II' = dönem, mutlak yıl YOK) — tarih olarak da sınır olarak da YAZILMADI · t: SALTANATTAN/TANIKLIKTAN TÜRETİLMİŞ ÜST SINIR — Sargon saltanat başı ⇒ alt sınır; gerçek uç ÖLÇÜLEMEDİ · t ⑤: yıl adı 'mu ĜIŠ.KÚŠU ḫul-àm' — Waetzoldt RlA 14 s.319 'bezieht sich wohl auf den Sieg Sargons über U.'; yıl adının saltanattaki sırası bilinmiyor ⇒ SALTANAT kalır (olay yıl adıyla tanıklı)","YOK (aranmadı değil: arandı, bulunamadı — bkz. SUZEREN-KANIT §2)",,,K1 MEZOPOTAMYA
kis,Kiş,sehir-devleti,-2700-01-01,-1845-01-01,SALTANAT,SALTANAT,-2700-01-01,-1880-01-01,Kiş,bulunamadı,babil-i,Britannica 'History of Mesopotamia' (Frye/von Soden/Edzard) https://www.britannica.com/place/Mesopotamia-historical-region-Asia 'Enmebaragesi … about 2700' · RlA 5 s.607 Edzard https://publikationen.badw.de/de/rla/a/5.644.jpg 'unter Sumu-la-El von Babylon (1880—1845/1816—1781) … einverleibt',yuzyil,"OK (Orta Kronoloji) (Edzard iki dizi: 1880-1845 OK / 1816-1781 düşük) · Kiş tekrar tekrar bağımsız: tek sürekli devlet DEĞİL · SKL Kiş I hanedanı mitolojik, dayanak değil · f: SALTANATTAN/TANIKLIKTAN TÜRETİLMİŞ ALT SINIR — Enmebaragesi 'about 2700' = kral floruit; gerçek uç ÖLÇÜLEMEDİ · t: SALTANATTAN/TANIKLIKTAN TÜRETİLMİŞ ÜST SINIR — Sumu-la-El saltanatı (1880–1845) içinde ilhak ⇒ sınır; gerçek uç ÖLÇÜLEMEDİ · f ARALIK/YÖN DÜZELTME (D206 tanık hâli): -2700 → -2700 ÜST SINIR — Enmebaragesi c.2700 İLK tanıklık ⇒ f ≤ ~2700 ÜST sınır; ALT etiketliydi (yön hatası, aralık değil) · t ARALIK/YÖN DÜZELTME (D206 tanık hâli): -1880 → -1845 ÜST SINIR — ilhak Sumu-la-El saltanatı (1880–1845) İÇİNDE ⇒ güvenli üst sınır 1845; 1880 aralığın alt ucuydu ama ÜST etiketliydi","YOK (aranmadı değil: arandı, bulunamadı — bkz. SUZEREN-KANIT §2)",,,K1 MEZOPOTAMYA
akkad,Akkad İmparatorluğu (Sargonlu hanedan),imparatorluk,-2334-01-01,-2193-01-01,SALTANAT,SALTANAT,-2334-01-01,-2193-01-01,Akkad/Agade (konumu BİLİNMİYOR),uruk-ed,gutium,Britannica Sargon (Dalley) 'c. 2334–2279' · Britannica 'History of Mesopotamia' (Frye/von Soden/Edzard) https://www.britannica.com/place/Mesopotamia-historical-region-Asia 'Shar-kali-sharri (c. 2217–c. 2193) … the dynasty went under',onyil,"OK (Orta Kronoloji) · f alternatifleri Met 2340 / AMGG 2323 ⑥ · t = Şar-kali-şarri'nin ölümü; dönem sonu c. 2150 (Met) · 2154 KAYNAKSIZ, yazılmadı · f: SALTANATTAN/TANIKLIKTAN TÜRETİLMİŞ ALT SINIR — Sargon 'reigned c. 2334–2279' = kurucu saltanat başı; gerçek uç ÖLÇÜLEMEDİ · t: SALTANATTAN/TANIKLIKTAN TÜRETİLMİŞ ÜST SINIR — Şar-kali-şarri saltanat sonu; hanedan Dudu/Šu-Turul ile SÜRDÜ (S1); gerçek uç ÖLÇÜLEMEDİ · t ARALIK/YÖN DÜZELTME (D206 tanık hâli): -2193 → -2193 ALT SINIR — hanedan Şar-kali-şarri SONRASI sürdü (Dudu, Šu-Turul — S1) ⇒ t ≥ 2193 ALT; ÜST etiketliydi (yön hatası)","YOK (aranmadı değil: arandı, bulunamadı — bkz. SUZEREN-KANIT §2)",,,K1 MEZOPOTAMYA
gutium,Gut egemenliği,hanedan,-2230-01-01,-2110-01-01,OLAY,SALTANAT,-2230-01-01,-2116-01-01,yok (kanıtlanmış başkent YOK),akkad,uruk-utuhegal,Britannica Lagash 'from about 2230 to about 2130' · RlA 3 s.708 Hallo https://publikationen.badw.de/de/rla/a/3.725.jpg (SKL Gut listesi 'negligible'),yuzyil,OK (çıkarım: sayılar OK'ye uyuyor) · gevşek hegemonya: katı toprak değil örtü olarak çizilmeli · t = Utu-hegal zaferi · t: SALTANATTAN/TANIKLIKTAN TÜRETİLMİŞ ÜST SINIR — Utu-hegal saltanatından (c. 2116) türetilmiş; gerçek uç ÖLÇÜLEMEDİ · t ARALIK/YÖN DÜZELTME (D206 tanık hâli): -2116 → -2110 ÜST SINIR — Utu-hegal saltanatı (c.2116–2110) İÇİNDE ⇒ güvenli üst 2110; 2116 ÜST etiketliydi,"YOK (aranmadı değil: arandı, bulunamadı — bkz. SUZEREN-KANIT §2)",,,K1 MEZOPOTAMYA
ur-iii,Ur III (Ur III. Hanedanı),imparatorluk,-2112-01-01,-2004-01-01,OLAY,OLAY,-2112-01-01,-2004-01-01,Ur,uruk-utuhegal,isin-i; larsa; esnunna,"Britannica 'History of Mesopotamia' (Frye/von Soden/Edzard) https://www.britannica.com/place/Mesopotamia-historical-region-Asia 'c. 2112–c. 2004' · Brisch, ORACC AMGG https://oracc.museum.upenn.edu/amgg/Mesopotamianhistory/index.html · Met Heilbrunn 'List of Rulers of Mesopotamia' https://www.metmuseum.org/toah/hd/meru/hd_meru.htm",yil,OK (Orta Kronoloji),"YOK (aranmadı değil: arandı, bulunamadı — bkz. SUZEREN-KANIT §2)",,,K1 MEZOPOTAMYA
isin-i,İsin I. Hanedanı,krallik,-2017-01-01,-1794-01-01,OLAY,OLAY,-2017-01-01,-1794-01-01,İsin,ur-iii,larsa,Britannica Isin 'about 2017 … About 1794 Isin lost its independence' · RlA 5 s.181 Edzard,yil,OK (çıkarım: sayılar OK'ye uyuyor) · t ⑥: Renger (Britannica Hammurabi) Rim-Sin İsin'i c. 1792'de aldı,"YOK (aranmadı değil: arandı, bulunamadı — bkz. SUZEREN-KANIT §2)",,,K1 MEZOPOTAMYA
larsa,Larsa hanedanı,krallik,-2025-01-01,-1763-01-01,SALTANAT,OLAY,-2025-01-01,-1763-01-01,Larsa,ur-iii,babil-i,"Britannica Larsa 'Naplanum (c. 2025–c. 2005) … Hammurabi … defeated Rim-Sin in 1763' · Brisch, ORACC AMGG https://oracc.museum.upenn.edu/amgg/Mesopotamianhistory/index.html",yil,OK (çıkarım: sayılar OK'ye uyuyor) · f: SALTANATTAN/TANIKLIKTAN TÜRETİLMİŞ ALT SINIR — Naplanum saltanatı (c. 2025–c. 2005); gerçek uç ÖLÇÜLEMEDİ,"YOK (aranmadı değil: arandı, bulunamadı — bkz. SUZEREN-KANIT §2)",,,K1 MEZOPOTAMYA
esnunna,Eşnunna (bağımsız krallık),krallik,bulunamadı,-1755-01-01,YOK,OLAY,bulunamadı,-1755-01-01,Eşnunna (Tell Asmar),ur-iii,babil-i,"Britannica Eshnunna 'After the collapse of Ur, Eshnunna became independent' · Britannica Hammurabi (Renger) 'third time (1757–1755 bce). The final destruction of Eshnunna'",yuzyil,OK (çıkarım: sayılar OK'ye uyuyor) · f YIL YOK (Ur III sonrası) · t 1757-1755 (1762 seferi ayrı olay),"YOK (aranmadı değil: arandı, bulunamadı — bkz. SUZEREN-KANIT §2)",,,K1 MEZOPOTAMYA
mari-sakkanakku,Mari şakkanakku hanedanı,hanedan,-2095-01-01,-2017-01-01,SALTANAT,SALTANAT,bulunamadı,bulunamadı,Mari (Tell Hariri),mari-ed,mari-lim,RlA 7 s.383 Kupper https://publikationen.badw.de/de/rla/a/7.416.jpg 'la lignée des šakkanakku se poursuivit encore pendant près d'un siècle',yuzyil,"yıl YOK — Ur III dönemi → ~1 yüzyıl sonrası · f ⑤: ÜST SINIR (en geç) — Apil-kīn Ur-Namma (2112–2095) çağında 'Mari kralı', kızı Tarām-Uram Ur-Namma'nın oğluyla evli (RlA 7 s.384 Kupper; Boese–Sallaberger AoF 23 1996); Drehem Mari elçileri Š46–ŠS6 (2049–2032) yıl adlı; gerçek doğuş ÖLÇÜLEMEDİ · t ⑤: ALT SINIR (en erken) — BIN 9 384 Išbi-Erra (2017–1985) döneminde Mari habercileri; RlA 'Ur III sonrası ~bir yüzyıl' ölçü DEĞİL; gerçek son ÖLÇÜLEMEDİ · t ARALIK/YÖN DÜZELTME (D206 tanık hâli): -1985 → -2017 ALT SINIR — tanıklık Išbi-Erra saltanatı (2017–1985) İÇİNDE ⇒ güvenli alt sınır 2017 (tanık 2017 de olabilir); 1985 ALT etiketliydi","YOK (aranmadı değil: arandı, bulunamadı — bkz. SUZEREN-KANIT §2)",,,K1 MEZOPOTAMYA
mari-lim,"Mari Lim hanedanı (Yahdun-Lim, Zimri-Lim)",krallik,-1820-01-01,-1761-01-01,SALTANAT,OLAY,-1820-01-01,-1761-01-01,Mari (Tell Hariri),mari-sakkanakku,babil-i,"RlA 7 s.383 Kupper 'accession … de Jaḫdun-Lim, vers 1820' · Britannica Hammurabi (Renger) 'in 1761 bce against … Zimrilim'",onyil,OK (çıkarım: sayılar OK'ye uyuyor) · ARA: Şamşi-Adad'ın oğlu Yasmah-Addu dönemi (c. 1800-1776) Lim hanedanını kesti ⇒ çok aralıklı · f: SALTANATTAN/TANIKLIKTAN TÜRETİLMİŞ ALT SINIR — Yahdun-Lim'in tahta çıkışı 'vers 1820'; gerçek uç ÖLÇÜLEMEDİ,elam-sukkalmah,ÖLÇÜLEMEDİ,ÖLÇÜLEMEDİ,K1 MEZOPOTAMYA
babil-i,Babil I. Hanedanı (Eski Babil),krallik,TARTIŞMALI,-1595-01-01,OLAY,OLAY,-1894-01-01,-1595-01-01,Babil,ur-iii,kassit-babil,"Britannica Babylon (Saggs) 'established in 1894 bce by … Sumuabum … Hittite raid in 1595 bce' · Brisch, ORACC AMGG https://oracc.museum.upenn.edu/amgg/Mesopotamianhistory/index.html",tartismali (f) / yil (t),"OK (Orta Kronoloji) · f ⑥: RlA 13 s.300 Goddeeris — Sumu-abum, Sumu-la-El (1880) ile ÇAĞDAŞ; gerçek kurucu Sumu-la-El olabilir · f: TEK TARİH YAZILMAZ (koordinatör hükmü) — okuma A: 1894 Sumu-abum (Saggs, Britannica Babylon; konvansiyonel) · okuma B: 1880 Sumu-la-El (Goddeeris, RlA 13 s.300: 'S. and Sumu-la-el of Babylon are contemporaries … a late OB construct')",elam-sukkalmah,ÖLÇÜLEMEDİ,ÖLÇÜLEMEDİ,K1 MEZOPOTAMYA
deniz-ulkesi-i,I. Deniz Ülkesi hanedanı,hanedan,-1740-01-01,-1475-01-01,OLAY,OLAY,-1740-01-01,-1475-01-01,bulunamadı,babil-i,kassit-babil,"RlA 8 s.6 Brinkman 'Meerland' https://publikationen.badw.de/de/rla/a/8.35.jpg '§ 1. First Sealand Dynasty, c. 1740–1475'",onyil,OK (çıkarım: sayılar OK'ye uyuyor),"YOK (aranmadı değil: arandı, bulunamadı — bkz. SUZEREN-KANIT §2)",,,K1 MEZOPOTAMYA
eski-asur,Asur kent-devleti (Eski Asur),sehir-devleti,-2025-01-01,-1808-01-01,SALTANAT,OLAY,-2025-01-01,-1808-01-01,Asur,ur-iii,samsi-adad-krallik,Met (Highcock) 'Puzur-Ashur I (r. ca. 2025–1950 B.C.) … Shamshi-Adad I captured Ashur in 1808/1807 B.C.' https://www.metmuseum.org/toah/hd/assy_2/hd_assy_2.htm,onyil,OK (Orta Kronoloji) · Şamşi-Adad sonrası yerli hanedan geri döndü ⇒ ikinci aralık (çok aralıklı) · f: SALTANATTAN/TANIKLIKTAN TÜRETİLMİŞ ALT SINIR — Puzur-Aššur I 'r. ca. 2025–1950'; gerçek uç ÖLÇÜLEMEDİ,mitanni,ÖLÇÜLEMEDİ,"≤-1364 (Erība-Adad I saltanatı 1390–1364; RIAo 'Mittani Client' dönemi 1364'te biter, Aššur-uballiṭ I ile 1363'te 'Kingdom of Assyria' başlar)",K1 MEZOPOTAMYA
samsi-adad-krallik,Yukarı Mezopotamya Krallığı (Şamşi-Adad I),krallik,-1808-01-01,-1776-01-01,OLAY,SALTANAT,-1808-01-01,-1776-01-01,Šubat-Enlil (DOĞRULANMADI) · Asur · Ekallatum,eski-asur,eski-asur; mari-lim,"Novotny & Morello, ORACC RIAo 'Rulers of Assyria' https://oracc.museum.upenn.edu/riao/RulersofAssyria/index.html 'Samsī-Addu I (ca. 1808-1776 BC)'",yil,OK (Orta Kronoloji) · Met saltanatı 1813–1781 ⑥ · t: SALTANATTAN/TANIKLIKTAN TÜRETİLMİŞ ÜST SINIR — Şamşi-Adad'ın ölümü (saltanat sonu 1776); gerçek uç ÖLÇÜLEMEDİ,"YOK (aranmadı değil: arandı, bulunamadı — bkz. SUZEREN-KANIT §2)",,,K1 MEZOPOTAMYA
hana,Hana Krallığı (Terqa),krallik,-1761-01-01,bulunamadı,OLAY,YOK,-1761-01-01,bulunamadı,Terqa (Tell ʿAšāra),mari-lim,mitanni,RlA 13 s.600 Masetti-Rouault & Rouault https://publikationen.badw.de/de/rla/a/13.675.jpg · RlA 4 s.76 Kupper https://publikationen.badw.de/de/rla/a/4.105.jpg,yuzyil,OK (çıkarım: sayılar OK'ye uyuyor) · f = Mari'nin yıkılışı sonrası ('vers le milieu du 18e s.'); t: 15. yy Mitanni denetimi ÇIKARIM ⇒ bulunamadı,"YOK (aranmadı değil: arandı, bulunamadı — bkz. SUZEREN-KANIT §2)",,,K1 MEZOPOTAMYA
kassit-babil,Kassit Babilonya (Orta Babil),hanedan,ÖLÇÜLEMEDİ,-1155-01-01,DONEM,OLAY,-1595-01-01,-1155-01-01,Babil; Dur-Kurigalzu,babil-i; deniz-ulkesi-i,isin-ii,Met (Knott) 'Middle Babylonian (1595–1155 B.C.)' https://www.metmuseum.org/toah/hd/kass/hd_kass.htm · RlA 5 s.465 Brinkman https://publikationen.badw.de/de/rla/a/5.502.jpg 'early sixteenth century … about 1475 … until about 1155',yuzyil,OK (Orta Kronoloji) · f = 1595 bölücü çizgi (konvansiyon); güney 1475 · t yıl (c.) · Tukulti-Ninurta I işgali (Met 1225) ayrı örtü · f: kaynak değeri -1595-01-01 bir DÖNEM/KONVANSİYON sınırı ('Modern chronology uses the sack … as the dividing line' = KONVANSİYON) — tarih olarak da sınır olarak da YAZILMADI,"YOK (aranmadı değil: arandı, bulunamadı — bkz. SUZEREN-KANIT §2)",,,K1 MEZOPOTAMYA
isin-ii,İsin II. Hanedanı,hanedan,-1157-01-01,-1026-01-01,OLAY,OLAY,-1157-01-01,-1026-01-01,bulunamadı (Isin ile 'ilişki' — Brinkman §1 tam okunmadı),kassit-babil,deniz-ulkesi-ii,RlA 5 s.183 Brinkman https://publikationen.badw.de/de/rla/a/5.216.jpg 'ruled Babylonia ca. 1157—1026',onyil,OK (Orta Kronoloji) · Met 1155 ⇒ Kassit ile ~2 yıl örtüşme ⑥,"YOK (aranmadı değil: arandı, bulunamadı — bkz. SUZEREN-KANIT §2)",,,K1 MEZOPOTAMYA
deniz-ulkesi-ii,II. Deniz Ülkesi hanedanı,hanedan,-1025-01-01,-1005-01-01,OLAY,OLAY,-1025-01-01,-1005-01-01,bulunamadı,isin-ii,bulunamadı (Bazi hanedanı — araştırılmadı),"RlA 8 s.6 Brinkman '§ 3. Second Sealand Dynasty, 1025–1005'",yil,OK (çıkarım: sayılar OK'ye uyuyor),"YOK (aranmadı değil: arandı, bulunamadı — bkz. SUZEREN-KANIT §2)",,,K1 MEZOPOTAMYA
mitanni,Mitanni (Maitani),krallik,-1500-01-01,-1360-01-01,SALTANAT,SALTANAT,-1500-01-01,-1360-01-01,Waššukanni (KONUMU BİLİNMİYOR),bulunamadı,hanigalbat,RlA 8 s.286 Wilhelm https://publikationen.badw.de/de/rla/a/8.317.jpg 'bezeugt von ca. 1500 bis ins 13 Jh.' · s.294 https://publikationen.badw.de/de/rla/a/8.326.jpg (Šuppiluliuma I + Aššur-uballiṭ I),yuzyil,"OK (çıkarım: sayılar OK'ye uyuyor) · t c. 1360 yalnız imzasız Britannica (Tushratta ö. c. 1360) ⇒ yüzyıl; ardıl Ḫanigalbat 13. yy · f: SALTANATTAN/TANIKLIKTAN TÜRETİLMİŞ ALT SINIR — 'bezeugt von ca. 1500' = İLK TANIKLIK ⇒ alt sınır (saltanat değil tanıklık; sınır verir); gerçek uç ÖLÇÜLEMEDİ · t: SALTANATTAN/TANIKLIKTAN TÜRETİLMİŞ ÜST SINIR — Tušratta 'died c. 1360' (imzasız Britannica) = saltanat sonu; gerçek uç ÖLÇÜLEMEDİ · f ARALIK/YÖN DÜZELTME (D206 tanık hâli): -1500 → -1500 ÜST SINIR — ""bezeugt von ca. 1500"" İLK tanıklık ⇒ f ≤ 1500 ÜST; ALT etiketliydi (yön hatası)","YOK (aranmadı değil: arandı, bulunamadı — bkz. SUZEREN-KANIT §2)",,,K1 MEZOPOTAMYA
hanigalbat,Ḫanigalbat (Mitanni artık devleti),krallik,-1360-01-01,bulunamadı,SALTANAT,YOK,-1360-01-01,bulunamadı,bulunamadı,mitanni,orta-asur,"RlA 8 s.295 Wilhelm 'Für diesen Nachfolgestaat, der die Tradition von M. im 13. Jh. fortführt'",yuzyil,"13. yy; Şalmaneser I ile Asur eyaleti (imzasız Britannica) ⇒ t bulunamadı · f: SALTANATTAN/TANIKLIKTAN TÜRETİLMİŞ ALT SINIR — Mitanni'nin 1360 sınırından türetilmiş; gerçek uç ÖLÇÜLEMEDİ · f ⑤: RlA 4 s.106 (Otten) — Šuppiluliuma I'in Mitanni fethi sonrası 'Wiedereinsetzung Mattiwazas unter hethitischer Schutzherrschaft' (~1350–1340, Hitit kronolojisi) ⇒ SALTANAT kalır","Hitit (dataset DIŞI — K3 ANADOLU; hitit-1595 bir OLAY kimliği, polity değil) ; orta-asur","≥-1360 (Tušratta'nın ölümü c.1360 sonrası; Šuppiluliuma I saltanatı içinde Mattiwaza'nın tahta çıkarılması) ; ≥-1305 (Adad-nārārī I saltanatı 1305–1274, RIAo)","≤-1274 (Adad-nārārī I saltanatı 1305–1274 RIAo; Britannica c.1307–c.1275) ; ≤-1245 (Šalmaneser I saltanatı c.1275–c.1245, Britannica; il yapıldı)",K1 MEZOPOTAMYA
orta-asur,Orta Asur Krallığı,krallik,-1353-01-01,-911-01-01,SALTANAT,SALTANAT,-1353-01-01,-912-01-01,Asur; Kar-Tukulti-Ninurta,eski-asur,yeni-asur,"Novotny & Morello, ORACC RIAo 'Rulers of Assyria' https://oracc.museum.upenn.edu/riao/RulersofAssyria/index.html 'Aššur-uballiṭ I (1353-1318 BC) … Aššur-dān II (934-912 BC)'",yil,OK çerçevesi · Frahm 2017 (RIAo) · Met Aššur-uballiṭ I 1365–1330 ⑥ (±12 yıl) · t = kral listesinden (Adad-nārārī II 911) · f: SALTANATTAN/TANIKLIKTAN TÜRETİLMİŞ ALT SINIR — Aššur-uballiṭ I saltanatı 1353 (RIAo krallık başı 1363 — S11); gerçek uç ÖLÇÜLEMEDİ · t: SALTANATTAN/TANIKLIKTAN TÜRETİLMİŞ ÜST SINIR — Aššur-dān II saltanat sonu 912; gerçek uç ÖLÇÜLEMEDİ · t DÜZELTME: -912-01-01 → -911-01-01. Aššur-dān II saltanatı 912 DAHİL biter ⇒ uç 911 başı; eski yazım 912 yılını dışarıda bırakıp yeni-asur ile 1 YIL boşluk açıyordu (künye sınırı bitişik olmalı),"YOK (aranmadı değil: arandı, bulunamadı — bkz. SUZEREN-KANIT §2)",,,K1 MEZOPOTAMYA
yeni-asur,Yeni Asur İmparatorluğu,imparatorluk,-911-01-01,-609-01-01,SALTANAT,OLAY,-911-01-01,-609-01-01,Asur → Kalhu → Dur-Şarrukin → Ninova → Harran,orta-asur,yeni-babil,"Novotny & Morello, ORACC RIAo 'Rulers of Assyria' https://oracc.museum.upenn.edu/riao/RulersofAssyria/index.html 'Adad-nārārī II (911-891 BC) … Aššur-uballiṭ II (611–609 BC)' · RlA 9 s.14 Brinkman 'Nabopolassar' https://publikationen.badw.de/de/rla/a/9.41.jpg 'this is the last mention of Assyrian involvement in a military action' (609)",yil,"mutlak (eponim/kronik) · 612 Ninova düştü, 610 Harran terk · f: kaynak değeri -911-01-01 bir DÖNEM/KONVANSİYON sınırı (911 = kronolojinin güvenle uzatılabildiği yıl (Met) / dönem başı — KONVANSİYON) — tarih olarak da sınır olarak da YAZILMADI · ③ → ② YENİDEN TİPLEME (koordinatör hipotezi, ölçüldü): ""Yeni Asur"" bir DÖNEM ADIDIR (konvansiyon) ama 911 bir SALTANAT BAŞIDIR — RIAo ""Adad-nārārī II (911-891 BC)"", eponim listesiyle mutlak. Tipleme dönemin ETİKETİNİ tarihin KENDİ TANIĞIYLA karıştırmıştı. f = Adad-nārārī II tahta çıkışı (kurucu saltanat başı; akkad f ve orta-asur f ile AYNI tip). ① DEĞİL: tahta çıkışın günü/olayı tanıklı değil, yalnız saltanat listesindeki yıl.","YOK (aranmadı değil: arandı, bulunamadı — bkz. SUZEREN-KANIT §2)",,,K1 MEZOPOTAMYA
yeni-babil,Yeni Babil İmparatorluğu,imparatorluk,-626-11-23,-539-01-01,OLAY,OLAY,-626-11-23,-539-01-01,Babil,yeni-asur,ahameniş (pencere dışı),"RlA 9 s.12-13 Brinkman 'Nabopolassar' https://publikationen.badw.de/de/rla/a/9.39.jpg 'came to the throne in Babylon on VIII-26-626 (= Nov. 23, 626 in the Julian calendar)' · Met Babylon (Seymour) 'in 539 B.C., Cyrus II of Persia conquered the city'",gun (f) / yil (t),mutlak (eponim/kronik) · resmî sayım 625'ten · Jülyen gün kaynakta verili · 'Keldani' adı yanıltıcı (Brinkman),"YOK (aranmadı değil: arandı, bulunamadı — bkz. SUZEREN-KANIT §2)",,,K1 MEZOPOTAMYA
elam-avan,Avan hanedanı (Eski Elam),hanedan,ÖLÇÜLEMEDİ,-2112-01-01,DONEM,SALTANAT,-2400-01-01,-2100-01-01,"Avan (Zagros, konum belirsiz)",bulunamadı,elam-simaski,"Vallat, Iranica 'ELAM i' https://www.iranicaonline.org/articles/elam-i 'The Awan dynasty (ca. 2400-2100 B.C.E.)'",yuzyil,"OK (Orta Kronoloji) · f: kaynak değeri -2400-01-01 bir DÖNEM/KONVANSİYON sınırı (Vallat dönem başlığı 'ca. 2400-2100') — tarih olarak da sınır olarak da YAZILMADI · t: kaynak değeri -2100-01-01 bir DÖNEM/KONVANSİYON sınırı (aynı) — tarih olarak da sınır olarak da YAZILMADI · t ⑤: ALT SINIR — Vallat, Iranica ELAM i GÖVDE (Wayback 2023id_): 'its last king, Puzur-Inšušinak, is thought to have reigned in the time of Ur-Nammu (2112-2095)'; ÜST sınır adayı 'Šulgi of Ur (2094-47) retook the city' (Susa ≠ Avan — zayıf, yazılmadı) · f ⑤: başlangıç çapası YOK; içerde birincil olaylar: Sargon 'Booty of Awan' (RIME 2.01.01.08), Rimuš 'Emahsini, king of Elam' (RIME 2.01.02.06) — 2334 öncesi varlık kanıtı, ama Sargon saltanatı içinde ⇒ f ≤ 2279 ÜST sınır adayı (kapsam: önerildi, yazılmadı)","YOK (aranmadı değil: arandı, bulunamadı — bkz. SUZEREN-KANIT §2)",,,K1 MEZOPOTAMYA
elam-simaski,Şimaşki hanedanı,hanedan,ÖLÇÜLEMEDİ,ÖLÇÜLEMEDİ,DONEM,DONEM,-2100-01-01,-1970-01-01,Şimaşki (yayla) + Susa (2004 sonrası),elam-avan,elam-sukkalmah,"Vallat, Iranica 'ELAM i' https://www.iranicaonline.org/articles/elam-i 'The Simaški dynasty (ca. 2100-1970 B.C.E.)'",yuzyil,"OK (Orta Kronoloji) (Ur'un düşüşü 2004) · f: kaynak değeri -2100-01-01 bir DÖNEM/KONVANSİYON sınırı (Vallat başlığı 'ca. 2100-1970') — tarih olarak da sınır olarak da YAZILMADI · t: kaynak değeri -1970-01-01 bir DÖNEM/KONVANSİYON sınırı (aynı) — tarih olarak da sınır olarak da YAZILMADI · f ⑤: başlangıç çapası YOK; içerde yıl adları: Š30 (2065) Anşan valisi evliliği, Š34 (2061) 'Anshan was destroyed', IS14 (2015) Susa/Adamdun/Avan · t ⑤: 2004 Ur'un düşüşü Şimaşki'nin SONU DEĞİL (Vallat, Iranica ELAM i GÖVDE (Wayback 2023id_): Šimaški ve Epartid kralları ÖRTÜŞÜR) ⇒ 1970 konvansiyon kalır","YOK (aranmadı değil: arandı, bulunamadı — bkz. SUZEREN-KANIT §2)",,,K1 MEZOPOTAMYA
elam-sukkalmah,Epartid / Sukkalmah hanedanı,hanedan,-2004-01-01,-1646-01-01,SALTANAT,SALTANAT,-1970-01-01,-1600-01-01,Susa + Anşan,elam-simaski,elam-orta,"Vallat, Iranica 'ELAM i' https://www.iranicaonline.org/articles/elam-i 'The Epartid or sukkalmah dynasty (ca. 1970-1600 B.C.E.)'",yuzyil,"OK (Orta Kronoloji) · 1600-1500 arası kaynaksız BOŞLUK · f: kaynak değeri -1970-01-01 bir DÖNEM/KONVANSİYON sınırı (Vallat başlığı 'ca. 1970-1600') — tarih olarak da sınır olarak da YAZILMADI · t: kaynak değeri -1600-01-01 bir DÖNEM/KONVANSİYON sınırı (aynı) — tarih olarak da sınır olarak da YAZILMADI · f ⑤: ALT SINIR, OLAYDAN türetilmiş — Vallat, Iranica ELAM i GÖVDE (Wayback 2023id_): 'brought an end to the empire of Ur in 2004 … annexed Susiana, where the Epartid, or sukkalmah, dynasty was founded by the ninth king of Simaški'; kuruluş 2004'ten SONRA, yılı ÖLÇÜLEMEDİ · t ⑤: ALT SINIR — Vallat, Iranica ELAM i GÖVDE (Wayback 2023id_): 'Kuk-Našur II, a contemporary of Ammiṣaduqa, king of Babylon (1646-26)'; ardından 'a break'; gerçek son ÖLÇÜLEMEDİ","YOK (aranmadı değil: arandı, bulunamadı — bkz. SUZEREN-KANIT §2)",,,K1 MEZOPOTAMYA
elam-orta,Orta Elam Krallığı ('Anşan ve Susa kralları'),krallik,-1360-01-01,-1125-01-01,SALTANAT,SALTANAT,-1500-01-01,-1100-01-01,Susa; Anşan; Çoğa Zanbil,elam-sukkalmah,elam-yeni,"Vallat, Iranica 'ELAM i' https://www.iranicaonline.org/articles/elam-i 'The Middle Elamite period (ca. 1500-1100 B.C.E.)'",yuzyil,"OK (Orta Kronoloji) · alt hanedanlar: Kidinuid 1500-1400 · İgihalkid 1400-1210 · Şutrukid 1210-1100 · f: kaynak değeri -1500-01-01 bir DÖNEM/KONVANSİYON sınırı (Vallat 'Middle Elamite period (ca. 1500-1100)') — tarih olarak da sınır olarak da YAZILMADI · t: kaynak değeri -1100-01-01 bir DÖNEM/KONVANSİYON sınırı (aynı) — tarih olarak da sınır olarak da YAZILMADI · f ⑤: ÜST SINIR (en geç) — Haft Tepe tableti Tepti-ahar ↔ Kadašman-Enlil I (c.1374–1360) (Iranica HAFT TEPE); 1500 dönem başlığı yazılmadı · t ⑤: SALTANATLA SINIRLI OLAY — Vallat, Iranica ELAM i GÖVDE (Wayback 2023id_): 'Hutelutuš-Inšušinak had to abandon Susa briefly to Nebuchadnezzar (1125-04) … Elamite power faded'; Nebukadnezar I kudurrusu BM 90858 I 41-43 'he captured the land of Elam'; yıl 1125–1104 arası, Iranica ANSHAN ~1110","YOK (aranmadı değil: arandı, bulunamadı — bkz. SUZEREN-KANIT §2)",,,K1 MEZOPOTAMYA
elam-yeni,Yeni Elam Krallığı,krallik,-1125-01-01,-646-01-01,SALTANAT,SALTANAT,-1100-01-01,-539-01-01,Susa; Madaktu,elam-orta,ahameniş (pencere dışı),"Vallat, Iranica 'ELAM i' https://www.iranicaonline.org/articles/elam-i 'The Neo-Elamite Period (1100-539 B.C.E.)' · 'Neo-Elamite III (646-539?B.C.E.)'",yuzyil,"OK (Orta Kronoloji) (f) / mutlak (eponim/kronik) (646) · 646 Susa yağması SON DEĞİL: Yeni Elam III küçülmüş olarak 539?'a dek · 539 '?' ⇒ ⑥ · f: kaynak değeri -1100-01-01 bir DÖNEM/KONVANSİYON sınırı (Vallat 'Neo-Elamite Period (1100-539)') — tarih olarak da sınır olarak da YAZILMADI · t: BELİRSİZ — 'conquest of Susiana … perhaps by Cyrus in 539' — 'perhaps' + tek tanık ⇒ BELİRSİZ (539 Babil'in düşüşü değil, Susiana'nın fethi; ama kesin değil); aralık __BOSLUK__ bırakılır (zorla kapatılmaz) · f ⑤: ALT SINIR — Orta Elam'ın sonu olan I. Nebukadnezar olayı (1125–1104) ⇒ Yeni Elam bundan SONRA; 1100 dönem başlığı yazılmadı · t ⑤: ALT SINIR, OLAYDAN — Asurbanipal Susa yağması 646 (Prism A, ORACC) sonrası krallık 'rose from the ashes' (Vallat, Iranica ELAM i GÖVDE (Wayback 2023id_)); üst uç BELİRSİZ ('perhaps by Cyrus in 539') — kapatılmadı",yeni-asur,-653,ÖLÇÜLEMEDİ,K1 MEZOPOTAMYA
lake,"Laqê (Arami ülkesi, Orta Fırat)",Kabile Konfederasyonu,-891-01-01,-783-01-01,SALTANAT,SALTANAT,-911-01-01,-810-01-01,bulunamadı ('Laqû' adlı kent yok),bulunamadı,yeni-asur,RlA 6 s.492 Postgate https://publikationen.badw.de/de/rla/a/6.527.jpg 'first attested in the reign of Adad-nirari II (911–891) and incorporated into the Assyrian provincial system by the reign of Adad-nirari III (810–783)—and probably earlier',yuzyil,"mutlak (eponim/kronik) · f/t SALTANAT SINIRLARI (ilk anılış / en geç ilhak) — üst/alt sınır · f: SALTANATTAN/TANIKLIKTAN TÜRETİLMİŞ ALT SINIR — Adad-nārārī II saltanatında (911–891) İLK anılış ⇒ alt sınır; gerçek uç ÖLÇÜLEMEDİ · t: SALTANATTAN/TANIKLIKTAN TÜRETİLMİŞ ÜST SINIR — Adad-nārārī III saltanatına (810–783) dek ilhak ⇒ üst sınır; gerçek uç ÖLÇÜLEMEDİ · LAQE YENİDEN OKUMA (KASA kendi okudu, RlA 6 s.492-494 Postgate, sayfa görüntüleri 6.527/6.528/6.529.jpg): -810 bir OLAY DEĞİL, ② SINIR — ve POLITY'yi değil BÖLGE ADINI tarihliyor: ""In the 8th century L. is mentioned as part of the provincial holdings of Palil-ēreš, between Sirqu and Ḫindānu … (Iraq 30 [1968] 142:13)"" ⇒ AD VAR, POLITY YOK. Eski t=-810 yön hatası: tanık Adad-nārārī III saltanatının (810–783) HERHANGİ bir yılında olabilir ⇒ güvenli ÜST sınır -783, -810 değil. -810 iç nota geçti. Aššurnaṣirpal II ile eyaletleşme (≤859) RlA'ca DESTEKLENMİYOR: ""presumably therefore this was not a very successful campaign, although it did not prevent Aššur-naṣir-apli from including the land of L. in its entirety among his conquests in his standard inscriptions"" ⇒ kraliyet İDDİASI, eyaletleşme değil. §3: ""The land of L. was never under one ruler, and was at best a loose confederation of Aramaean sheikhs"" ⇒ tür ""emirlik"" şüpheli: tek polity değil KONFEDERASYON (ÖLÇÜLMEDİ, koordinatöre). · f ARALIK/YÖN DÜZELTME (D206 tanık hâli): -911- → -891- ÜST SINIR — İLK anılış Adad-nārārī II saltanatında (911–891) ⇒ f ≤ 891 (ÜST); -911 ALT etiketliydi — ilk tanıklık var olmanın EN GEÇ tarihini verir · KOORDİNATÖR HÜKMÜ: konfederasyon BOYANIR (19/21 emsal boyalı); ic_not AYNEN: ""The land of L. was never under one ruler, and was at best a loose confederation of Aramaean sheikhs"" (RlA 6 s.494 Postgate) · MENZİL ŞARTI: toprak yalnız üyelerin attested olduğu yere kadar (Sirqu, Ṣupru, Aqarbani, Kipina, Sūru/Bīt-Ḫalupê — RlA 6 s.493 tablosu)",yeni-asur,≥-911 (Adad-nārārī II saltanatı 911–891),"≤-783 (eyalet tanığı Palil-ēreš/Nergal-ēreš, Iraq 30 142:13, Adad-nārārī III saltanatı) — ≤-859 GERİ ÇEKİLDİ (RlA: kampanya başarısız, yalnız iddia)",K1 MEZOPOTAMYA
nippur,Nippur — POLİTY DEĞİL (din merkezi),—,—,—,—,—,—,—,—,—,—,"RlA 9 s.534 Klein https://publikationen.badw.de/de/rla/a/9.561.jpg 'N. had never been a seat of a king, nor was it a capital of an independent state'",—,listeye alınmadı / bulunamadı,"YOK (aranmadı değil: arandı, bulunamadı — bkz. SUZEREN-KANIT §2)",,,K1 MEZOPOTAMYA
der,Dēr,—,—,—,—,—,—,—,—,—,—,bulunamadı — Britannica yalnız Ur III sonrası yerel hükümdar; tarih YOK; RlA 'Der' (1938) okunmadı,—,listeye alınmadı / bulunamadı,"YOK (aranmadı değil: arandı, bulunamadı — bkz. SUZEREN-KANIT §2)",,,K1 MEZOPOTAMYA
kaldu,Keldani (Kaldu) kabileleri — tek polity DEĞİL,—,—,—,—,—,—,—,—,—,—,RlA 5 s.291 Edzard 'seit Anfang des 9. Jh. v. Chr. bezeugt' — bitiş YOK,—,listeye alınmadı / bulunamadı,yeni-asur ; yeni-asur,-850 ; ≥-744 (Tiglath-pileser III saltanatı 744–727; Šapīya kuşatması),ÖLÇÜLEMEDİ ; -721,K1 MEZOPOTAMYA
suhu,Suḫu,—,—,—,—,—,—,—,—,—,—,bulunamadı — RlA'da madde yok,—,listeye alınmadı / bulunamadı,yeni-asur,≥-911 (Adad-nārārī II saltanatı 911–891),ÖLÇÜLEMEDİ,K1 MEZOPOTAMYA
hitit-1595,Hitit — POLİTY DEĞİL (1595 akını OLAY),—,—,—,—,—,—,—,—,—,—,Met Babylon (Seymour),—,listeye alınmadı / bulunamadı,"YOK (aranmadı değil: arandı, bulunamadı — bkz. SUZEREN-KANIT §2)",,,K1 MEZOPOTAMYA
babil-ara,Babil Krallığı (İsin II / II. Deniz Ülkesi sonrası ara dönem),krallık,ÖLÇÜLEMEDİ,ÖLÇÜLEMEDİ,YOK,YOK,bulunamadı,bulunamadı,Babil,deniz-ulkesi-ii,yeni-babil,"KAMP-MEZOPOTAMYA-BABIL-DILIM.md (ABC 1, 1B, 2, 14, 15, 16; Uruk Kral Listesi; RlA Brinkman/Frame/Frahm maddeleri)",—,"KOORDİNATÖR HÜKMÜ: 1005–626 deliği için hanedan künyelerinin YANINA açıldı (birleştirme ayrı iş). f/t ÖDÜNÇ UÇ YAZILMADI: deniz-ulkesi-ii sonu (1005) ve yeni-babil başı (626-11-23) KOMŞU künyelerin uçları. Kendi tanığı Babil Kral Listesi A (CT 36, 25) geçiş satırı AÇILMADI ⇒ f, t ÖLÇÜLEMEDİ, aralık __BOSLUK__ · 732→626 yıl yıl durum tablosu BABIL-DILIM.md: v:asur-tabi 46 YIL · BAGIMSIZ 26 · v:asur-cifte 25 · OLCULEMEDI 9 · v:elam 1 (=107 YIL, 18 saltanat satırı)",yeni-asur ; elam-yeni,,,K1 MEZOPOTAMYA
patina,Patina (Unqi) Krallığı,krallik,-857-01-01,-830-01-01,SALTANAT,SALTANAT,-857-01-01,-831-01-01,Kinalua/Kunulua (Tell Tayinat),bulunamadı,bulunamadı,"KAMP-MEZOPOTAMYA-HARAC-UZAT.md (RIMA 2/3 Grayson OCR, SAAS 2, RINAP 1)",yil,"ASGARÎ KÜNYE (koordinatör hükmü): Uçlar Asur haraç tanığından türetilmiş SINIRLARDIR; polity'nin gerçek ömrü ÖLÇÜLEMEDİ. Asgarî künye — K3/K4 tamamlayacak. · ilk sabit yıllı haraç tanığı 857 (Qalparunda), son 831 (Sasi atandı) · t = SON TANIK YILI DAHİL ⇒ t alanı sonraki yılın başı (son tanık yılı dışarıda kalmasın — üreticinin 3. kök nedeninin künye hâli) · sahip_dilim K4 → K3 (koordinatör hükmü: K4 Greko-Romen Akdeniz; Neo-Hitit/Suriye-Anadolu ailesi K3)",yeni-asur,bkz. SUZEREN.csv,bkz. SUZEREN.csv,K3 ANADOLU
samal,Sam'al (Bīt-Gabbari) Krallığı,krallik,-857-01-01,-737-01-01,SALTANAT,SALTANAT,-857-01-01,-738-01-01,Sam'al (Zincirli),bulunamadı,bulunamadı,"KAMP-MEZOPOTAMYA-HARAC-UZAT.md (RIMA 2/3 Grayson OCR, SAAS 2, RINAP 1)",yil,"ASGARÎ KÜNYE (koordinatör hükmü): Uçlar Asur haraç tanığından türetilmiş SINIRLARDIR; polity'nin gerçek ömrü ÖLÇÜLEMEDİ. Asgarî künye — K3/K4 tamamlayacak. · ilk 857 (Haiianu), son 738 (Panammû, TP III listesi); 853–738 arası BOŞLUK (25 YIL aleyhte delil + 88 YIL ölçülemedi, SUZEREN-BOSLUK.csv) — künye aralığı tâbilik iddiası DEĞİL, varlık sınırı · t = SON TANIK YILI DAHİL ⇒ t alanı sonraki yılın başı (son tanık yılı dışarıda kalmasın — üreticinin 3. kök nedeninin künye hâli) · sahip_dilim K4 → K3 (koordinatör hükmü: K4 Greko-Romen Akdeniz; Neo-Hitit/Suriye-Anadolu ailesi K3)",yeni-asur,bkz. SUZEREN.csv,bkz. SUZEREN.csv,K3 ANADOLU
kummuh,Kummuh (Kommagene) Krallığı,krallik,-866-01-01,-737-01-01,SALTANAT,SALTANAT,-866-01-01,-738-01-01,bulunamadı,bulunamadı,bulunamadı,"KAMP-MEZOPOTAMYA-HARAC-UZAT.md (RIMA 2/3 Grayson OCR, SAAS 2, RINAP 1)",yil,"ASGARÎ KÜNYE (koordinatör hükmü): Uçlar Asur haraç tanığından türetilmiş SINIRLARDIR; polity'nin gerçek ömrü ÖLÇÜLEMEDİ. Asgarî künye — K3/K4 tamamlayacak. · ilk 866 (Qatazili, eponim Šamaš-nūrī), son 738 (TP III listesi); 708 ilhakı OLAY-C'de (""Kummuhu alındı ve vali atandı"") ⇒ t ≥738 ile 708 arası K3 tamamlayacak · t = SON TANIK YILI DAHİL ⇒ t alanı sonraki yılın başı (son tanık yılı dışarıda kalmasın — üreticinin 3. kök nedeninin künye hâli)",yeni-asur,bkz. SUZEREN.csv,bkz. SUZEREN.csv,K3 ANADOLU
qatnu,Qatnu (Habur) beyliği,krallik,-894-01-01,-877-01-01,SALTANAT,SALTANAT,-894-01-01,-878-01-01,Qatnu (Habur — konum DOĞRULANMADI),bulunamadı,bulunamadı,"KAMP-MEZOPOTAMYA-HARAC-UZAT.md (RIMA 2/3 Grayson OCR, SAAS 2, RINAP 1)",yil,"ASGARÎ KÜNYE (koordinatör hükmü): Uçlar Asur haraç tanığından türetilmiş SINIRLARDIR; polity'nin gerçek ömrü ÖLÇÜLEMEDİ. Asgarî künye — K3/K4 tamamlayacak. · ilk 894 (Amīl-Adad ""my vassal""), son 878; ≥797 Nergal-ēreš eyaleti (②) — Habur K1 coğrafyası ⇒ sahip K1 · t = SON TANIK YILI DAHİL ⇒ t alanı sonraki yılın başı (son tanık yılı dışarıda kalmasın — üreticinin 3. kök nedeninin künye hâli)",yeni-asur,bkz. SUZEREN.csv,bkz. SUZEREN.csv,K1 MEZOPOTAMYA
bit-zamani,Bīt-Zamani (Amedi) beyliği,krallik,-886-01-01,-878-01-01,SALTANAT,SALTANAT,-886-01-01,-879-01-01,Amedi (Diyarbakır),bulunamadı,bulunamadı,"KAMP-MEZOPOTAMYA-HARAC-UZAT.md (RIMA 2/3 Grayson OCR, SAAS 2, RINAP 1)",yil,"ASGARÎ KÜNYE (koordinatör hükmü): Uçlar Asur haraç tanığından türetilmiş SINIRLARDIR; polity'nin gerçek ömrü ÖLÇÜLEMEDİ. Asgarî künye — K3/K4 tamamlayacak. · ilk 886 (Amme-baʾli, Assur'a yemin), son 879 (Ilānu yıllık haraçla atandı); 866 kuşatma = isyan · t = SON TANIK YILI DAHİL ⇒ t alanı sonraki yılın başı (son tanık yılı dışarıda kalmasın — üreticinin 3. kök nedeninin künye hâli)",yeni-asur,bkz. SUZEREN.csv,bkz. SUZEREN.csv,K3 ANADOLU
