kimlik_onerisi,ad,tur,f,t,tarih_turu_f,tarih_turu_t,sinir_yonu_f,sinir_yonu_t,merkez,oncul,ardil,kaynak,kesinlik,not,tip_gerekce_f,tip_gerekce_t,okuyucu
karkamis,"Karkamış (Kargamiš/Carchemish, Demir Çağı krallığı)",krallik,-1076-01-01,-717-01-01,SALTANAT,OLAY,ÜST,,Karkamış (Jerablus/Karkamış höyüğü),Hitit Karkamış genel valiliği (Talmi-Teššub → Kuzi-Teššub),Asur eyaleti Karkamış (691 valisi),"f: https://archive.org/download/AssyrianRulersOfTheEarlyFirstMillenniumBc11114-859Bc/A.Kirk_Grayson_Assyrian_Rulers_of__Early_First_MBookFi.org_djvu.txt (TP I; OCR l.9868-9871) “Upon my return I became lord of the entire land Hatti (and) imposed upon Ini-Tesub, king of the land Hatti, tax, tribute, and (impost consisting of) cedar beams.” + https://publikationen.badw.de/de/rla/a/5.471.jpg (RlA 5 s.434) “Tiglath-pileser I, crossing the Euphrates c. 1100 B.C., encountered and took tribute from an Ini-Tešub … King of the land of Ḫatti … This is assumed to refer to K., which to the Assyrians was the beginning of Ḫatti, and the royal name alone implies some continuity with the Hittite dynasty.” + https://publikationen.badw.de/de/rla/a/13.501.jpg (RlA 13 s.426 Talmi-Teššub) “T., König von Karkamiš, Sohn des Ini-Teššub und Vater des Kuzi-Teššub (2. Hälfte des 13. Jhs., Zeitgenosse des heth. Großkönigs Šuppiluliuma II.) … Lidar Höyük (Li. 85, Siegel von seinem Sohn und Nachfolger Kuzi-Teššub)” | t: https://oracc.museum.upenn.edu/rinap/rinap2/Q006482/html (Sargon II Annals l.72-76) “In my fifth regnal year, Pisīri(s) the city Carchemish sinned against the treaty (sworn) by the great gods … brought him, together with his family, out in bondage … I settled people of Assyria in the city Carchemish and imposed the yoke of the god Aššur, my lord, upon them.” + https://oracc.museum.upenn.edu/saao/saas2/Q004243/html “(691 BC) Bēl-ēmuranni [""] Carchemish”",t yüksek; f orta,"f: ÜST sınır (f ≤ MÖ 1076): ‘Hatti kralı’ Ini-Teššub Tiglat-pileser I saltanatında (RlA 8: 1114–1076, Asur Kral Listesi kronolojisi; MÖ 911 öncesi) İLK anılış ⇒ saltanat SONU. Hatti=Karkamış eşlemesi RlA'nın varsayımı (‘assumed’). Kuzi-Teššub (Talmi-Teššub'un oğlu, Šuppiluliuma II çağdaşının oğlu) mühürleri tarihsiz ⇒ ③ ÖLÇÜLEMEDİ; hanedan sürekliliği gösterir, doğuş tarihi vermez. Ayrı bir Hitit-sonrası ‘kuruluş’ olayı yok; polity Hitit valiliğinin devamı. t: ① OLAY 717 = Sargon II 5. saltanat yılı (1. yıl=721; RINAP 2 notu: 2. yıl=720). Tür DEVİR: ‘settled people of Assyria … imposed the yoke’ (iskân+boyunduruk) ⇒ eyalet; 691 eponim valisi teyit.",-1076-01-01 || SALTANAT,-717-01-01 || OLAY,A-neohitit
patina,Patina / Unqi (Pattin; başkent Kunulua/Kinalua),krallik,-859-01-01,-738-01-01,SALTANAT,OLAY,ÜST,,Kunulua/Kinalua (Tell Tayinat),"Palistin/Walistin (Taita krallığı, 11.–10. yy, ③)",Asur eyaleti Kullania (684 valisi),"f: https://archive.org/download/AssyrianRulersOfTheEarlyFirstMillenniumBc11114-859Bc/A.Kirk_Grayson_Assyrian_Rulers_of__Early_First_MBookFi.org_djvu.txt (ANP II A.0.101.1 iii 71-77; K1 HARAC-UZAT) “I approached the city Kunulua, the royal city of Lubarna, the Patinu. He took fright … and submitted to me to save his life.” + https://publikationen.badw.de/de/rla/a/14.401.jpg (RlA 14 s.338 Unqi) “this designated a kingdom in the ʿAmūq centring on Tall Taʿyīnāt, ruled in the 11th–10th cent. by two kings named Taita” | t: https://oracc.museum.upenn.edu/rinap/rinap1/Q003425/html (TP III no.12 l.11'-12') “I reorganized [the city] Kinalia (Kunalua), s[ubdued] the land Unqi to its full extent, [...], (and) placed [... eunuchs of] mine as provincial governors over them.” + https://oracc.museum.upenn.edu/saao/saas2/Q007771/html “(738 BC) Adad-bēlu-kaʾʾin governor (of Ashur) Kullani captured.” + https://publikationen.badw.de/de/rla/a/14.401.jpg “when the kingdom was annexed as an Ass. province in 738 served to designate it in the metathesized form Kullani(a)”",t yüksek; f orta,"f: ÜST (f ≤ 859): Aššurnaṣirpal II (883–859) saltanatında ilk Asur anılışı ⇒ saltanat SONU. Taita/Palistin (11.–10. yy) ③ dönem tarihi; aynı devletin öncülü olduğu RlA'da ‘evidence suggests’ düzeyinde ⇒ öncül alanında, tarih yok. t: ① OLAY 738 (eponim kroniği ‘Kullani captured’ + RINAP 1 tarihsel özet ‘738: Year 7 … Unqi and Hatarikka annexed’). DEVİR: ‘placed eunuchs … as provincial governors’.",-859-01-01 || SALTANAT,-738-01-01 || OLAY,A-neohitit
samal,Samʾal / Bīt-Gabbari / Yʾdy (Zincirli),krallik,-858-01-01,-681-01-01,SALTANAT,SALTANAT,ÜST,ÜST,Samʾal (Zincirli),bulunamadı,Asur eyaleti Samʾal,"f: https://archive.org/download/AssyrianRulersOfTheEarlyFirstMillenniumBc858-754Bc/A._Kirk_Grayson_Assyrian_Rulers_of_the_Early_FirBookFi.org_djvu.txt (A.0.102.2 i 41b-51a; K1) “I approached the city Lutibu, the fortified city of Haiianu, the Sam'alite.” + https://publikationen.badw.de/de/rla/a/11.653.jpg (RlA 11 s.602) “GBR is identified with Gabbār the eponymous founder of the line, dating to end 10th – beginning 9th cent.” | t: https://oracc.museum.upenn.edu/saao/saas2/Q004243/html “(681 BC) Nabû-ahhē-ēreš [""] Samʾal” + https://publikationen.badw.de/de/rla/a/11.652.jpg (RlA 11 s.601) “S. was annexed as an Assyrian province at uncertain date and circumstances …, but seemingly at least by the time of Sargons's Tabal campaign of 713 … A governor of S., Nabû-aḫḫē-ēreš, held the eponymy in 681” | t ALT: https://oracc.museum.upenn.edu/rinap/rinap1/Q003427/html “Panammû of the city Samʾal” (738)",orta,"f: ÜST (f ≤ 858): ilk sabit tanık Şalmaneser III 1. yıl (858); kurucu Gabbar ‘10. yy sonu–9. yy başı’ ③ ÖLÇÜLEMEDİ. t: ÜST (t ≤ 681): ilhak olayı kaynakta YOK (RlA: ‘uncertain date’); 681 eponimi Samʾal valisi ⇒ en geç 681'de eyalet. RlA'nın ‘seemingly … by 713’ önerisi parça prizmaya dayalı, sınır yapılmadı. ALT: t ≥ 738 (Panammu II haraç listesinde). Aralık 738–681.",-858-01-01 || SALTANAT,-681-01-01 || SALTANAT,A-neohitit
kummuh,Kummuh (Kommagene),krallik,-866-01-01,-708-01-01,SALTANAT,OLAY,ÜST,,Kummuh (Samsat? — RlA: ‘questioned’),bulunamadı,Asur eyaleti Kummuh,"f: https://archive.org/download/AssyrianRulersOfTheEarlyFirstMillenniumBc11114-859Bc/A.Kirk_Grayson_Assyrian_Rulers_of__Early_First_MBookFi.org_djvu.txt (A.0.101.1 iii 92b-96, OCR l.29300-29311) “In the eponymy of Samas-nuri … At that time I received cedar logs, silver, (and) gold, the tribute of Qatazili, the Kummuhu.” + https://publikationen.badw.de/de/rla/a/6.371.jpg (RlA 6 s.338) “The earliest attestation of K. appears to be a fragment of inscribed stone attributed to Tukulti-Ninurta I … No further reference is found until Aššur-nāṣir-apli in 866 B.C.” | t: https://oracc.museum.upenn.edu/saao/saas2/Q007771/html “(708 BC) [Šamaš-u]paḫ[ḫir governor of Ḫabrū]ri The city Kummuḫu was captured; a provincial governor was appointed.” + https://oracc.museum.upenn.edu/rinap/rinap2/Q006488/html (Display l.112b-117) “I reorganized (the administration of) that district. I settled there people of the land Bīt-Yakīn that I had conquered. I set a eunuch of mine as provincial [gove]rnor over them.”",yüksek,f: ÜST (f ≤ 866): ilk hükümdar tanığı 866 (eponim Šamaš-nūrī). Tukulti-Ninurta I'deki ‘KUR Kummuḫi’ yalnız coğrafi ad (MÖ 911 öncesi; polity kanıtı değil) — kullanılmadı. t: ① OLAY 708 (eponim kroniği; RINAP 2 notu ‘Sargon’s fourteenth regnal year (708)’). DEVİR: ‘captured; a provincial governor was appointed’.,-866-01-01 || SALTANAT,-708-01-01 || OLAY,A-neohitit
gurgum,Gurgum (başkent Marqas/Maraş; hanedan Bīt-Paʾalla),krallik,-858-01-01,-711-01-01,SALTANAT,OLAY,ÜST,,Marqas (Kahramanmaraş),bulunamadı,Asur eyaleti Gurgum/Marqasi (682 valisi),"f: https://archive.org/download/AssyrianRulersOfTheEarlyFirstMillenniumBc858-754Bc/A._Kirk_Grayson_Assyrian_Rulers_of_the_Early_FirBookFi.org_djvu.txt (A.0.102.2 i 40-41a) “I approached the cities of Mutallu, the Gurgumite. I received tribute from Mutallu, the Gurgumite: silver, gold, oxen, sheep, wine, (and) his daughter with her rich dowry.” | t: https://oracc.museum.upenn.edu/rinap/rinap2/Q006488/html (Display l.83b-89) “I counted his heir Mutallu as booty, together with the (ruling) family of the land Bīt-Paʾalla … I reorganized (the administration of) the people of the land Gurgum, to its full extent. I set a eunuch of mine as provincial governor over them and considered them as people of Assyria.” + not 35: “The campaign against Tarḫu-lara of Gurgum is dated to Sargon’s eleventh regnal year (711)” + https://oracc.museum.upenn.edu/saao/saas2/Q007771/html “(711 BC) … Against the city Marqasa.” + https://oracc.museum.upenn.edu/saao/saas2/Q004243/html “(682 BC) Nabû-šarru-uṣur [""] Marqasi”",yüksek,f: ÜST (f ≤ 858): ilk anılış Şalmaneser III 1. yıl. RlA 3 ‘1. Jahr (860)’ eski tarihleme — kullanılmadı. t: ① OLAY 711 (Sargon 11. yıl; eponim kroniği ‘Against the city Marqasa’). DEVİR (vali + ‘people of Assyria’). RlA 3'ün ‘710’u eski tarihleme.,-858-01-01 || SALTANAT,-711-01-01 || OLAY,A-neohitit
melid,Melid (Malatya; Kammanu),krallik,-1076-01-01,-712-01-01,SALTANAT,OLAY,ÜST,,Melid (Arslantepe),Hitit Mal(i)tiya (RlA: ‘probably represents the continuation’),kummuh (Melid kenti) + Asur eyaleti Kammanu/Til-garimmu; sonra melid-2,"f: https://archive.org/download/AssyrianRulersOfTheEarlyFirstMillenniumBc11114-859Bc/A.Kirk_Grayson_Assyrian_Rulers_of__Early_First_MBookFi.org_djvu.txt (TP I A.0.87.1 v 33-41, OCR l.4790-4836) “I marched to the rebellious and insubmissive city Milidia of the land Hanigalbat. Frightened by my strong belligerent attack they submitted to me … I took hostages, I imposed upon them as … uninterrupted annual tribute one homer of lead” + https://publikationen.badw.de/de/rla/a/8.65.jpg (RlA 8 s.36) “Tiglath-pileser I (1114-1076 B.C.), returning in his 4th year from a campaign to the Black Sea received the submission of M.” | t: https://oracc.museum.upenn.edu/rinap/rinap2/Q006482/html (Annals l.204b-221) “In [m]y tenth regnal year, (as for) Tarḫun-[azi of the city Melid …] … I g[ave] his (Tarḫun-azi’s) royal city [Meli]d, as well as the district [in its environs, (...) to] Mut[al]lu of the land Kummuḫu.” + https://oracc.museum.upenn.edu/rinap/rinap2/Q006488/html not 34 “The Assyrian campaign against Tarḫun-azi of Melid occurred during Sargon’s tenth regnal year (712)” + Display “I had Sutians … occupy the land Kammanu in its entirety and I (thus) expanded my territory. I assigned that land to the authority of a eunuch of mine”",t yüksek; f orta,"f: ÜST (f ≤ 1076): TP I saltanatında ilk anılış (RlA ‘4th year’ ≈1110 ama AKL kronolojisine bağlı; MÖ 911 öncesi) ⇒ güvenli olarak saltanat SONU yazıldı. Kuzi-Teššub torunları Melid'de (Gürün/Kötükale) — RlA 8 s.41 ‘would settle the question’ ⇒ ③. t: ① OLAY 712 (Sargon 10. yıl). DEVİR: başkent Melid Kummuh'a VERİLDİ (‘I gave … to Mutallu’), Kammanu eyalet. Mugallu döneminde yeniden bağımsız Melid ⇒ ayrı satır melid-2.",-1076-01-01 || SALTANAT,-712-01-01 || OLAY,A-neohitit
melid-2,"Melid (Mugallu dönemi, yeniden bağımsız krallık)",krallik,-675-01-01,ÖLÇÜLEMEDİ,SALTANAT,YOK,ÜST,,Melid,kummuh / Asur (708 sonrası) — kopuş tarihi bulunamadı,tabal-2 ile birleşmiş olabilir (RlA: ‘possible’),f: https://www.livius.org/sources/content/mesopotamian-chronicles-content/abc-14-esarhaddon-chronicle/ “[18] The sixth year: [675/674.] The army of Assyria marched to Milidu and encamped against Mugallu.” + https://publikationen.badw.de/de/rla/a/8.68.jpg (RlA 8 s.39) “at least by the reign of Esarhaddon the city M. was held by a hostile king Mugallu … It is possible that Mugallu succeeded in uniting M. and Tabal in a kingdom … he seems to have survived to be succeeded by his son […]ussi.”,düşük,f: ÜST (f ≤ 675): Esarhaddon 6. yılı (675/674) Mugallu Melid'de ⇒ en geç 675'te bağımsız. 708 sonrası Asur'dan kopuş tarihi bulunamadı (RlA: ‘may have been lost to Assyria at the death of Sargon’ — tahmin). t: bulunamadı.,-675-01-01 || SALTANAT,ÖLÇÜLEMEDİ || YOK,A-neohitit
tabal,Tabal / Bīt-Burutaš (Ḫulli–Ambaris krallığı),krallik,-836-01-01,-713-01-01,SALTANAT,OLAY,ÜST,,bulunamadı (Kululu? — RlA: ‘nicht gesichert’),bulunamadı,Asur eyaleti Bīt-Burutaš (713–705?) → tabal-2,"f: https://oracc.museum.upenn.edu/saao/saas2/Q007771/html “(836 BC) [Qurdi-Aššur] [governor of] Raqmat to Tabal.” + https://archive.org/download/AssyrianRulersOfTheEarlyFirstMillenniumBc858-754Bc/A._Kirk_Grayson_Assyrian_Rulers_of_the_Early_FirBookFi.org_djvu.txt (A.0.102.14 l.104b-107a) “In my twenty-second regnal year I crossed the Euphrates for the twenty-second time (and) went down to the land Tabal. At that time I received gifts from twenty-four kings of the land Tabal.” + https://publikationen.badw.de/de/rla/a/13.464.jpg (RlA 13 s.389) “T. wird in rund 80 inschriftl. Zeugnissen … von Salmanassar III. (ab 836) bis Assurbanipal (ca. 638) erwähnt” | t: https://oracc.museum.upenn.edu/rinap/rinap2/Q006488/html (Display l.29b-31) “I took Amris (Ambaris) to Assyria, (along) with (his) family … I settled there Assyrians who respect my authority. I set a eunuch of mine as provincial governor over them and I imposed tribute and payment(s) upon them.” + https://publikationen.badw.de/de/rla/a/13.464.jpg “713 konspiriert Ambaris mit Phrygien und Urartu: Bīt-Purutaš wird von ass. Truppen besetzt und Ambaris mit seiner Familie nach Assyrien deportiert. Bīt-Purutaš wird als Provinz in das ass. Reich eingegliedert.”",t yüksek; f orta,f: ÜST (f ≤ 836): ilk anılış Şalmaneser III. Kara Obelisk ‘22. yıl’ (859−22=837) ile eponim kroniği ‘836 to Tabal’ arasında bilinen kayma; güvenli olan 836 yazıldı. ‘Tabal’ çok krallıklı bölge adı (24 kral); bu satır merkezî Tabal/Bīt-Burutaš hanedanını temsil eder. t: ① OLAY 713 (Sargon annalinde 8. yıl [714] ile 10. yıl [712] arasındaki 9. yıl bölümü; ‘ninth regnal year’ başlığı restore; RlA 713). DEVİR: ‘eunuch … as provincial governor’.,-836-01-01 || SALTANAT,-713-01-01 || OLAY,A-neohitit
tabal-2,Tabal (Asur eyaletinden kopmuş yeniden bağımsız krallık; Mugallu ve oğlu),krallik,ÖLÇÜLEMEDİ,-668-01-01,YOK,SALTANAT,,ALT,bulunamadı,Asur eyaleti Bīt-Burutaš (tabal),bulunamadı (RlA: ‘verschwindet T. von der politischen Karte’),"https://publikationen.badw.de/de/rla/a/13.464.jpg (RlA 13 s.389) “Nach dem Tod Sargons II. im Jahre 705 vermutlich in T. … erlangt T./Bīt-Purutaš wieder die Selbständigkeit (schon 711?, s. Fuchs, Sg. 462f.).” + https://publikationen.badw.de/de/rla/a/13.465.jpg (s.390) “Ca. 668 schickt Mugallu, der hier als König von T. tituliert wird … freiwillig Tribut und eine seiner Töchter nach Assyrien. Ca. 640 verbündet sich […]ussi, Sohn des Mugallu, mit dem Kimmerierfürsten T/Dugdamme. Mit dessen Tod nach einer Niederlage verschwindet T. von der politischen Karte.”",düşük,f: ÖLÇÜLEMEDİ — RlA ‘vermutlich’ 705 + ‘schon 711?’ (kaynak kararsız) ⇒ ne olay ne sınır yazılabildi. t: ALT (t ≥ 668): Assurbanipal (668–631) saltanatında ‘König von T.’ Mugallu hâlâ var ⇒ saltanat BAŞI. ‘Ca. 640’ son anılış ikincil/yaklaşık ⇒ yazılmadı.,ÖLÇÜLEMEDİ || YOK,-668-01-01 || SALTANAT,A-neohitit
que,Que / Hiyawa (Adana ovası; Danuna),krallik,-858-01-01,-709-01-01,SALTANAT,SALTANAT,ÜST,ÜST,Adana (Hiyawa/Adanawa),Kizzuwatna (Hitit; bağ ③),Asur eyaleti Que (685 valisi) → Yeni-Babil Ḫume,"f: https://archive.org/download/AssyrianRulersOfTheEarlyFirstMillenniumBc858-754Bc/A._Kirk_Grayson_Assyrian_Rulers_of_the_Early_FirBookFi.org_djvu.txt (A.0.102.1 64'b-80', rima3 OCR l.2985-2994; 858 = Şalmaneser III 1. yıl) “Sapalulme, the Patinean, [received] into [his] armed forces Ahunu, the man of Bit-Adini, Sangara, the Carchemishite, [Ha]iianu, the Safm^alite], Kate (Katia), the Quean, Pihirim, the Hilukean, Bur-Anate, the Iasbuqean, (and) Adanu, the Iahanean. By the command of Assur, my lord, (70') I scattered their assembled forces.” + https://publikationen.badw.de/de/rla/a/11.242.jpg (RlA 11 s.191) “it first appears in the inscriptions of Shalmaneser III. In 858 its king Kate was a member of the anti-Assyrian alliance” | t: https://publikationen.badw.de/de/rla/a/11.243.jpg (RlA 11 s.192) “When Q. became an Assyrian province under a governor is not explicitly reported in the inscriptions either of Tiglath-pileser or Sargon, but the terminus ante quem is 709 … The position of the king Urik(ki) at this date is also uncertain” + https://oracc.museum.upenn.edu/rinap/rinap2/Q006488/html (Display l.149b) “a eunuch of mine, the governor of the land Que (Cilicia), marched … three times into the territory of Mitâ (Midas) of the land Musku.” | t ALT: https://oracc.museum.upenn.edu/rinap/rinap1/Q003427/html “Urikki (Uriaikki) of the land Que” (738)",orta,f: ÜST (f ≤ 858). t: ÜST (t ≤ 709): eyaletleşme OLAYI kaynakta yok; Sargon'un Bīt-Yakīn savaşı (710–709) sırasında ‘governor of the land Que’ ⇒ en geç 709. ALT: t ≥ 738 (Urikki haraç listesinde). Aralık 738–709. 705 sonrası kayıp / 696'da geri alma (RlA) eyalet içi olay.,-858-01-01 || SALTANAT,-709-01-01 || SALTANAT,A-neohitit
hilakku,Ḫilakku (Kilikya Trakheia / Toros halkı-ülkesi),krallik,-858-01-01,-668-01-01,SALTANAT,SALTANAT,ÜST,ALT,bulunamadı,bulunamadı,bulunamadı (Yeni-Babil Pirindu kısmen — RlA ‘disputed’),"f: https://archive.org/download/AssyrianRulersOfTheEarlyFirstMillenniumBc858-754Bc/A._Kirk_Grayson_Assyrian_Rulers_of_the_Early_FirBookFi.org_djvu.txt (A.0.102.1 64'b-80', rima3 OCR l.2985-2994; 858 = Şalmaneser III 1. yıl) “Sapalulme, the Patinean, [received] into [his] armed forces Ahunu, the man of Bit-Adini, Sangara, the Carchemishite, [Ha]iianu, the Safm^alite], Kate (Katia), the Quean, Pihirim, the Hilukean, Bur-Anate, the Iasbuqean, (and) Adanu, the Iahanean. By the command of Assur, my lord, (70') I scattered their assembled forces.” + https://publikationen.badw.de/de/rla/a/4.431.jpg (RlA 4 s.402) “Shalmaneser III, opposed in 858 B.C. by a Samʾal-led coalition, named ‘Piḫirim the Ḫilukite’ as one of the confederates” | t: https://publikationen.badw.de/de/rla/a/4.432.jpg (RlA 4 s.403) “He stated only that the king of Ḫ., Sandašarme, sent his daughter with dowry to Nineveh for the royal harem, as did also the king of Tabal … After the fall of Assyria the name Ḫ. does not reappear.”",düşük,"tur: RlA ‘Ḫ. remained the name of a people and an area’, şehir-devleti değil — krallik kabaca. f: ÜST (f ≤ 858). t: ALT (t ≥ 668): Assurbanipal saltanatında ‘king of Ḫ.’ Sandašarme ⇒ saltanat BAŞI. Gerçek son bulunamadı. 713 Sargon ‘eyalet’ iddiası RlA'ya göre ‘hollow’ ⇒ son sayılmadı.",-858-01-01 || SALTANAT,-668-01-01 || SALTANAT,A-neohitit
masuwari,Masuwari (Til-Barsip Luvi hanedanı; Hapatila–Hamiyata),krallik,ÖLÇÜLEMEDİ,-858-01-01,DONEM,SALTANAT,,ÜST,"Masuwari (Til-Barsip, Tell Ahmar)",bulunamadı,bit-adini,"https://publikationen.badw.de/de/rla/a/14.99.jpg (RlA 14 s.36) “Seven Luw. inscriptions … indicate the existence of a ‘Masuwarean’ dynasty, spanning four generations and possibly six kings … The chronology of the Masuwari inscriptions is essentially based on iconographic-stylistic criteria, and points in general to a late 10th–early 9th cent. date … it may be suggested that the dynasty in Masuwari was dethroned by Aram. forces” | t: https://archive.org/download/AssyrianRulersOfTheEarlyFirstMillenniumBc858-754Bc/A._Kirk_Grayson_Assyrian_Rulers_of_the_Early_FirBookFi.org_djvu.txt (A.0.102.2 i 29b-36a, 858) “I approached the city Til-Barsip, the fortified city of Ahunu, the man of Blt-Adini.”",düşük,f: ③ ÖLÇÜLEMEDİ (üslup tarihi). t: ÜST (t ≤ 858): 858'de Til-Barsip Bīt-Adini'li Ahunu'nun ⇒ Luvi hanedanı en geç 858'de bitmiş. Suriye'de (Fırat doğu yakası) ama Neo-Hitit/Luvi ailesinden — kapsam: sınırda.,ÖLÇÜLEMEDİ || DONEM,-858-01-01 || SALTANAT,A-neohitit
bit-adini,Bīt-Adini (Aramî; Til-Barsip/Ahunu),beylik,-891-01-01,-855-01-01,SALTANAT,OLAY,ÜST,,Til-Barsip (Tell Ahmar),masuwari (Til-Barsip için),Asur: Kār-Šulmānu-ašarēd,"f: https://archive.org/download/AssyrianRulersOfTheEarlyFirstMillenniumBc11114-859Bc/A.Kirk_Grayson_Assyrian_Rulers_of__Early_First_MBookFi.org_djvu.txt (Adad-nārārī II A.0.99.2, OCR l.20828-20830; Likberu [898] eponimli bölümden önce) “At that time I received a large female monkey (and) a small female monkey, a shipment from the land Blt-Adini which lies on the bank of the Euphrates.” | t: https://archive.org/download/AssyrianRulersOfTheEarlyFirstMillenniumBc858-754Bc/A._Kirk_Grayson_Assyrian_Rulers_of_the_Early_FirBookFi.org_djvu.txt (A.0.102.2 ii 30b-35a) “in the eponymy of Assur-bela-ka^in … I seized the cities TIl-Barsip, Alligu, [Nappigu], (and) Rugulitu as my royal cities. I settled therein Assyrians … I renamed TIl-Barsip as Kar-Shalmaneser” + (ii 66b-75a, OCR l.4573-4691) “In a second year, the eponymy of Assur-bunaiia-usur, I went after him … I took as my own Ahunu with his troops, chariots, cavalry … and brought (it) to my city, Assur. I regarded them as people of my land.”",t yüksek; f orta,"KAPSAM: Aramî ‘bīt’-devleti, Kuzey Suriye/Fırat kıvrımı — Anadolu'da değil; Masuwari'nin ardılı olduğu için önerildi, atlas kararı koordinatöre. f: ÜST (f ≤ 891, Adad-nārārī II saltanat sonu). t: ① OLAY 855 (eponim Aššur-bunāya-uṣur = 855): Ahunu ele geçirildi, halkı ‘people of my land’ = DEVİR. 856 başkent DEVİR'i kronolojide.",-891-01-01 || SALTANAT,-855-01-01 || OLAY,A-neohitit
bit-zamani,"Bīt-Zamani (Amedu/Diyarbakır, Aramî)",beylik,-886-01-01,-705-01-01,SALTANAT,SALTANAT,ÜST,ÜST,Amedu (Diyarbakır),bulunamadı,Asur eyaleti Amedi,"f: https://archive.org/download/AssyrianRulersOfTheEarlyFirstMillenniumBc11114-859Bc/A.Kirk_Grayson_Assyrian_Rulers_of__Early_First_MBookFi.org_djvu.txt (Tukultī-Ninurta II A.0.100.5 l.11-29, 886 eponimi; K1) “To the city Patiskun [belonging to Ammeba'li], a man of Bit-Zamani, I approached … To save his life he submitted to me … I had him take an oath by Assur, my lord” | t: https://oracc.museum.upenn.edu/saao/saas2/Q004243/html “(705 BC) Nasḫir-bēl "" Amēdi” + t ALT: https://archive.org/download/AssyrianRulersOfTheEarlyFirstMillenniumBc11114-859Bc/A.Kirk_Grayson_Assyrian_Rulers_of__Early_First_MBookFi.org_djvu.txt (A.0.101.1 iii 105-110, 866) “I approached the city Damdammusa, the fortified city of Ilanu, a man of Blt-Zamani … I took the live soldiers (and) the heads to the city Amedu, his royal city” + https://archive.org/download/AssyrianRulersOfTheEarlyFirstMillenniumBc858-754Bc/A._Kirk_Grayson_Assyrian_Rulers_of_the_Early_FirBookFi.org_djvu.txt (Šamšī-Adad V A.0.103.1 i 39-53) “together with the cities Amedu, Tll-abnl, (and) Hindanu, — altogether twenty-seven towns with their fortresses which had rebelled against Shalmaneser (III)”",düşük,"f: ÜST (f ≤ 886). t: ÜST (t ≤ 705, Amedi valisi eponim). ALT: t ≥ 866 (Ilanu'nun ‘royal city’ Amedu). 826–820 isyan listesindeki Amedu ‘rebelled against Shalmaneser’ — eyalet mi vasal mı ayırt edilemez ⇒ sınır olarak KULLANILMADI (K1 bunu ② ilhak göstergesi saymıştı). Aralık 866–705.",-886-01-01 || SALTANAT,-705-01-01 || SALTANAT,A-neohitit
atuna,Atuna / Tuna (Tabal beyliği; Kurti),krallik,-738-01-01,-718-01-01,SALTANAT,SALTANAT,ÜST,ALT,Atuna (Zeyve Höyük/Porsuk? — RlA ‘vermutet’),bulunamadı,bulunamadı,f: https://oracc.museum.upenn.edu/rinap/rinap1/Q003428/html “Ušḫitti of the land (A)tuna” (738 listesi; https://oracc.museum.upenn.edu/rinap/rinap1/rinap1introduction/historicaloverviewtiglathpileseriii/index.html ‘738: … tribute received from all vassal kings of the West’) | t ALT: https://oracc.museum.upenn.edu/rinap/rinap2/Q006482/html (Annals l.68b) “In my fourth regnal year … I gave his royal city Šinuḫtu to Kurtî of the land Atuna.”,orta,"f: ÜST (f ≤ 738, ilk anılış). t: ALT (t ≥ 718, Kurti Šinuḫtu'yu alırken hâlâ kral). Son bulunamadı.",-738-01-01 || SALTANAT,-718-01-01 || SALTANAT,A-neohitit
tuwana,Tuwana / Tuḫana (Warpalawa/Urballa krallığı),krallik,-738-01-01,-738-01-01,SALTANAT,SALTANAT,ÜST,ÜST,"Tuwana (Kemerhisar, Niğde)",Hitit Tuwanuwa,bulunamadı,"https://oracc.museum.upenn.edu/rinap/rinap1/Q003428/html “Urpallâ of the land Tuḫana” (738 listesi) + https://publikationen.badw.de/de/rla/a/14.312.jpg “Par ailleurs, elle est identifiée à la classique Tyana et l’actuelle Kemerhisar … Pour T. à l’Âge du Fer voir Tabal* et Urballa* (Warpalawa).”",düşük,f: ÜST (f ≤ 738). t: ALT (t ≥ 738) — tek sabit tanık; son bulunamadı. Bīt-Burutaš'tan ayrı devlet (RlA Tabal: Tuḫana/Tuwāna ayrı).,-738-01-01 || SALTANAT,-738-01-01 || SALTANAT,A-neohitit
istunda,Ištunda (Tabal şehir-devleti),sehir-devleti,-738-01-01,-738-01-01,SALTANAT,SALTANAT,ÜST,ÜST,bulunamadı,bulunamadı,bulunamadı,https://oracc.museum.upenn.edu/rinap/rinap1/Q003428/html “Tuḫam[me of the city Ištunda]” + https://oracc.museum.upenn.edu/rinap/rinap1/Q003460/html “Tuḫam[mi of the city Ištunda …]”,düşük,f ≤ 738 ÜST; t ≥ 738 ALT (tek tanık). Konum bulunamadı.,-738-01-01 || SALTANAT,-738-01-01 || SALTANAT,A-neohitit
hubisna,"Ḫubišna / Ḫubušna (Kybistra, Ereğli)",sehir-devleti,-836-01-01,-738-01-01,SALTANAT,SALTANAT,ÜST,ALT,"Ḫubišna (Ereğli, Konya)",Hitit Ḫupišna,bulunamadı,"f: https://archive.org/download/AssyrianRulersOfTheEarlyFirstMillenniumBc858-754Bc/A._Kirk_Grayson_Assyrian_Rulers_of_the_Early_FirBookFi.org_djvu.txt (Şalmaneser III 22. yıl anlatısı, A.0.102.16 172'b-181'a, OCR l.14490-14505) “I went down to the cities of Puhame, the IJubusnean (Hubuskaean), (and) approached the city Hubusnu, his royal [city].” | t ALT: https://oracc.museum.upenn.edu/rinap/rinap1/Q003428/html “Urimmi of the city Ḫubišna (Ḫubušnu)”",düşük,f: ÜST (f ≤ 836; ‘22. yıl’=837 vs kronik 836 — güvenli 836). t: ALT (t ≥ 738). Son bulunamadı.,-836-01-01 || SALTANAT,-738-01-01 || SALTANAT,A-neohitit
sinuhtu,Šinuḫtu (Tabal şehir-krallığı; Kiakki),sehir-devleti,-718-01-01,-718-01-01,SALTANAT,SALTANAT,ÜST,ÜST,Šinuḫtu (konum bulunamadı),bulunamadı,atuna,"https://oracc.museum.upenn.edu/rinap/rinap2/Q006482/html (Annals l.68b) “In my fourth regnal year, Kiakki of the city Šinuḫtu disregarded the treaty (sworn) by the great gods and became [di]latory about delivering (his) tribute … I gave his royal city Šinuḫtu to Kurtî of the land Atuna.”",orta,f: ÜST (f ≤ 718; ilk anılış — antlaşma ⇒ önceden vasal). t: ① OLAY 718 (Sargon 4. yıl). DEVİR → Atuna (‘I gave his royal city’).,-718-01-01 || SALTANAT,-718-01-01 || OLAY,A-neohitit
kundu-sissu,"Kundu ve Sissu (Sanduarri krallığı, Kilikya)",krallik,-675-01-01,ÖLÇÜLEMEDİ,SALTANAT,YOK,ÜST,,Kundu (Kuinda/Anavarza? — RlA tartışmalı),bulunamadı,bulunamadı,"https://www.livius.org/sources/content/mesopotamian-chronicles-content/abc-1-from-nabu-nasir-to-samas-suma-ukin/abc-1-2/ “[iv.5] The fifth year: [676/675.] … [iv.7] … In the month Addaru the head of [Sanduarri] the king [iv.8] of Kundu and Sissu was cut off and conveyed to Assyria.” + https://publikationen.badw.de/de/rla/a/11.244.jpg (RlA 11 s.193) “It is generally agreed to locate Kundu and Sissu in Cilicia, but whether eastern or western depends on their identifications with classical toponyms”",düşük,f: ÜST (f ≤ 675; Esarhaddon 5. yılı Addaru ayı ≈ MÖ 675 başı). t: ÖLÇÜLEMEDİ — kralın idamı (SÜRE≠OLAY) polity sonu değil; ilhak ifadesi yok.,-675-01-01 || SALTANAT,ÖLÇÜLEMEDİ || YOK,A-neohitit
uruatri,Uruatri / Uruaṭri (Orta Asur adı),bölge / ülkeler grubu (birleşik devlet DEĞİL),-1273-01-01,ÖLÇÜLEMEDİ,SALTANAT,YOK,ÜST,,bulunamadı,—,"urartu (ad mirası, polity sürekliliği DEĞİL)","RlA 14 s.390 https://publikationen.badw.de/de/rla/a/14.453.jpg — ""Ältester Beleg 1273 bei Salmanassar* I. (§ 2; RIMA 1, 183: 22–46) als kurÚ-ru-aṭ-ri … dort allg. Bezeichnung von acht Ländern"" | eCUT-G — ""the text makes it clear that during this time the region was divided into a plurality of different kingdoms""",orta,Tek devlet değil; sekiz ülkenin genel adı. Polity olarak haritaya boyanması önerilmez; 'bölge' katmanı.,"≤-1273-01-01 || ② İLK ANILIŞ ⇒ ÜST sınır (OK; RlA 14 metni 1273, tablo 1274)",ÖLÇÜLEMEDİ || ÖLÇÜLEMEDİ (son Orta Asur anılışı Aššur-bēl-kala 1074; sonrası 'Urarṭu'),B-urartu
nairi,Nairi ülkeleri (konfederasyon),konfederasyon / beylikler topluluğu,-1208-01-01,-820-01-01,SALTANAT,SALTANAT,ÜST,ALT,yok (çok başlı),uruatri (kısmen örtüşür),urartu (Sarduri I 'king of the land Nairi' unvanı) — süreklilik BELİRSİZ,"RlA 14 s.393 https://publikationen.badw.de/de/rla/a/14.456.jpg — ""Tukultī-Ninurta I. (1244–1208) erwähnt 40 Könige der Nairi-Länder"" | R3 (ŠA V A.0.103.1 ii 16b-34a) — ""He received tribute of teams of horses from all the kings of the land Nairi.""",orta,"t ALT için yıl RlA tablosundan (820), eponimle doğrulanmadı. Nairi adı sonra Ḫubuškia için de kullanılır (eCUT-S1: ""Ḫubuškia, which later was called 'land Nairi'"").","≤-1208-01-01 || ② İLK ANILIŞ (Tukultī-Ninurta I saltanatında) ⇒ ÜST = saltanat sonu; OK, RlA 14 tablosu (1244–1208)",≥-820-01-01 (ALT); ÜST bulunamadı || ② HÂLÂ VAR (Šamšī-Adad V 2. seferi; RlA tablosu 'Ušpina (820)') ⇒ ALT,B-urartu
urartu,Urartu / Biainili (kurBi-a-i-ni-li),krallık,-859-01-01,-646-01-01,SALTANAT,SALTANAT,ÜST,ALT,Arṣaškun (Aramu dönemi) → Ṭušpa (Van Kalesi; Sarduri I'den itibaren),uruatri; nairi,BELİRSİZ (Med? — RlA 'Einverleibung U.s durch Medien' hipotezi; sonunda Ahameniş satraplığı Armina — IR),"RlA 14 s.390 https://publikationen.badw.de/de/rla/a/14.453.jpg — ""Salmanassar* III. … erwähnt in seinem Akzessionsjahr (859) einen Herrscher namens 'Arame der Urartäer'"" | RlA 14 s.393 https://publikationen.badw.de/de/rla/a/14.456.jpg — ""Der letzte ass.-urart. Synchronismus ist 646/642 die Gesandtschaft eines Sarduri* (Ištar/Issār-dūrī) an Assurbanipal; nach diesem Datum verstummen die Keilschriftquellen"" | eCUT-G — ""the kingdom of Urartu existed at least from the middle of the 9 th to the middle of the 7 th century BC"" ; ""When Urartu ceased to exist is still a matter of debate"" | IR — ""Its territory became a part of Media and finally of the Achaemenid Empire (the satrapy Armina) according to the inscription of Darius I""",f: yüksek (sınır) / t: düşük,Kuruluş tarihi YOK: eCUT-G 'probably emerged by the end of the 10 th or the beginning of the 9 th century' = ③ ÖLÇÜLEMEDİ. Salmanassar I'in Uruatri'si (1273) aynı polity DEĞİL (bkz. uruatri). Aššurnaṣirpal II'nin 'bis zum Land U.' anılışı RlA'ya göre 'allg. geogr. Bezeichnung' olabilir ⇒ f kanıtı olarak kullanılmadı. Son hipotezler: IR 'Urartu vanished around 590 B.C.E.' (③); RlA 'erst 547 von Kyros (II.) erobert (Rollinger 2008)' (Nabonid kroniğinde ad yarı restore: kurÚ-[raš-ṭu]).,≤-859-01-01 || ② İLK ANILIŞ (Salmanassar III'ün tahta çıkış yılı 859: 'Arame der Urartäer') ⇒ ÜST,BELİRSİZ: ≥-646-01-01 (ALT) … ≤-486-01-01 (ÜST) || ② ALT = son Asur-Urartu senkronizmi 646/642 (son anılış); ② ÜST = Dareios I saltanatında Urašṭu/Armina Ahameniş satraplığı (RlA: 521–486) ⇒ saltanat SONU; aradaki tarihler (mid-7. yy çöküş / ~590 / 547 Kyros) ③ veya tartışmalı,B-urartu
diauehi,Diauehi / Diaue (Asur: Daiaeni / Daienu),krallık (yayla beyliği),-1076-01-01,-785-01-01,SALTANAT,SALTANAT,ÜST,ALT,bulunamadı,—,urartu? (devir ifadesi açık değil),"R2 (A.0.87.1 v 22-32) — ""I brought Seni, king of the land Daienu, who had not been submissive to the god Assur, my lord, in bonds and fetters to my city ASSur."" | eCUT-A1 — ""This land is likely to be the land Daiaeni mentioned in inscriptions of the Assyrian kings Tiglath-Pileser I and Shalmaneser III."" | A8-3 (i 6) — ""I set off against the Diaueḫi , I dethroned ( ? ) the king of the Diaueḫi""",düşük-orta,"Daiaeni=Diauehi eşitlemesi eCUT'ta 'likely'. 844'te kral Asia haraç verir (①, kronoloji). Minua da 'conquered the land of the Diauehi' (eCUT-M) — Minua yılı yok. Bitiş/ilhak tarihi bulunamadı.","≤-1076-01-01 || ② İLK ANILIŞ (Tiglath-pileser I saltanatı, R2: 1114–1076) ⇒ ÜST = saltanat sonu; OK (Grayson RIMA 2)",≥-785-01-01 (ALT); ÜST bulunamadı || ② HÂLÂ VAR: Argišti I'in 1. yılında 'kralı tahttan indirdi' (Argišti I ca. 785/780–756) ⇒ ALT = saltanat başının erken ucu,B-urartu
etiuni,Etiuni (Etiuḫi) ülkesi,kabile ülkesi / beylikler (Transkafkasya),-780-01-01,-757-01-01,SALTANAT,SALTANAT,ÜST,ALT,bulunamadı,—,bulunamadı,"eCUT-M — ""Besides the Erikua and Etiuhi, Minua also conquered the land of the Diauehi"" | eCUT-S2 — ""The second campaign was to the Transcaucasian settlements of the Etiuni and Erikuahi in the north"" | A8-3 (v 31) — ""he defeated the land Mana , he defeated the land Etiuniandhe subjected them to Argišti""",düşük,Yalnız Urartu kaynaklarından; Asur eponim tarihi yok.,≤-780-01-01 || ② İLK ANILIŞ Minua saltanatında (ca. 810–785/780) ⇒ ÜST = saltanat sonunun geç ucu,≥-757-01-01 (ALT); ÜST bulunamadı || ② HÂLÂ VAR: Sarduri II'nin Etiuni seferi (saltanat başı 757–754) ⇒ ALT,B-urartu
subria,Šubria (Asur: Šubru / 'the Subraean'),krallık (Asur–Urartu arası tampon),-891-01-01,-672-01-01,SALTANAT,OLAY,ÜST,,Uppume (kraliyet kenti),—,asur (iki eyalet),"R2 (Adad-nārārī II A.0.99.2 34-35) — ""(who recaptured) the cities Arinu, Turhu, (and) Zaduru, conquered regions which the land Subru had torn away from Assyria"" | ABC14 [27-28] — ""On the eighteenth day of the month Addaru the army of Assyria captured Šubria and sacked it."" | E33 (iv 6') — ""I divided that land , in its entirety , in two and placed two of my officials over them as governors .""",f: orta / t: yüksek,"Daha eski coğrafi anılış: Aššur-bēl-kala (1073–1056) 'the city Murarr/V of the land Subru' (R2 A.0.89.7 iii 17b-19a) — polity mi bölge mi belirsiz, f için kullanılmadı. Ay farkı: ABC1 Tebêtu, ABC14 Addaru ⇒ 673 sonu/672 başı; MÖ 672 yazıldı.","≤-891-01-01 || ② İLK ANILIŞ (siyasi aktör olarak) Adad-nārārī II saltanatında (911–891, EL) ⇒ ÜST",-672-01-01 || ① OLAY — Esarhaddon 8. yılı (673/672) Šubria alındı; ülke ikiye bölünüp iki valiye verildi ⇒ DEVİR (ilhak),B-urartu
musasir,Muṣaṣir (Musasiru),tapınak-kent krallığı (Ḫaldi kutsal alanı; tampon),-859-01-01,-714-01-01,SALTANAT,SALTANAT,ÜST,ALT,Muṣaṣir,—,BELİRSİZ (Asur iddiası 714 / Urartu etkisi),"R2 (Aššurnaṣirpal II A.0.101.30, 145-146) — ""envoys of the people of the lands Suhu, Hindanu, Patinu, Hatti, (145) Tyre, Sidon, Gurgumu, Malidu, Hubusku, Gilzanu, Kummu, (and) Musasiru"" | S65 — ""I considered the people of the district of the city Muṣaṣir as people of Assyria and I imposed upon them ( the same state ) service ( and ) corvée duty as if ( they were ) Assyrians ."" | eCUT-RS — ""Sarduri fought successfully against Muṣaṣir and restored the cult of the god Ḫaldi in the deity's main sanctuary there. It had formerly been destroyed by Sargon II.""",düşük,"Urartu adı 'Ardini' eşitlemesi açtığım kaynaklarda AÇIKÇA yok (A8-3 v 41 yalnız 'the city Ardini' der) ⇒ bulunamadı. eCUT-RS metni 'Sarduri' diyor ama sayfa Rusa, son of Sarduri hakkında (metin hatası olabilir).","≤-859-01-01 || ② İLK ANILIŞ Aššurnaṣirpal II saltanatında (883–859, EL) ⇒ ÜST = saltanat sonu",BELİRSİZ: ≥-714-01-01 (ALT); ÜST bulunamadı || ② ALT: 714'te hâlâ kralı (Urzana) var; 714 'DEVİR' iddiası (halkını Asurlu saydım) sonrası Urartu kültü yeniden kurdu (eCUT-RS) ⇒ son yok,B-urartu
ulluba,Ulluba ülkesi,bölge / ülke (Asur–Urartu sınırı),-828-01-01,-739-01-01,SALTANAT,OLAY,ÜST,,bulunamadı,—,asur,"EC — ""( 828 BC ) [ "" ] [ Ilu-kēnu-uṣur ] [ governor of xx ] -ḫa to Ulluba ."" ; ""( 739 BC ) "" Sîn-taklāk treasurer to Ulluba ; fort seized ."" | T39 (25b) — ""I annexed to Assyria the land Ulluba in its entirety""",orta,Bağımsız polity olup olmadığı belirsiz; Urartu kalelerini de içeren bir sınır ülkesi. Haritada Urartu sınırı değişimi için önemli.,≤-828-01-01 || ② İLK ANILIŞ — EC 828 'to Ulluba' ⇒ ÜST,-739-01-01 || ① OLAY — EC 739 'to Ulluba; fort seized' + T39 'I annexed to Assyria the land Ulluba in its entirety' ⇒ DEVİR,B-urartu
hitit,Ḫatti (Hitit Krallığı; Eski/Orta/İmparatorluk),krallık/büyük krallık,-1620-01-01,-1220-01-01,SALTANAT,SALTANAT,ÜST,ALT,Ḫattuša (Boğazköy); geçici Tarḫuntašša (Muwatalli II),kussara / kanes (Anitta hanedanı ile bağ tartışmalı),Yeni-Hitit devletleri (Karkamış vb.) — kapsam dışı,https://web.archive.org/web/2023id_/https://www.britannica.com/place/Anatolia/The-rise-and-fall-of-the-Hittites | https://publikationen.badw.de/de/rla/a/13.397.jpg,"f: orta; t: ALT kesin, son ÖLÇÜLEMEDİ","Britannica: 'Thus, it appears that the Hittites regarded their own history as beginning with a king called Labarnas' — gelenek, tarih değil (kural 9). RlA 13 S.322: 'Sein Siegel ist in Abdrücken im Brandschutt der letzten nachweisbaren heth. Schicht in Ḫattuša erhalten geblieben.'",-1620-01-01 || ② ÜST — 'earliest contemporary texts date from the reign of his son Hattusilis' + 'Hattusilis I (reigned c. 1650– c. 1620 bce)' ⇒ en geç Hattušili I saltanatı sonunda vardı (Britannica),-1220-01-01 || ② ALT — 'Šuppiluliuma II. Letzter durch das Zeugnis textlicher Quellen bekannter Großkönig des heth. Reiches (um 1220)' ⇒ t ≥ ~1220; kesin son ÖLÇÜLEMEDİ (Britannica 'c. 1193' ve 'c. 1180' = ③),C-hitit
kanes,Kaneš/Neša (Kültepe) şehir-devleti,şehir-devleti (rubāʾum),-1893-01-01,ÖLÇÜLEMEDİ,SALTANAT,DONEM,ÜST,,Kaneš (Kültepe/Kayseri),ÖLÇÜLEMEDİ,hitit (Neša sonra Hitit 'Land Kaniš' eyaleti),https://journals.plos.org/plosone/article?id=10.1371/journal.pone.0157144 | https://publikationen.badw.de/de/rla/a/9.261.jpg,orta,RlA 9 S.233: 'Die bisher bekannte Reihe der Herrscher von Kaniš wird wahrscheinlich durch Ḫurmili eröffnet'. Anitta Kaneš'i 'zum Zentrum eines Großreiches' yaptı. İlk anılış ≠ kuruluş (kural 7).,-1893-01-01 || ① kaynaklı ÜST — Old Palace (yerel hükümdar sarayı) bağlamında belgeler 'date within the range REL 80–110' ⇒ REL 80 = MÖ 1893 (OK) en geç vardı (Manning 2016),"ÖLÇÜLEMEDİ || ③ — RlA: 'Unter welchem Herrscher die im archäologischen Befund sichtbare Zerstörung der Stadt am Ende der Zeit der Handelskolonien stattfand und auf wen diese zurückgeht, ist noch nicht bekannt.' Britannica 'about 1740 bce' yaklaşık",C-hitit
kussara,Kuššara krallığı (Pitḫana–Anitta hanedanı),küçük krallık,-1782-01-01,ÖLÇÜLEMEDİ,SALTANAT,DONEM,ÜST,,Kuššara (yeri bilinmiyor),ÖLÇÜLEMEDİ,kanes (Anitta'nın başkenti Neša),https://publikationen.badw.de/de/rla/a/6.412.jpg,orta,"RlA: 'Sitz eines Kleinkönigtums, seit der Zeit der altass. Handelskolonien' ; hanedan 'nach der mittl. Chronologie ca. 1800–1750'. Britannica: 'Kussara has yet to be identified'.","-1782-01-01 || ② ÜST — 'Die kappadokischen Texte über K., die ausschließlich aus der Schicht Kārum 1b ... stammen und mit Šamši-Adad von Assur (1815–1782 mittl. Chron.) zeitgleich sind' ⇒ en geç 1782 (RlA 6 S.379)","ÖLÇÜLEMEDİ || ③ — hanedan Neša'ya geçti (Anitta), Kuššara'nın ayrı polity olarak sonu ölçülemedi",C-hitit
zalpa,Zalpa/Zalpuwa (Karadeniz),şehir-devleti/krallık,-1750-01-01,ÖLÇÜLEMEDİ,SALTANAT,YOK,ÜST,,Zalpa (Bafra ovası; İkiztepe aday),ÖLÇÜLEMEDİ,hitit (imparatorlukta 'administrator' ile eyalet),https://publikationen.badw.de/de/rla/a/15.198.pdf | https://publikationen.badw.de/de/rla/a/15.199.pdf,orta,"İNKÂR: 'According to Barjamovic (2011, 109, 115−120) there would not seem to be references to Zalpa/u(wa) in the Old Ass. texts' — Eski Asur belgelerinde yok.","-1750-01-01 || ② ÜST — en erken bilgi Anitta Metni (Anitta, Kuššara hanedanı 'ca. 1800–1750' OK, RlA 6 S.379) ⇒ ≤1750",ÖLÇÜLEMEDİ || YIKIM≠DEVİR: 'led to the final victory of Ḫattuša and to the looting of Zalpa/u(wa) during the reign of Ḫattušili I' — yağma = akın; bağımsızlık sonu ÖLÇÜLEMEDİ,C-hitit
purushanda,Purušḫattum/Purušḫanda (Acemhöyük?),şehir-devleti (büyük rubāʾum),-1895-01-01,-1650-01-01,SALTANAT,SALTANAT,ÜST,ÜST,Purušḫanda (Acemhöyük önerisi),ÖLÇÜLEMEDİ,hitit (Aşağı Ülke),https://publikationen.badw.de/de/rla/a/11.168.jpg | https://publikationen.badw.de/de/rla/a/14.696.jpg | https://web.archive.org/web/2023id_/https://www.britannica.com/place/Anatolia/The-rise-and-fall-of-the-Hittites,orta,RlA 11 S.119: 'war der Ort in vorheth. Zeit (19.–18. Jh.) nach Kültepe/Kaniš A. und B. die bedeutendste anatolische Handelsniederlassung'. Labarna=Hattušili I özdeşliği tartışmalı.,"-1895-01-01 || ① kaynaklı ÜST — 'Vers 1895, une guerre sévit dans la région' bağlamında 'guerre latente entre W. et P/Burušḫattum' (RlA 14 S.633) ⇒ en geç ~1895","-1650-01-01 || ② ÜST DEVİR — Telipinu Fermanı: Labarna'nın oğulları '... to Parsuhanda and to Lusna, and governed the country' (vali = devir) ⇒ ≤ Labarna I saltanat sonu 'c. 1650' (Britannica Arzawa)",C-hitit
wahsusana,Waḫšušana,şehir-devleti (rubāʾum),-1895-01-01,ÖLÇÜLEMEDİ,SALTANAT,DONEM,ÜST,,Waḫšušana (Tuz Gölü kuzeyi?),ÖLÇÜLEMEDİ,ÖLÇÜLEMEDİ,https://publikationen.badw.de/de/rla/a/14.696.jpg,orta,"RlA: 'Lorsque la paix revint, Ulama installa un représentant à W.' — Ulama'ya tâbilik? tek tanık, ÖLÇÜLEMEDİ.","-1895-01-01 || ① kaynaklı ÜST — 'Pendant le kārum II, W., capitale d'un état anatol.'; 'Vers 1895, une guerre ... le rabi sikkatim de W. partit en expédition militaire' ⇒ en geç ~1895",ÖLÇÜLEMEDİ || ③ — 'Les références à W. pour la période du kārum Ib sont exceptionnelles'; sonu ölçülemedi,C-hitit
hattus-kārum,Ḫattuš (Hitit öncesi Hatti şehri),şehir-devleti,ÖLÇÜLEMEDİ,ÖLÇÜLEMEDİ,DONEM,YOK,,,Ḫattuša (Boğazköy),ÖLÇÜLEMEDİ,hitit (Hattušili I başkenti),https://web.archive.org/web/2023id_/https://www.britannica.com/place/Anatolia/Early-Bronze-Age | https://web.archive.org/web/2023id_/https://www.britannica.com/place/Anatolia/The-rise-and-fall-of-the-Hittites,düşük,Britannica: Hattušili I 'transferred his capital to Hattusas (long ago destroyed by Anittas)'.,ÖLÇÜLEMEDİ || ③ — Britannica: kārum-dönemi ticaret kolonisi 'Hattusas (site of the later Hittite capital)',ÖLÇÜLEMEDİ || YIKIM≠DEVİR — 'Hattusas ... which Anittas was said to have destroyed' = akın; sonu ölçülemedi,C-hitit
arzawa,Arzawa,krallık,-1620-01-01,-1292-01-01,SALTANAT,SALTANAT,ÜST,ÜST,Apaša (Efes?) — kaynakta yer tartışmalı,ÖLÇÜLEMEDİ,mira; seha; hapalla (ardıl vasal devletler),https://web.archive.org/web/2023id_/https://www.britannica.com/place/Anatolia/The-rise-and-fall-of-the-Hittites | https://publikationen.badw.de/de/rla/a/8.248.jpg | https://web.archive.org/web/2023id_/https://www.britannica.com/place/Arzawa,orta,"Britannica 'Arzawa' maddesindeki 'During the reign of ... Arnuwandas III (1220–1190 bc), Arzawa was seized by ... Madduwattas' ESKİ tarihleme (CTH 147 Madduwatta artık Arnuwanda I'e konuyor) — t için KULLANILMADI. RlA Arzawa maddesi Forrer 1928 (vol.1) eski, açılmadı.","-1620-01-01 || ② ÜST — Hattušili I yıllıkları 3. yıl: 'The first of these was Arzawa , a powerful kingdom' ⇒ ≤ Hattušili I sonu c.1620 (Britannica)","-1292-01-01 || ② ÜST DEVİR — 'Nach der endgültigen Vernichtung des Königreiches Arzawa ... erklärte Muršili M. ... zum heth. Vasallenstaat' ⇒ ≤ Muršili II sonu (en geç varyant 1317+25=1292, Britannica)",C-hitit
kizzuwatna,Kizzuwatna,krallık,-1500-01-01,-1318-01-01,SALTANAT,SALTANAT,ÜST,ÜST,Kummanni; Adanija (Adana); Tarša,Adanija ülkesi (Hurri hanedanı; Britannica),hitit (kült eyaleti Kummanni),https://publikationen.badw.de/de/rla/a/5.665.jpg | https://publikationen.badw.de/de/rla/a/5.666.jpg,orta-yüksek,İNKÂR: Eski Krallıkta 'doch fehlen Hinweise auf K. als selbständige politische Größe völlig' ⇒ Telipinu öncesi bağımsız Kizzuwatna yok. Bağımsız/vasal fazlar TABI'de.,-1500-01-01 || ② ÜST — 'Die früheste sicher datierbare Erwähnung eines Landes K. begegnet im Staatsvertrag Telipinus mit Išputaḫšu' + Išputaḫšu mührü 'um 1500' (RlA 13 S.461) ⇒ ≤ ~1500,"-1318-01-01 || ② ÜST DEVİR — 'Eine bald darauf vollzogene volle Annexion ist aber wohl durch die Einsetzung von Telipinus Sohn als „Priester“ in K. (CTH 44) ... dokumentiert' ⇒ ≤ Šuppiluliuma I sonu (en geç 1318, Britannica)",C-hitit
kaska,Kaška (Kaškäer) kabileleri,kabile konfederasyonu (devlet değil),-1400-01-01,-1117-01-01,SALTANAT,SALTANAT,ÜST,ALT,Kuzey Anadolu dağları (Karadeniz arkası),ÖLÇÜLEMEDİ,ÖLÇÜLEMEDİ,https://publikationen.badw.de/de/rla/a/5.499.jpg,orta,Britannica: Tudhaliya II döneminde 'access to the Black Sea was blocked by invasions of the Kaska (Kashku) tribes' — f daha erken olabilir. RlA: Sargon II (721–705) ile 'Damit brechen die Zeugnisse für die K. ab.',"-1400-01-01 || ② ÜST — 'Die kaškäische Geschichte hebt, für uns erkennbar, mit CTH 375 an' ; 'Arnuwanda I. (um 1400 v. Chr.)' ⇒ ≤ ~1400 (RlA 5 S.462)",-1117-01-01 || ② ALT — 'Zur Zeit Tiglatpilesers I. (1117—1078 v. Chr.) drangen „4000 Kaškäer ...“' ⇒ t ≥ 1117 (kapsam dışına taşar),C-hitit
isuwa,Išuwa,krallık (sınır ülkesi),-1400-01-01,ÖLÇÜLEMEDİ,SALTANAT,DONEM,ÜST,,Elazığ ovası,ÖLÇÜLEMEDİ,ÖLÇÜLEMEDİ,https://publikationen.badw.de/de/rla/a/5.247.jpg | https://publikationen.badw.de/de/rla/a/5.248.jpg,orta,Šuppiluliuma I 'hat I. gleich zu Beginn seines Mitanni- und Syrienfeldzuges unterworfen und direkt an Ḫatti angegliedert' — DEVİR; ama sonra 'Könige von I. werden mehrfach erwähnt' (Ḫattušili III/Tudḫalija IV) ⇒ vasal krallık olarak sürdü (TABI).,-1400-01-01 || ② ÜST — 'Die bislang ältesten Zeugnisse für I. datieren aus dem 15. Jh.: Tutḫalija (II).' ⇒ ≤ ~1400 (RlA 5 S.215),ÖLÇÜLEMEDİ || ③ — 'im 9./8. Jh. wurde I. von Urartu und Assyrien umkämpft' ⇒ kapsam (1180) ötesinde sürer; t ÖLÇÜLEMEDİ,C-hitit
hayasa-azzi,Ḫajaša-Azzi,krallık (dağ ülkesi),-1318-01-01,-1338-01-01,SALTANAT,SALTANAT,ÜST,ALT,Doğu Anadolu dağları (Yukarı Lykos),ÖLÇÜLEMEDİ,ÖLÇÜLEMEDİ,https://publikationen.badw.de/de/rla/a/4.519.jpg | https://hethport.net/CTH/index.php?c=1 | https://web.archive.org/web/2023id_/https://www.britannica.com/place/Anatolia/The-Middle-Kingdom,orta,"f ve t sayıları çakışıyor çünkü f bir ÜST (en geç), t bir ALT (en az) sınır; çelişki yok. Son anılış (CTH 78 'Vertrag mit Ḫayaša' tarihsiz) BULUNAMADI.",-1318-01-01 || ② ÜST — Ḫukkana antlaşması (CTH 42) Šuppiluliuma I ⇒ ≤ Šupp. I sonu 1318; Britannica 'Suppiluliumas had suffered a good deal of trouble from these people early in his reign',-1338-01-01 || ② ALT — 'Šuppiluliumas Sohn Muršili hatte im siebenten Jahre seiner Regierung gegen Ḫajaša zu Felde zu ziehen' ⇒ t ≥ Muršili II 7. yıl (en erken: 1345−7=1338),C-hitit
assuwa,Aššuwa (konfederasyon),konfederasyon,-1400-01-01,-1400-01-01,SALTANAT,SALTANAT,ÜST,ÜST,Batı Anadolu (Troas'a kadar?),ÖLÇÜLEMEDİ,ÖLÇÜLEMEDİ,https://publikationen.badw.de/de/rla/a/15.114.pdf | https://web.archive.org/web/2023id_/https://www.britannica.com/place/Anatolia/The-Middle-Kingdom,düşük,Koalition üyeleri arasında 'Wilušija und Taruiša'. RlA'da ayrı Aššuwa maddesi YOK.,"-1400-01-01 || ② ÜST — Tudḫalija I yıllıkları: 'Feldzug ins Land Aššuwa, bei dem er eine Koalition besiegt habe' ⇒ ≤ Tudḫalija I sonu (~1400, RlA 'um 1400')",-1400-01-01 || ② ÜST — Britannica 'Tudhaliyas II conquered Arzawa and Assuwa'; RlA yalnız 'besiegt' (yenilgi≠devir) ⇒ t ÜST zayıf,C-hitit
lukka,Lukka (ülkeler/halk),halk/bölge (merkezi devlet değil),-1336-01-01,-1275-01-01,SALTANAT,SALTANAT,ÜST,ALT,Likya/Pamfilya kıyısı (tartışmalı),ÖLÇÜLEMEDİ,ÖLÇÜLEMEDİ,https://publikationen.badw.de/de/rla/a/7.194.jpg | https://publikationen.badw.de/de/rla/a/7.195.jpg,orta,"RlA: 'Es ist ... nicht gerechtfertigt, von „Lukka-Ländern“ zu sprechen'. Byblos dikilitaşı (~2000) 'wohl noch kein Beweis' — f için kullanılmadı. Ugarit son günleri mektubu (RS 20.238) 'ina KURLu-uk-k[a]-a' — tarih verilmedi.","-1336-01-01 || ② ÜST — EA 38: Alašija kralı Amenophis IV'e 'LÚmeš ša KURLu-uk-ki' yıllık baskınlar ⇒ ≤ Akhenaten sonu ('ruled c. 1353–36 bce', Britannica)",-1275-01-01 || ① ALT — 'In der Qadeš-Schlacht (1275 v.Chr.) kämpfen ... die rk' (Lukka) ⇒ t ≥ 1275,C-hitit
mira,Mira (Mira-Kuwalija),vasal krallık,-1318-01-01,-1240-01-01,SALTANAT,SALTANAT,ÜST,ALT,Mira (şehir; Karabel bölgesi),arzawa,ÖLÇÜLEMEDİ,https://publikationen.badw.de/de/rla/a/8.248.jpg | https://publikationen.badw.de/de/rla/a/8.249.jpg,orta-yüksek,"İNKÂR/belirsiz: 'Ob es zu kriegerischen Auseinandersetzungen zwischen Ḫatti und M. kam, bleibt unsicher'. Ramses II'nin Kupanta-Kurunta'ya mektubu CTH 166.",-1318-01-01 || ② ÜST — 'M. wird bereits in Verbindung mit einem Arzawa-Feldzug Šuppiluliumas I. erwähnt' ⇒ ≤ 1318,"-1240-01-01 || ② ALT — 'Die Existenz M.s als heth. Vasallenstaat ist nun auch zumindest für die Zeit kurz nach Tutḫalijas IV. Regierungsantritt erwiesen' ⇒ ≥ Tudḫalija IV başı (en erken c.1240, Britannica)",C-hitit
seha,Šeḫa Nehri Ülkesi,vasal krallık,-1400-01-01,-1240-01-01,SALTANAT,SALTANAT,ÜST,ALT,Hermos/Kaikos vadileri (tartışmalı),arzawa (komşu),ÖLÇÜLEMEDİ,https://publikationen.badw.de/de/rla/a/12.407.jpg | https://publikationen.badw.de/de/rla/a/12.408.jpg,orta-yüksek,RlA: belgeler 'etwa vom Ende des 15. bis ins späte 13. Jh.',-1400-01-01 || ② ÜST — 'Die älteste Erwähnung von Š. bieten die Annalen des heth. Großkönigs Tutḫalija I./II.' ⇒ ≤ ~1400,-1240-01-01 || ② ALT — Tarḫunaradu isyanı 'vom heth. Großkönig (Tutḫalija IV.?) besiegt ... Anschließend erfolgte die Einsetzung eines neuen Herrschers' ⇒ ≥ Tudḫalija IV (en erken c.1240),C-hitit
hapalla,Ḫapalla,vasal krallık,-1400-01-01,-1295-01-01,SALTANAT,SALTANAT,ÜST,ALT,Hermos ovası (Güterbock önerisi),arzawa (alanı),ÖLÇÜLEMEDİ,https://publikationen.badw.de/de/rla/a/4.140.jpg,orta,RlA: 'so beschränken sich die histor. Aussagen der hethit. Texte über Ḫ. auf das ausgehende 15. und das 14. Jh.' — Alakşandu antlaşmasındaki anılış bununla gerilim içinde; t kesinliği düşük.,"-1400-01-01 || ② ÜST — 'Ordnet man KUB 23, 11 ... einem älteren König Tutḫalija zu (um 1400 v. Chr.)' ⇒ ≤ ~1400","-1295-01-01 || ② ALT — Ḫ. 'in den Staatsverträgen mit westkleinasiat. Fürsten: Targašnalli von Ḫ., Kupanta-DKAL, Alakšandu' ⇒ Alakšandu antl. (Muwatalli II) ≥ Muwatalli II başı (~1295, RlA)",C-hitit
wilusa,Wiluša,vasal krallık,-1400-01-01,-1240-01-01,SALTANAT,SALTANAT,ÜST,ALT,Wiluša (Troia/Hisarlık? — tartışmalı),ÖLÇÜLEMEDİ,ÖLÇÜLEMEDİ,https://publikationen.badw.de/de/rla/a/15.114.pdf | https://publikationen.badw.de/de/rla/a/15.115.pdf,orta,"Alakšandu antl. tarihsel girişi Labarna'ya fetih atfeder — gelenek (kural 9), f için kullanılmadı. İNKÂR: Tudḫalija I'in Arzawa seferinde 'das Land W. nicht betreten habe'; Muršili II seferinde 'W. außerhalb seines Aktionsraumes blieb'.",-1400-01-01 || ② ÜST — Tudḫalija I yıllıkları: Aššuwa koalisyonu üyeleri arasında 'Wilušija und Taruiša' ⇒ ≤ ~1400,"-1240-01-01 || ② ALT — 'ein König von W. namens Walmu vertrieben ... Der Absender − sehr wahrscheinlich Tuth˚alija IV. − fordert diesen auf, ihm Walma zu übergeben, damit er wieder als heth. Vasall in W. eingesetzt werden kann' ⇒ ≥ Tudḫalija IV başı",C-hitit
tarhuntassa,Tarḫuntašša (apanaj krallık),apanaj/ikincil hanedan (Sekundogenitur),-1240-01-01,-1220-01-01,SALTANAT,SALTANAT,ÜST,ALT,Tarḫuntašša (yeri bilinmiyor; Kalykadnos/Kızıldağ önerileri),hitit (Muwatalli II başkenti olarak),ÖLÇÜLEMEDİ (Kızıldağ 'Hartapu' — tartışmalı),https://publikationen.badw.de/de/rla/a/13.536.jpg | https://publikationen.badw.de/de/rla/a/13.537.jpg,orta,"Başkent fazı: '„Auf Geheiß seiner Gottheit“ wurde T. von Muwatalli II. (ca. 1295–1274) als neue Hauptstadt ausgewählt' ve 'sie muss aber vor der Qadeš-Schlacht stattgefunden haben' — bu Ḫatti'nin başkenti, ayrı polity değil. İNKÂR: 'Keilschriftl. Quellen für T. ... die eindeutig in die Zeit vor Muwatalli zu datieren sind, gibt es bislang nicht.'","-1240-01-01 || ② ÜST — 'Sicher ist aber, dass letzterer [Kurunta] schon von Ḫattušili III. als König von T. eingesetzt wurde' ⇒ ≤ Ḫattušili III sonu (= Tudḫalija IV başı c.1240)",-1220-01-01 || ② ALT — Südburg yazıtı: Šuppiluliuma II 'die erfolgreiche Wiedereroberung von T. beschreibt' ⇒ ≥ Šupp. II (~1220); sonrası ÖLÇÜLEMEDİ,C-hitit
karkamis-genel-valilik,Karkamış Hitit Genel Valiliği (viceroyalty),apanaj/genel valilik,-1352-01-01,-1220-01-01,OLAY,SALTANAT,,ALT,Karkamış,Mitanni'ye bağlı Karkamış krallığı,Yeni-Hitit Karkamış (kapsam dışı),https://publikationen.badw.de/de/rla/a/5.466.jpg | https://publikationen.badw.de/de/rla/a/13.397.jpg,orta,"f, Britannica'nın Šupp. I 'from about 1343' tarihiyle çelişir (bkz. §0). Hanedan: 'Šarri-Kušuḫ — Šaḫurunuwa — Ini-Tešub — Talmi-Tešub'. Kuzi-Tešub (Hitit sonrası süreklilik) için kaynak AÇILMADI.","-1352-01-01 || ① — 'dated to the year of Tutankhamun's death, c. 1352 B.C. ... He thereupon installed Šarri-Kušuḫ (alias Pijaššili) his son as king' (Mısır senkronizmi, 1970'ler Mısır kronolojisi!)",-1220-01-01 || ② ALT — 'Šuppiluliuma II. ... Zeitgenosse des Königs Talmi-Teššub von Karkamiš' (um 1220) ⇒ ≥ ~1220; RlA bölüm başlığı 'c. 1350—1200 B. C.' = ③,C-hitit
frigya,Frigya krallığı (Asur: KUR mu-us-ki 'Musku'; kral Mitâ = Midas),krallık,-717-01-01,-709-01-01,SALTANAT,SALTANAT,ÜST,ALT,Gordion,bulunamadı (Muški 12.–9. yy 'confederation' Britannica = ③),lidya (tâbi; Hdt 1.28) → Ahameniş satraplığı (Büyük Frigya; K4/K5),https://oracc.museum.upenn.edu/rinap/rinap2/Q006482/html | https://web.archive.org/web/2020id_/https://www.penn.museum/sites/gordion/?p=10 | https://web.archive.org/web/2022id_/http://www.iranicaonline.org/articles/cimmerians-nomads | https://www.perseus.tufts.edu/hopper/text?doc=Perseus:text:1999.01.0126:book=1:chapter=28,orta,"ALINTI (ORACC Sargon II 001 satır 72): ""In my fifth regnal year, Pisīri(s) the city Carchemish ... repeatedly sent (messages) hostile to Assyria to Mitâ (Midas), [k]ing of the land Musku"". ALINTI (Penn): ""The site initially served as the capital of a presumably independent Phrygian state (at least through the reign of Midas), but thereafter it was subject to other powers: the west Anatolian kingdom of Lydia (first half of the sixth century BCE, if not earlier)"". UYARI: Gordion yıkım tabakası artık ~800'e tarihleniyor ve Kimmer işi DEĞİL (Penn: ""one succeeding the other after a great destruction by fire around 800 BCE"") — Britannica'nın 'c. 700 Cimmerians burned Gordium' cümlesi eski kronolojidir.","ÖLÇÜLEMEDİ (ÜST ≤ -717-01-01) || ② ÜST: ilk anılış Sargon II 5. saltanat yılı (=717, eponim/saltanat yılı mutlak); doğuş değil (kural 7). Penn 'village beginnings in the 11th century' = ③ arkeolojik dönem","ÖLÇÜLEMEDİ (ALT ≥ -709-01-01; bağımsızlığın ÜST sınırı ≤ Kroisos saltanatı sonu, yılı ÖLÇÜLEMEDİ) || ② ALT: Mitâ hâlâ aktif Sargon II 13. saltanat yılında (=709). Kimmer sonu (Strabon senkronizmi) ③ — Iranica 'impossible to date ... more precisely than 700-675'; geleneksel 696/676 KULLANILMADI. Lidya'ya tâbiliği Hdt 1.28 (②, yılsız)",D-bati
lidya,"Lidya krallığı (Mermnad hanedanı; Asur: KUR lu-ud-di, kral Gugu = Gyges)",krallık,-649-01-01,-556-01-01,SALTANAT,SALTANAT,ÜST,ALT,Sardes,bulunamadı (Heraklid öncesi efsanevî),Ahameniş Sparda satraplığı (DEVİR: Hdt 1.153 Sardes'i Persli Tabalus'a emanet; K4/K5),https://oracc.museum.upenn.edu/rinap/rinap5/Q003702/html | https://oracc.museum.upenn.edu/rinap/rinap5/Q003710/html | https://www.livius.org/sources/content/mesopotamian-chronicles-content/abc-6-neriglissar-chronicle/ | https://www.livius.org/sources/content/mesopotamian-chronicles-content/abc-7-nabonidus-chronicle/ | https://www.livius.org/sources/content/behistun-persian-text/behistun-t-02/ | https://web.archive.org/web/2022id_/https://www.iranicaonline.org/articles/croesus | https://www.perseus.tufts.edu/hopper/text?doc=Perseus:text:1999.01.0126:book=1:chapter=7 | https://www.perseus.tufts.edu/hopper/text?doc=Perseus:text:1999.01.0126:book=1:chapter=86,orta,"ALINTI (ORACC Asb 003 ii 86b): ""(As for) Gyges, the king of the land Lydia — a region on the opposite shore of the sea, a remote place, the mention of whose name none of the kings, my ancestors, had (ever) heard"". ALINTI (ABC 6): ""In that same year from the pass of Sallune to the border of Lydia he started fires."" ALINTI (ABC 7 ii.16 Livius notu): ""One of the most notorious lacunas. Some scholars recognize an U, which suggests that the country was Urartu, but the tablet is very damaged."" ALINTI (Iranica CROESUS): ""Croesus’ fall cannot be dated with certainty, but 546 b.c.e. fits both the chronological data and other historical considerations.""","ÖLÇÜLEMEDİ (ÜST ≤ -649-01-01) || ② ÜST: Gugu ilk kez Asurbanipal Prizma B'de (nüshaları 649 eponimli) — ayrıca İNKÂR TANIĞI: 'whose name none of the kings, my ancestors, had heard'. Heraklid 505 yıl/22 kuşak (Hdt 1.7) = KRAL LİSTESİ, dayanak DEĞİL (kural 9). Mermnad başlangıcı (Gyges tahta çıkışı) yılı ÖLÇÜLEMEDİ","ÖLÇÜLEMEDİ (ALT ≥ -556-01-01; ÜST ≤ -486-01-01); konvansiyonel 547/546 TARTIŞMALI || ALT ① : ABC 6 Neriglissar 3. yılı (557/556) 'border of Lydia' — Lidya hâlâ var. ÜST ② : Behistun DB §6 Lidya'yı Darius'a tâbi ülkeler arasında sayar (by the reign of Darius I ⇒ saltanat SONU 486). Sardes düşüşü: ABC 7 ii.16 ülke adı kırık ('Lu…' okuması belirsiz, Iranica: 'the translation as Lydia seems untenable'); Hdt tarihi (14 yıl Kroisos) ② göreli; Iranica 'cannot be dated with certainty, but 546 fits' ③",D-bati
karya-hekatomnid,Karya satraplığı — Hekatomnid hanedanı (Mylasa → Halikarnassos),satraplık (hanedanlı eyalet),-392-01-01,-333-12-31,SALTANAT,SALTANAT,,,Mylasa; sonra Halikarnassos,"Karya yerel hanedanları (5. yy: Ibanollis/Mylasa, Pigres/Syangela, Artemisia/Halikarnassos) — Sparda satrabına bağlı","Ada (İskender'in atadığı, K4)",https://web.archive.org/web/2022id_/https://www.iranicaonline.org/articles/caria | https://web.archive.org/web/2022id_/http://www.iranicaonline.org/articles/achaemenid-satrapies | https://web.archive.org/web/2023id_/https://www.britannica.com/place/Caria | https://gutenberg.org/cache/epub/46976/pg46976-images.html,yüksek (yıl ±1),"SATRAPLIK = EYALET mi VASAL mı? Iranica (Jacobs): ""the only sensible conclusion is that Caria had been a province since the conquest"" ⇒ DEVİR/eyalet; hanedan yerli ama satrap unvanlı ⇒ tâbilik değil eyalet. ALINTI (Iranica CARIA): ""Caria as a separate satrapy under the Hecatomnid family, 390s-30s . During this period the Carian Hecatomnid family ruled the satrapy"" ve tablo ""Hecatomnus ca. 392/1-d. 377/6 Mausolus 377/6-d. 353/2 Artemisia 353/2-d. 351/0 Idrieus 351/0-d. 344/3 Ada 344/3-341/0 ... Pixodarus 341/0-d. 336/5 Orontopates 336/5"".",-392-01-01 (yaklaşık; 'ca. 392/1') || ② Hekatomnos saltanat başı 'ca. 392/1' — Diodoros/Strabon/Arrianos'tan türetilmiş edebî liste (Iranica tablosu). ÖNCESİ: Karya Sparda satraplığının parçası 540s–390s (Iranica),-333-12-31 (ÜST; Halikarnassos 333 sonuna dek düşmedi) || ② Arrianos 1.20–23 (edebî): Halikarnassos 333 sonu; Ada'yı İskender atadı (K4). Pixodaros/Orontopates sonrası Ahameniş Karya biter,D-bati
likya,Likya hanedanlıkları (Ksanthos vb.; Lukka ardılı),hanedanlıklar/birlik,ÖLÇÜLEMEDİ,-333-01-01,DONEM,SALTANAT,,ÜST,Ksanthos,"Lukka (Geç Tunç, K2/K3 Hitit ailesi) — süreklilik iddiası ③",Makedon yönetimi (K4),https://web.archive.org/web/2023id_/https://www.britannica.com/place/Lycia | https://www.perseus.tufts.edu/hopper/text?doc=Perseus:text:1999.01.0126:book=1:chapter=176 | https://web.archive.org/web/2022id_/http://www.iranicaonline.org/articles/harpagos | https://web.archive.org/web/2022id_/http://www.iranicaonline.org/articles/achaemenid-satrapies | https://gutenberg.org/cache/epub/46976/pg46976-images.html,düşük,"ALINTI (Britannica LYCIA): ""Known as Luka, they participated in the Sea Peoples’ attempt to invade Egypt in the late 13th century. Nothing more is known of the Lycians until the 8th century bc"". ALINTI (Arrian 1.24, Chinnock çev.): ""crossing the river Xanthus, the cities of Pinara, Xanthus, Patara, and about thirty other smaller towns were surrendered to him"".","ÖLÇÜLEMEDİ || ③ Britannica: Luka 14.–13. yy, sonra 'Nothing more is known ... until the 8th century' — dönem ifadesi; doğuş değil","ÖLÇÜLEMEDİ (ÜST ≤ -333-01-01 civarı: İskender'e teslim, kış 334/333) || ② Arrianos 1.24 (edebî): Pinara, Ksanthos, Patara ve ~30 kasaba İskender'e teslim (334/333 kışı). Pers fethi (Harpagos c. 540) son DEĞİL, tâbilik başlangıcı",D-bati
kilikya-syennesis,Kilikya — Syennesis unvanlı yerli krallar (Tarsus),krallık (sonra Pers'e tâbi),-585-01-01,-401-01-01,SALTANAT,SALTANAT,ÜST,ALT,Tarsus,Que/Hiyawa – Hilakku (K3 Neo-Hitit ajanı; bağlantı ③),Ahameniş Kilikya satraplığı (K4/K5),https://www.perseus.tufts.edu/hopper/text?doc=Perseus:text:1999.01.0126:book=1:chapter=74 | https://www.livius.org/articles/person/syennesis/ | https://web.archive.org/web/2022id_/http://www.iranicaonline.org/articles/achaemenid-satrapies | https://web.archive.org/web/2022id_/https://www.iranicaonline.org/articles/caria | https://www.perseus.tufts.edu/hopper/text?doc=Perseus:text:1999.01.0126:book=7:chapter=98,orta,"ALINTI (Hdt 1.74): ""Those who reconciled them were Syennesis the Cilician and Labynetus the Babylonian"". ALINTI (Iranica ACHAEMENID SATRAPIES): ""Local dynasts with the title Syennesis held power until the 4th century, but then the royal court began to install officers"". ALINTI (Livius): ""Most scholars assume that this behavior marked the end of the independence of Cilicia. After 400, it became a normal satrapy."" NOT: ABC 6'daki Appuašu 'king of Pirindu' (557/556 ①) Livius tarafından Syennesis soyuna bağlanıyor ama bu ③ çıkarım.","ÖLÇÜLEMEDİ (ÜST ≤ -585-01-01, tartışmalı) || ② ÜST: ilk anılış Hdt 1.74 (Alyattes–Kyaksares barışında aracı Syennesis); 585 = Thales tutulmasının astronomik ÖZDEŞLEŞTİRMESİ (Livius) — özdeşleştirme tartışmalı ⇒ ②. Que/Hilakku Neo-Hitit ajan K3 diğer okuyucuda",ÖLÇÜLEMEDİ (ALT ≥ -401-01-01) || ② ALT: Syennesis III 401'de Genç Kyros'u destekledi (Livius; Xenophon'a dayanır); 'After 400 it became a normal satrapy' + Iranica 'held power until the 4th century' ⇒ ÜST ③,D-bati
milet,Milet (İyon kent-devleti),kent-devleti,ÖLÇÜLEMEDİ,bulunamadı,DONEM,YOK,,,Milet,Millawanda (Geç Tunç; K2),—,https://www.livius.org/articles/place/miletus/ | https://web.archive.org/web/2023id_/https://www.britannica.com/place/Miletus | https://www.perseus.tufts.edu/hopper/text?doc=Perseus:text:1999.01.0126:book=6:chapter=18 | https://web.archive.org/web/2022id_/http://www.iranicaonline.org/articles/ionian-revolt,yüksek (varlık); düşük (doğuş),"ALINTI (Britannica MILETUS): ""The city was stormed and sacked by the Persians in 494."" ALINTI (Iranica IONIAN REVOLT): ""The city and its territory were settled by Persians and Carians."" (iskân ⇒ DEVİR kovası, kural 4)",ÖLÇÜLEMEDİ || ③ Livius: Neileos kuruluş efsanesi (Hdt 1.146) + arkeolojik süreklilik — dönem,"K3 dışında sürer (> -330); 494 yağma + iskân bir SON değil || Kent 479 sonrası Delos Birliği'nde, 334'te İskender kuşatması (Arrianos 1.19) — K4",D-bati
efes,Efes (İyon kent-devleti),kent-devleti,ÖLÇÜLEMEDİ,bulunamadı,DONEM,YOK,,,Efes,bulunamadı (Apasa/Arzawa bağı bu okumada kaynaklanmadı),—,https://web.archive.org/web/2023id_/https://www.britannica.com/place/Ephesus | https://www.perseus.tufts.edu/hopper/text?doc=Perseus:text:1999.01.0126:book=1:chapter=26,orta,"ALINTI (Britannica EPHESUS): ""Ephesus enters history in the mid-7th century bce , when it was attacked by the Cimmerians . Unlike its neighbour, Magnesia , it survived the attacks.""","ÖLÇÜLEMEDİ (ÜST: 7. yy ortası ilk anılış, ③) || ③ Britannica 'enters history in the mid-7th century bce' — ilk anılış, kuruluş değil (kural 7); yıl yok","K3 dışında sürer (> -330) || 334/333 İskender kenti aldı, Syrphax tiranlığı sona erdi (Britannica '333') — K4",D-bati
eski-smyrna,"Smyrna (Eski İzmir, Bayraklı)",kent-devleti,ÖLÇÜLEMEDİ,ÖLÇÜLEMEDİ,DONEM,YOK,,,Smyrna (Bayraklı),bulunamadı,lidya (ilhak); kent İskender döneminde yeniden kuruldu (K4),https://www.perseus.tufts.edu/hopper/text?doc=Perseus:text:1999.01.0126:book=1:chapter=16 | https://web.archive.org/web/2023id_/https://www.britannica.com/place/Izmir,orta,"ALINTI (Hdt 1.16): ""drove the Cimmerians out of Asia , took Smyrna (which was a colony from Colophon )"". ALINTI (Britannica IZMIR): ""Captured by Alyattes of Lydia about 600 bce , it ceased to exist as a city for about 300 years"".",ÖLÇÜLEMEDİ || ③ Britannica: Yunan yerleşimi 'pottery dating from about 1000 bce' — arkeolojik,"ÖLÇÜLEMEDİ (≤ Alyattes saltanatı sonu, ②; Britannica 'about 600' ③) || ② Hdt 1.16 'took Smyrna' (Alyattes saltanatında; ALIŞ = devir). Britannica: 'ceased to exist as a city for about 300 years' ⇒ polity sonu; yılı ③",D-bati
fokaia,Phokaia (İyon kent-devleti),kent-devleti,ÖLÇÜLEMEDİ,bulunamadı,DONEM,YOK,,,Phokaia,bulunamadı,—,https://www.perseus.tufts.edu/hopper/text?doc=Perseus:text:1999.01.0126:book=1:chapter=164 | https://web.archive.org/web/2023id_/https://www.britannica.com/place/Phocaea,orta,"ALINTI (Britannica PHOCAEA): ""When Phocaea was besieged by the Persians about 545 bce , most of the citizens chose emigration rather than submission .""",ÖLÇÜLEMEDİ || ③ Britannica 'perhaps as late as the 10th century bce',"K3 dışında sürer (> -330); Harpagos kuşatması (c. 545) göç, polity sonu DEĞİL || Hdt 1.164: Persler boşaltılmış kenti aldı (②); halk kısmen döndü — kent Hellenistik dönemde var (Britannica 190)",D-bati
