tarih,kesinlik,polity,baslik,metin,yer,kaynak,harita_degisimi
1354-01-01,yil,ahiler,Süleyman Paşa Ankara'yı Osmanlı ülkesine kattı,Orhan Gazi'nin oğlu Süleyman Paşa 1354'te Ankara'yı ele geçirdi.,Ankara,https://islamansiklopedisi.org.tr/ankara · TDV ANKARA; ayrıca https://islamansiklopedisi.org.tr/suleyman-pasa · TDV SÜLEYMAN PAŞA,EVET
1363-03-01,yaklasik,ahiler,Kuşatılan Ankara ahileri kaleyi I. Murad'a teslim etti,Orhan'ın ölümünden sonra Ankara Amasya emîri Bahtiyar Bey'in eline geçmişti; I. Murad 1362 kışından sonraki baharda Eretna ve Karaman kuvvetlerini yenince kuşatılan Ankara ahileri kale anahtarlarını teslim etti. Tarih: kaynak '1362 kışından sonra ertesi yılın baharı'.,Ankara,https://islamansiklopedisi.org.tr/murad-i · TDV MURAD I,EVET
1293-01-01,yil,alaiye,Alâiye Karamanoğlu Mecdüddin Mahmud Bey'in eline geçti,Selçukluların son yıllarında Alâiye Karamanoğlu Mecdüddin Mahmud Bey'in eline geçti ve beylik onun soyundan beylerle sürdü.,Alâiye (Alanya),"https://islamansiklopedisi.org.tr/alaiye-beyligi · TDV ALÂİYE BEYLİĞİ (Erdoğan Merçil, 1989)",EVET
1361-01-01,yil,alaiye,Alâiye Kıbrıs kralına bağlandı,Kıbrıs Kralı Pierre Antalya'yı alınca Alâiye beyi de Manavgat ve Teke beyleriyle birlikte ona bağlandı; kısa süre sonra itaatten çıktılar.,Alâiye (Alanya),"https://islamansiklopedisi.org.tr/alaiye-beyligi · TDV ALÂİYE BEYLİĞİ (Erdoğan Merçil, 1989)",HAYIR
1427-01-01,yil,alaiye,Alâiye Memlûk sultanına satıldı,Karaman b. Savcı Bey Alâiye'yi 5000 altına Memlûk Sultanı Barsbay'a sattı; beylik Memlûk hâkimiyeti altında Karamanoğlu soyundan beylerle sürdü.,Alâiye (Alanya),"https://islamansiklopedisi.org.tr/alaiye-beyligi · TDV ALÂİYE BEYLİĞİ (Erdoğan Merçil, 1989)",EVET
1471-01-01,yil,alaiye,"Gedik Ahmed Paşa kuşattı, Kılıcarslan Alâiye'yi teslim etti",Fâtih'in emriyle gelen Gedik Ahmed Paşa Alâiye'yi kuşattı; Kılıcarslan şehri teslim etmek zorunda kaldı ve beylik sona erdi.,Alâiye (Alanya),"https://islamansiklopedisi.org.tr/alaiye-beyligi · TDV ALÂİYE BEYLİĞİ (Erdoğan Merçil, 1989)",EVET
1327-01-01,yil-hicri,ammarogullari,Sâbit b. Ammâr Trablusgarp'a hâkim oldu,"Hevvâre Berberîlerinin Zâkûga kolundan Sâbit b. Ammâr Trablusgarp'ı alarak Benî Ammâr hânedanını kurdu; h. 727 = 1326-11-27/1327-11-16 (Jülyen) ∩ 1327 ⇒ ilk gün 1327-01-01. Hicrî→mîlâdî: tabular takvim; 1582 öncesi Jülyen (TDV'nin mîlâdî karşılıkları Jülyen), ±1-2 gün tablo payı.",Trablusgarp,https://islamansiklopedisi.org.tr/ammarogullari--trablusgarp (AMMÂROĞULLARI),EVET
1346-04-24,yil-hicri,ammarogullari,Muhammed b. Sâbit Cerbe'yi aldı,"Muhammed b. Sâbit Cerbe adasını kuşatıp ele geçirdi, fakat bir süre sonra çekilmek zorunda kaldı; h. 747 = 1346-04-24/1347-04-12 (Jülyen), kaynak '1346-47' diyor. Hicrî→mîlâdî: tabular takvim; 1582 öncesi Jülyen (TDV'nin mîlâdî karşılıkları Jülyen), ±1-2 gün tablo payı.",Cerbe,https://islamansiklopedisi.org.tr/ammarogullari--trablusgarp,EVET
1355-01-01,yil,ammarogullari,Cenevizliler Trablus'u aldı,Cenevizli askerler Trablus'a baskın yapıp şehre hâkim oldu; Ammâroğulları şehri kaybetti.,Trablusgarp,https://islamansiklopedisi.org.tr/ammarogullari--trablusgarp,EVET
1370-07-26,yil-hicri,ammarogullari,Ebû Bekir b. Muhammed Trablus'u geri aldı,"Ebû Bekir b. Muhammed bedevî Arapların desteğiyle Trablus'a yeniden hâkim oldu; h. 772 = 1370-07-26/1371-07-14 (Jülyen), kaynak '1370-71'. Hicrî→mîlâdî: tabular takvim; 1582 öncesi Jülyen (TDV'nin mîlâdî karşılıkları Jülyen), ±1-2 gün tablo payı.",Trablusgarp,https://islamansiklopedisi.org.tr/ammarogullari--trablusgarp,EVET
1393-05-01,ay,ammarogullari,Trablus ve Cerbe Sicilya kralını tanıdı,Trablus ve Cerbe elçileri Mayıs 1393'te Sicilya kralının hâkimiyetini tanıdıklarını ve vali beklediklerini bildirdi.,"Trablusgarp, Cerbe",https://islamansiklopedisi.org.tr/ammarogullari--trablusgarp,HAYIR
1401-01-01,yil-hicri,ammarogullari,Hafsî Ebû Fâris hânedana son verdi,"Hafsî hükümdarı Ebû Fâris Abdülazîz son iki Ammâroğlu'nu azledip hapsettirdi; Trablusgarp yeniden Hafsîlere geçti. h. 803 = 1400-08-22/1401-08-10 (Jülyen) ∩ 1401 ⇒ 1401-01-01. Hicrî→mîlâdî: tabular takvim; 1582 öncesi Jülyen (TDV'nin mîlâdî karşılıkları Jülyen), ±1-2 gün tablo payı.",Trablusgarp,https://islamansiklopedisi.org.tr/ammarogullari--trablusgarp,EVET
1204-01-01,yil,atina-dukaligi,Atina Haçlılarca ele geçirildi (Latin dukalığı),IV. Haçlı Seferi'nden sonra Atina Haçlıların eline geçti ve Latin yönetimi başladı.,Atina,"https://islamansiklopedisi.org.tr/atina — TDV, ATİNA",EVET
1311-01-01,yil,atina-dukaligi,Atina Katalan hâkimiyetine geçti,Katalan Kumpanyası 1311'de dukalığı ele geçirdi; Atina 1387'ye kadar Katalanların elinde kaldı.,Atina,"https://islamansiklopedisi.org.tr/atina — TDV, ATİNA",EVET
1387-01-01,yil,atina-dukaligi,Nerio Acciaiuoli Atina'yı aldı (Floransalı dukalık),Korint derebeyi Floransalı Nerio Acciaiuoli Atina'yı Attika bölgesiyle birlikte ele geçirdi.,Atina,"https://islamansiklopedisi.org.tr/atina — TDV, ATİNA",EVET
1397-01-01,yil,atina-dukaligi,Evrenos Bey Atina'yı aldı (kısa süreli Osmanlı hâkimiyeti),Evrenos Bey 1397'de Argos ile Atina'yı aldı; TDV Atina maddesi bu hâkimiyetin kısa sürdüğünü ve 'muhtemelen' kaydıyla verir.,Atina,"https://islamansiklopedisi.org.tr/bayezid-i — TDV, BAYEZİD I (ayrıca atina: 'muhtemelen 1397')",EVET
1456-05-01,ay,atina-dukaligi,Turahan Bey Atina'yı ele geçirdi,Fatih'in gönderdiği Tırhala sancakbeyi Turahan Bey şehri aldı; Mehmed II 1458 Mora seferinde Atina'yı ziyaret etti.,Atina,"https://islamansiklopedisi.org.tr/atina — TDV, ATİNA",EVET
1670-01-01,yil,benihalid,Benî Hâlid Hüfûf'u ele geçirdi,"Berrâk b. Urey'ir, Basra'daki Efrâsiyâb emirliğinin teşvikiyle Lahsâ'nın merkezi Hüfûf'u işgal ederek bölgedeki Osmanlı idaresini kesintiye uğrattı.",Hüfûf (Lahsâ),"https://islamansiklopedisi.org.tr/halid-beni-halid (HÂLİD, BENÎ HÂLİD)",EVET
1795-01-01,yil,benihalid,Suûdîler Lahsâ'ya hâkim oldu,1792'den itibaren artan Suûdî-Vehhâbî baskısı sonunda Abdülazîz b. Muhammed'in kuvvetleri bölgeyi ele geçirdi; emirlik ilk kez tasfiye edildi.,Lahsâ,https://islamansiklopedisi.org.tr/halid-beni-halid,EVET
1818-01-01,yil,benihalid,Benî Hâlid Lahsâ'ya geri döndü,İbrâhim Paşa'nın Vehhâbîleri yenip Dir'iye'ye girmesinin ardından Benî Hâlid Lahsâ'da yeniden yönetimi aldı.,Lahsâ,https://islamansiklopedisi.org.tr/halid-beni-halid,EVET
1830-01-01,yil,benihalid,"Aklâ Muharebesi, emirliğin sonu","Mâcid, Vehhâbîlerle yapılan Aklâ Muharebesi'nde öldü; o güne dek elinde tuttuğu Lahsâ Suûdî denetimine geçti.",Aklâ / Lahsâ,https://islamansiklopedisi.org.tr/halid-beni-halid,EVET
1920-01-01,yil,buhara-halk-cumhuriyeti,Buhara Halk Sovyet Cumhuriyeti kuruldu,Emirliğin yıkılmasıyla Buhara Halk Sovyet Cumhuriyeti teşkil edildi; TDV yalnız yıl veriyor (ilan günü kaynakta yok; olay 1920 Ağustos sonundan sonra).,Buhara,"https://islamansiklopedisi.org.tr/ozbekistan — TDV, ÖZBEKİSTAN",EVET
1920-08-01,ay,buhara-halk-cumhuriyeti,"Kızılordu Buhara'yı işgal etti, Emîr Âlim Han tahttan indirildi","Ağustos 1920 sonunda Kızılordu şehri işgal etti ve son emîr Âlim Han tahtından uzaklaştırıldı; TDV 'Ağustos sonu' diyor, gün yok.",Buhara,"https://islamansiklopedisi.org.tr/buhara — TDV, BUHARA",EVET
1920-10-06,gun,buhara-halk-cumhuriyeti,Buhara Hanlığı resmen ilga edildi,Emîrin uzaklaştırılmasının ardından Buhara Hanlığı resmen kaldırıldı.,Buhara,"https://islamansiklopedisi.org.tr/buhara — TDV, BUHARA",EVET
1924-10-01,ay,buhara-halk-cumhuriyeti,"Buhara hükümeti lağvedildi, toprak Özbekistan SSC'ye katıldı","Ekim 1924'te Buhara hükümeti kaldırıldı ve topraklarının çoğu yeni kurulan Özbekistan SSC'ye bağlandı; TDV ay veriyor, gün yok.",Buhara,"https://islamansiklopedisi.org.tr/buhara — TDV, BUHARA",EVET
1861-06-09,gun,cebel-i-lubnan-mutasarrifligi,Cebel-i Lübnan Nizamnâmesi imzalandı,1860 Dürzî-Mârûnî çatışmalarının ardından Lübnan'ın yönetimine son şeklini veren nizamnâme imzalandı ve mutasarrıflık kuruldu.,Beyrut / Cebel-i Lübnan,https://islamansiklopedisi.org.tr/lubnan (LÜBNAN),EVET
1864-09-06,gun,cebel-i-lubnan-mutasarrifligi,Milletlerarası protokol,Mutasarrıflığın yönetim düzenini yenileyen yeni bir uluslararası protokol imzalandı.,İstanbul,https://islamansiklopedisi.org.tr/lubnan,HAYIR
1915-07-11,gun,cebel-i-lubnan-mutasarrifligi,Osmanlı mutasarrıflığı ilga etti,I. Dünya Savaşı sırasında Osmanlı Devleti mutasarrıflığın özel statüsünü tek taraflı olarak kaldırdı.,Cebel-i Lübnan,https://islamansiklopedisi.org.tr/lubnan,EVET
1918-10-01,ay,cebel-i-lubnan-mutasarrifligi,Lübnan İngiliz-Fransız işgaline girdi,Lübnan Ekim 1918 başında İngiliz ve Fransız kuvvetlerince işgal edildi (künye bitişinden sonraki ardıl olay).,Beyrut / Lübnan,https://islamansiklopedisi.org.tr/lubnan,EVET
1417-02-18,yil-hicri,cebri,Seyf b. Zâmil Cebrî hânedanını kurdu,"Seyf b. Zâmil Lahsâ'da Cervânî hâkimiyetine son vererek Cebrî hânedanını kurdu; h. 820 = 1417-02-18/1418-02-07 (Jülyen), kaynağın mîlâdî yılı 1417 ile kesişimin ilk günü. Hicrî→mîlâdî: tabular takvim; 1582 öncesi Jülyen (TDV'nin mîlâdî karşılıkları Jülyen), ±1-2 gün tablo payı.",Lahsâ,"https://islamansiklopedisi.org.tr/cebriler (CEBRÎLER, A. Özaydın)",EVET
1507-01-01,yil,cebri,Ecved b. Zâmil Portekizlilere karşı koydu,Ecved b. Zâmil Basra körfezine saldıran Portekiz kuvvetlerine şiddetle direndi.,Basra körfezi,https://islamansiklopedisi.org.tr/cebriler,HAYIR
1521-07-27,gun,cebri,"Mukrin'in ölümü, sahillerin Portekiz'e geçişi",Emîr Mukrin Bahreyn'deki Portekizlilerle savaşta yaralanıp üç gün sonra öldü; Portekiz Cebrîlerin elindeki kıyıları işgal etti.,Bahreyn / körfez kıyısı,https://islamansiklopedisi.org.tr/cebriler,EVET
1524-10-29,yil-hicri,cebri,Râşid b. Megāmis Cebrîleri ortadan kaldırdı,"Osmanlılara tâbi Müntefik kabilesinden Râşid b. Megāmis Cebrî hânedanına son verdi; h. 931 = 1524-10-29/1525-10-17 (Jülyen), kaynak '1524-25' diyor, kesişimin ilk günü. Hicrî→mîlâdî: tabular takvim; 1582 öncesi Jülyen (TDV'nin mîlâdî karşılıkları Jülyen), ±1-2 gün tablo payı.",Lahsâ,https://islamansiklopedisi.org.tr/cebriler,EVET
1452-01-01,yil,cemisgezek-beyligi,Çemişgezek hâkimi Şeyh Hasan'a Uzun Hasan seferi,"Uzun Hasan, Çemişgezek hâkimi Şeyh Hasan'ı itaat altına almak için o yöredeyken Âmid'i ele geçirdi; yani 1452'de Çemişgezek'te hâlâ Şeyh Hasan adlı bir yerel hâkim vardı.",Çemişgezek,https://islamansiklopedisi.org.tr/akkoyunlular · TDV AKKOYUNLULAR,HAYIR
1514-01-01,yil,cemisgezek-beyligi,Çaldıran'dan sonra yöre Osmanlı topraklarına katıldı,1473'ten sonra yörede Osmanlı varlığı hissedilse de bölgenin Osmanlı topraklarına katılması Çaldıran Savaşı'nın ardından gerçekleşti.,Çemişgezek / Tunceli yöresi,https://islamansiklopedisi.org.tr/tunceli · TDV TUNCELİ,EVET
1465-01-01,yil,crnojevic-zetasi,Ivan Crnojević başa geçti,Stefan Crnojević'in ölümüyle oğlu Ivan idareyi devraldı ve Venedik yanlısı siyaseti sürdürdü.,Zeta / Žabljak,"Feridun M. Emecen, 'Karadağ Beyi Đurađ Crnojević'in Teftiş Defteri (1497)', Osmanlı Araştırmaları LVII (2021), s. 1-33 — https://osmanliarastirmalari.isam.org.tr/dergi/article/download/67/72/205",HAYIR
1485-01-01,yil,crnojevic-zetasi,Ivan Crnojević II. Bayezid'in himayesine girdi,"Fatih'in ölümünden sonra topraklarına dönen Ivan, II. Bayezid'e 700 duka haraç ödemeyi kabul edip oğlunu rehin olarak İstanbul'a yolladı.",Zeta,"Emecen 2021, Osmanlı Araştırmaları LVII, s. 3 — https://osmanliarastirmalari.isam.org.tr/dergi/article/download/67/72/205",HAYIR
1490-01-01,yil,crnojevic-zetasi,"Ivan'ın ölümü, Đurađ Crnojević başa geçti",Ivan 1490'da öldü; yerine oğlu Đurađ (Curac) ailenin başına geçti.,Zeta,"Emecen 2021, Osmanlı Araştırmaları LVII, s. 3 — https://osmanliarastirmalari.isam.org.tr/dergi/article/download/67/72/205",HAYIR
1496-01-01,yil,crnojevic-zetasi,Đurađ Crnojević ülkesini terk etti; bölge doğrudan Osmanlı idaresine geçti,Kardeşi Stefan'ın İstanbul'a şikâyeti üzerine Đurađ direnmeden idareyi bırakıp Budva üzerinden Venedik'e kaçtı; ardından bölgenin Osmanlı tahriri yapıldı.,Zeta / Karadağ,"Emecen 2021, Osmanlı Araştırmaları LVII, s. 4 — https://osmanliarastirmalari.isam.org.tr/dergi/article/download/67/72/205",EVET
1371-01-01,yil,dejanovic-prensligi,Dejanović kardeşler Ustrumca merkezli ayrı devlet kurdu,Meriç (Çirmen) savaşından sonra Sırp devleti dağılınca Jovan ve Konstantin Dejanović Ustrumca'da ayrı bir devlet kurdular.,Ustrumca,"https://islamansiklopedisi.org.tr/ustrumca — TDV, USTRUMCA",EVET
1371-01-01,yil,dejanovic-prensligi,Konstantin Dejanović I. Murad'ın hükümdarlığını tanıdı,Köstendil idarecisi Konstantin Dejanović 1371'de Osmanlı üstünlüğünü kabul ederek vasal oldu.,Köstendil,"https://islamansiklopedisi.org.tr/kostendil — TDV, KÖSTENDİL (ayrıca https://islamansiklopedisi.org.tr/koprulu — '1371'den beri Osmanlı vasalı')",HAYIR
1395-01-01,yil,dejanovic-prensligi,Konstantin Rovine'de öldü; topraklar Kostadin-ili sancağı oldu,Bayezid'in safında Rovine'de savaşan Konstantin ölünce yerine uygun kimse bulunmadı ve küçük devlet Kostadin-ili adıyla Osmanlı sancağı oldu.,Köstendil / Ustrumca / Köprülü,"https://islamansiklopedisi.org.tr/ustrumca — TDV, USTRUMCA (aynı yıl: kostendil, koprulu)",EVET
1387-01-01,yil,dukagin,Dukagjinler Leş'i prensliğin merkezi yaptı,"Paul ve Lek Dukagjin, Balšić denetiminden çıkarak Leş'i kendi prensliklerinin merkezine dönüştürdüler.",Leş (Lezhë),"https://islamansiklopedisi.org.tr/les — TDV, LEŞ",EVET
1393-05-01,ay,dukagin,Dukagjinler Leş'i Venedik'e bıraktı,Osmanlı baskısı altında Dukagjinler Leş'in idaresini 1393 Mayısında bıraktılar; kale Venedik'e geçti.,Leş (Lezhë),"https://islamansiklopedisi.org.tr/les — TDV, LEŞ",EVET
1444-03-01,gun,dukagin,Leş toplantısı (Arnavut beyleri ittifakı),İskender Bey öteki Arnavut reisleriyle Leş'te bir toplantıda Osmanlı'ya karşı anlaştı. TDV bu maddede Dukagin ailesinin katıldığını ADIYLA söylemiyor.,Leş (Lezhë),"https://islamansiklopedisi.org.tr/iskender-bey — TDV, İSKENDER BEY (Tursun Bey'e atıfla)",HAYIR
1185-04-03,yil-hicri,eyyubi-meyyafarikin,Meyyâfârikîn Eyyûbî hâkimiyetine geçti,Ahlatşah II. Sökmen'in ölümünün ardından Selâhaddîn Meyyâfârikîn'i ele geçirdi; Eyyûbî kolunun merkezi oldu. h. 581 = 1185-04-03/1186-03-22 (Jül.) ∩ 1185 → ilk gün.,Meyyâfârikîn (Silvan),"https://islamansiklopedisi.org.tr/meyyafarikin — TDV, MEYYÂFÂRİKĪN",EVET
1260-01-01,yil-hicri,eyyubi-meyyafarikin,"Moğollar Meyyâfârikîn'i aldı, Eyyûbî kolu sona erdi","Hülâgû'nun Suriye seferi sırasında kuşatılan Meyyâfârikîn, son Eyyûbî el-Melikü'l-Kâmil Nâsırüddin'in direnişinden sonra düştü. h. 658 = 1259-12-17/1260-12-04 (Jül.) ∩ 1260 → 1260-01-01.",Meyyâfârikîn (Silvan),"https://islamansiklopedisi.org.tr/meyyafarikin — TDV, MEYYÂFÂRİKĪN",EVET
1402-11-01,ay,fetret-isa,Îsâ Çelebi Asya yakasında hâkimiyet sağladı,Ankara Savaşı'ndan sonra Îsâ Çelebi Kasım 1402 itibarıyla Boğaz'ın Asya yakası ve Marmara'nın güneyinde hâkim durumdaydı.,Bursa yöresi,"https://islamansiklopedisi.org.tr/isa-celebi · TDV ÎSÂ ÇELEBİ (Nezihi Aykut, 2020)",EVET
1403-01-01,ay,fetret-isa,Îsâ Çelebi Bursa'da saltanatını ilan etti,Timur'dan aldığı menşurla Bursa'yı elde edip saltanatını ilan etti; Ocak 1403'te 'Türklerin hükümdarı' olarak tanındı.,Bursa,"https://islamansiklopedisi.org.tr/isa-celebi · TDV ÎSÂ ÇELEBİ (Nezihi Aykut, 2020)",EVET
1403-09-01,yaklasik,fetret-isa,Îsâ Çelebi Eskişehir'de yakalanıp öldürüldü,"Ulubat'ta Çelebi Mehmed'e yenilen, sonra Bursa'yı yeniden zorlayan Îsâ Çelebi Eskişehir'de yakalanıp boğduruldu. Ölüm günü bilinmiyor: TDV ölüm yılını 806 (başı 1403-07-21) verir, Clavijo Eylül 1403'te onun ölmüş olduğunu yazar ⇒ 1403-07-21 ile Eylül 1403 arası; tarih terminus ante quem.",Eskişehir,"https://islamansiklopedisi.org.tr/isa-celebi · TDV ÎSÂ ÇELEBİ (Nezihi Aykut, 2020)",EVET
1798-06-30,gun,fransiz-misir-seferi,Fransızlar İskenderiye'yi aldı,Bonapart'ın ordusu İskenderiye'yi kuşatıp ele geçirdi; Mısır işgali başladı.,İskenderiye,"https://islamansiklopedisi.org.tr/iskenderiye (TDV İSKENDERİYE) · karşılaştırma: https://www.napoleon.org/en/reading_room/articles/files/campaign_egypt.asp (Fondation Napoléon, 'The chronology for Egypt')",EVET
1798-07-21,gun,fransiz-misir-seferi,Ehram Savaşı'yla Aşağı Mısır Fransızların oldu,"Bonapart, Kahire karşısında Memlük ordusunu yendi ve Aşağı Mısır'ın hâkimiyetini sağladı.",İmbâbe (Kahire karşısı),"https://www.napoleon.org/en/reading_room/articles/files/campaign_egypt.asp (Fondation Napoléon, 'The chronology for Egypt')",EVET
1798-07-24,gun,fransiz-misir-seferi,Bonapart Kahire'ye girdi,Ehram zaferinden üç gün sonra Bonapart Kahire'ye girdi.,Kahire,"https://www.napoleon.org/en/reading_room/articles/files/campaign_egypt.asp (Fondation Napoléon, 'The chronology for Egypt')",EVET
1798-08-01,gun,fransiz-misir-seferi,Ebûkīr'de Fransız donanması yok edildi,Nelson komutasındaki İngiliz filosu Ebûkīr açığında Fransız donanmasını yendi; ordu Mısır'da kuşatılmış kaldı.,Ebûkīr,"https://islamansiklopedisi.org.tr/iskenderiye (TDV İSKENDERİYE) · https://www.napoleon.org/en/reading_room/articles/files/campaign_egypt.asp (Fondation Napoléon, 'The chronology for Egypt')",HAYIR
1799-08-01,ay,fransiz-misir-seferi,Bonapart Mısır'dan ayrıldı,Akkâ'da Cezzâr Ahmed Paşa'ya yenilen Bonapart Mısır'ı terk etti; ordu Kleber'e kaldı.,İskenderiye,"https://islamansiklopedisi.org.tr/misir (TDV MISIR, §6) · https://www.napoleon.org/en/reading_room/articles/files/campaign_egypt.asp (Fondation Napoléon, 'The chronology for Egypt') (gün: 23 Ağustos 1799)",HAYIR
1801-08-01,ay,fransiz-misir-seferi,Fransızlar Mısır'ı terk etmek zorunda kaldı,Osmanlı-İngiliz ortak harekâtı karşısında tutunamayan Fransız kuvvetleri Mısır'dan çekilmek zorunda kaldı.,İskenderiye / Mısır,"https://islamansiklopedisi.org.tr/misir (TDV MISIR, §6)",EVET
1709-03-12,yil-hicri,galzay,Galzaylar Kandehar'ı alıp Safevîlerden koptu,Galzay Afganları Mîr Veys önderliğinde Safevîlere ayaklanıp Kandehar'ı ele geçirdi. h. 1121 = 1709-03-12/1710-02-28 ∩ 1709 → ilk gün; TDV safeviler de yalnız 1709 diyor.,Kandehar,"https://islamansiklopedisi.org.tr/kandehar — TDV, KANDEHAR · https://islamansiklopedisi.org.tr/safeviler — TDV, SAFEVÎLER (Tufan Gündüz)",EVET
1722-11-10,gun,galzay,Safevî başkenti İsfahan Galzaylara teslim oldu,Gülnâbâd yenilgisinden sonra kuşatılan İsfahan'da Şah Hüseyin kayıtsız şartsız teslim oldu; Safevî başkenti Galzay eline geçti.,İsfahan,"https://islamansiklopedisi.org.tr/safeviler — TDV, SAFEVÎLER (Tufan Gündüz) · https://islamansiklopedisi.org.tr/isfahan (1134/1722, yıl)",EVET
1729-07-26,yil-hicri,galzay,İsfahan ve Şiraz Galzaylardan geri alındı,"Nâdir, İsfahan ve Şiraz'ı Galzaylardan geri alarak İran içlerindeki Galzay hâkimiyetine son verdi. h. 1142 = 1729-07-26/1730-07-15 (Greg., tablo ±1 gün) ∩ 1729 → ilk gün.","İsfahan, Şiraz","https://islamansiklopedisi.org.tr/nadir-sah--iran — TDV, NÂDİR ŞAH (İran)",EVET
1738-03-01,yil-hicri,galzay,"Nâdir Şah Kandehar'ı aldı, Galzay devleti sona erdi","Nâdir Şah Kandehar'ı ele geçirdi ve şehri tahrip etti; Galzay devleti son bulmuş oldu. Zilkade 1150 = 1738-02-19/1738-03-20 (Greg., tablo ±1 gün) ∩ Mart 1738 → 1738-03-01.",Kandehar,"https://islamansiklopedisi.org.tr/nadir-sah--iran — TDV, NÂDİR ŞAH (İran) · https://islamansiklopedisi.org.tr/kandehar — TDV, KANDEHAR",EVET
1913-08-31,gun,garbi-trakya,Garbî Trakya Hükûmet-i Muvakkatesi Gümülcine'de ilân edildi,Gümülcine merkezli geçici hükümet ilân edildi; Dedeağaç'ın alınmasından sonra Hükûmet-i Müstakille adıyla bağımsızlığını duyurdu.,Gümülcine,"https://islamansiklopedisi.org.tr/bati-trakya — TDV, BATI TRAKYA",EVET
1913-09-29,gun,garbi-trakya,İstanbul Muahedesi Batı Trakya'yı Bulgaristan'a bıraktı,Osmanlı-Bulgar İstanbul Antlaşması ile Batı Trakya Bulgaristan'a bırakıldı ve teslim için 25 Ekim'e kadar süre konuldu.,İstanbul,"https://islamansiklopedisi.org.tr/bati-trakya — TDV, BATI TRAKYA",HAYIR
1913-10-25,gun,garbi-trakya,Bulgaristan'a teslim süresinin sonu — hükümet dağıldı,Antlaşmanın şart koştuğu teslim tarihiyle Hükûmet-i Müstakille sona erdi; TDV ömrünü elli yedi gün olarak verir.,Gümülcine,"https://islamansiklopedisi.org.tr/bati-trakya — TDV, BATI TRAKYA",EVET
1408-05-27,yil-hicri,gozleroglu,Gözleroğlu Şebinkarahisar'ı aldı,"Timur istilasının ardından Şebinkarahisar Gözleroğlu'nun eline geçti; hicrî 811 = 1408-05-27/1409-05-15 (Jülyen), kaynağın mîlâdî yılı 1408 ile kesişimin ilk günü.",Şebinkarahisar,https://islamansiklopedisi.org.tr/sebinkarahisar · TDV ŞEBİNKARAHİSAR (Fatma Acun),EVET
1418-01-01,yaklasik,gozleroglu,Şebinkarahisar Karakoyunlulara geçti,Gözleroğlu döneminden on yıl sonra şehir Karakoyunlu Türkmenlerinin eline geçti. Yıl kaynakta açık yazılmıyor; '811'den (1408) on yıl sonra' ifadesinden çıkarılıyor (h. 821 ya da 1418).,Şebinkarahisar,https://islamansiklopedisi.org.tr/sebinkarahisar · TDV ŞEBİNKARAHİSAR (Fatma Acun),EVET
1920-02-02,gun,harezm-halk-cumhuriyeti,Hîve Hanı Seyyid Abdullah tahttan çekildi,"Son Kongirat hanı Seyyid Abdullah, Rusların desteklediği Özbek ve Türkmen muhaliflerin baskısıyla tahttan çekildi; Hîve Hanlığı sona erdi.",Hîve,"https://islamansiklopedisi.org.tr/hive-hanligi — TDV, HÎVE HANLIĞI (Mehmet Saray)",EVET
1920-04-26,gun,harezm-halk-cumhuriyeti,Hârizm Halk Cumhuriyeti ilân edildi,Hanlığın yıkılışının ardından Hîve'de Hârizm Halk Cumhuriyeti ilân edildi.,Hîve,"https://islamansiklopedisi.org.tr/hive-hanligi — TDV, HÎVE HANLIĞI (Mehmet Saray) · https://islamansiklopedisi.org.tr/ozbekistan (1920, yıl)",EVET
1924-01-01,yil,harezm-halk-cumhuriyeti,Hârizm Halk Cumhuriyeti'ne son verildi,"Cumhuriyet kaldırılıp toprakları Hârizm, Özbekistan, Türkmenistan ve Karakalpakistan arasında paylaştırıldı; TDV gün/ay vermiyor (27 Ekim 1924 yalnız Wikipedia türevlerinde — dayanak değil).",Hîve / Harezm,"https://islamansiklopedisi.org.tr/hive-hanligi — TDV, HÎVE HANLIĞI (Mehmet Saray)",EVET
1520-11-01,yaklasik,harfusogullari,Harfûşoğulları Canbirdi isyanında Ba'lebek'e yerleşti,"Harfûşoğulları Canbirdi Gazâlî isyanı sırasında Ba'lebek bölgesine yerleşti. İsyanın çerçevesi TDV canbirdi-gazali'de: Halep kuşatması 1 Kasım 1520, bastırılma 27 Ocak 1521; yerleşme bu aralıkta, günü/ayı bilinmiyor.",Ba'lebek,https://islamansiklopedisi.org.tr/harfus · TDV HARFÛŞ; çerçeve https://islamansiklopedisi.org.tr/canbirdi-gazali,EVET
1831-01-01,yil,harfusogullari,Ba'lebek İbrâhim Paşa tarafından zaptedildi,Mısır valisi Mehmed Ali Paşa'nın oğlu İbrâhim Paşa Ba'lebek'i aldı; şehir daha sonra geri alındı.,Ba'lebek,https://islamansiklopedisi.org.tr/balebek · TDV BA'LEBEK,EVET
1850-01-01,yil,harfusogullari,Ba'lebek Şam vilayetine bağlı kaza merkezi yapıldı,Bâbıâli'nin yeni düzenlemesiyle Ba'lebek Şam vilayetine tâbi bir kaza merkezi oldu. TDV harfus Harfûş hâkimiyetinin '19. yüzyıl ortalarına kadar' sürdüğünü söyler; 1850 bitiş yılı bu iki maddenin birleşimidir (çıkarım).,Ba'lebek,https://islamansiklopedisi.org.tr/balebek · TDV BA'LEBEK; https://islamansiklopedisi.org.tr/harfus,EVET
1938-07-05,gun,hatay-devleti,Türk birlikleri Hatay'a girdi,Türkiye garantör sıfatıyla askerî birliklerini Hatay'a soktu.,Hatay (İskenderun Sancağı),https://islamansiklopedisi.org.tr/antakya (ANTAKYA),HAYIR
1938-09-02,gun,hatay-devleti,Hatay Millet Meclisi açıldı,Hatay Cumhuriyeti Millet Meclisi açıldı ve devlet başkanlığına Tayfur Sökmen seçildi.,Antakya,https://islamansiklopedisi.org.tr/antakya (ANTAKYA),EVET
1939-06-23,gun,hatay-devleti,Hatay'ın Türkiye'ye katılması kesinleşti,Türkiye ile Fransa arasında imzalanan antlaşmayla Hatay'ın katılımı kesinleşti; Hatay Millet Meclisi aynı gün bu yönde karar aldı.,Antakya / Ankara,https://islamansiklopedisi.org.tr/antakya (ANTAKYA),EVET
0789-01-01,yil-hicri,idrisi,I. İdrîs'e Velîlâ'da biat edildi,Hz. Hasan soyundan I. İdrîs'e Velîlâ'da Berberî Evrebe kabilesi dinî ve siyasî lider olarak biat etti; İdrîsî devletinin temeli böyle atıldı. h. 172 = 788-06-10/789-05-29; kaynak mîlâdî 789 diyor ⇒ 789-01-01.,Velîlâ (Volubilis),https://islamansiklopedisi.org.tr/idrisiler (TDV İDRÎSÎLER),EVET
0925-03-28,yil-hicri,idrisi,Fâtımîler İdrîsî merkezini aldı,İdrîsîler'in merkezi (Fas) yeniden Fâtımîler'in eline geçti. h. 313 = 925-03-28/926-03-17; kaynak 925 ⇒ 925-03-28.,Fas,https://islamansiklopedisi.org.tr/idrisiler (TDV İDRÎSÎLER),EVET
0929-02-13,yil-hicri,idrisi,İdrîsî güçleri Hacerünnesr Kalesi'ne çekildi,Direnen İdrîsî kuvvetleri Rif dağındaki Hacerünnesr Kalesi'ne sığındı; kale bundan sonra hânedanın son dayanağı ve merkezi oldu. h. 317 = 929-02-13/930-02-01; kaynak 929 ⇒ 929-02-13.,Hacerünnesr (Rif),https://islamansiklopedisi.org.tr/idrisiler (TDV İDRÎSÎLER),EVET
0960-11-13,gun,idrisi,Fâtımî ordusu Fas şehrini zaptetti,Fâtımî kumandanı Cevher es-Sıkıllî'nin ordusu Fas şehrini ele geçirdi.,Fas,https://islamansiklopedisi.org.tr/idrisiler (TDV İDRÎSÎLER),EVET
0974-01-01,yil-hicri,idrisi,II. Hasan Hacerünnesr'de Endülüs Emevîlerine teslim oldu,Son İdrîsî hükümdarı II. Hasan Endülüs Emevî ordusuna yenildi ve Hacerünnesr Kalesi'nde teslim oldu. h. 363 = 973-10-01/974-09-19; kaynak 974 ⇒ 974-01-01.,Hacerünnesr (Rif),https://islamansiklopedisi.org.tr/idrisiler (TDV İDRÎSÎLER),EVET
0985-05-23,yil-hicri,idrisi,"Son İdrîsî II. Hasan öldürüldü, hânedan sona erdi","Kısa bir dönüş denemesinden sonra II. Hasan, Hâcib el-Mansûr'un gönderdiği adamlarca yolda öldürüldü ve İdrîsî hânedanı sona erdi. h. 375 = 985-05-23/986-05-11; kaynak 985 ⇒ 985-05-23.",Endülüs yolu,https://islamansiklopedisi.org.tr/idrisiler (TDV İDRÎSÎLER),EVET
1492-01-01,yil,kaheti-kralligi,Kaheti kralı III. İvan'dan himaye istedi (en erken tanıklık),"Kaheti kralı Rus Çarı III. İvan'ın himayesini istedi; krallığın kaynakla tanıklanan en erken yılı, kuruluş değil.",Kaheti,https://en.wikisource.org/wiki/1911_Encyclop%C3%A6dia_Britannica/Georgia — EB1911 'Georgia',HAYIR
1555-01-01,yil,kaheti-kralligi,Amasya Antlaşması ile Kahet Safevî payına düştü,"Amasya Antlaşması'yla Kartli, Kahet ve Mosuk Safevî Devleti'nin nüfuz alanına bırakıldı; TDV yalnız yıl veriyor.",Kaheti,"https://islamansiklopedisi.org.tr/gurcistan — TDV, GÜRCİSTAN",EVET
1578-01-01,yil,kaheti-kralligi,"Kahet hâkimi Osmanlılara itaat etti, ocaklık olarak bırakıldı",Tiflis'in 24 Ağustos'ta Lala Mustafa Paşa'ca alınmasından sonra Kahet yöneticisi itaatini bildirdi; ülke ocaklık olarak eski hâkimi Alexandre'a bırakıldı. Gün kaynakta yok; olay 24 Ağustos 1578'den SONRA.,Kaheti,"https://islamansiklopedisi.org.tr/gurcistan — TDV, GÜRCİSTAN · https://islamansiklopedisi.org.tr/tiflis — TDV, TİFLİS (24 Ağustos)",EVET
1612-01-01,yil,kaheti-kralligi,İstanbul Antlaşması ile Kahet yeniden Osmanlı idaresine,"1612 İstanbul Antlaşması'yla Kartli ve Kahet tekrar Osmanlı idaresine bırakıldı, ancak tâbi hükümdarlar Şah Abbas'ın saldırılarına dayanamadı.",Kaheti,"https://islamansiklopedisi.org.tr/gurcistan — TDV, GÜRCİSTAN",EVET
1625-01-01,yil,kaheti-kralligi,Kahet Safevî idaresine katıldı,"Kartli ve Kahet 1625'te Safevî idaresine geçti, 1632'de Tiflis vilâyeti olarak örgütlendi.",Kaheti,"https://islamansiklopedisi.org.tr/gurcistan — TDV, GÜRCİSTAN",EVET
1724-01-01,yil,kaheti-kralligi,1724 antlaşmasıyla Kahet Osmanlı idaresine katıldı,1724 Osmanlı-Rus antlaşmasıyla Gürcistan'ın Kartli ve Kahet bölgeleri Osmanlı idaresine bırakıldı.,Kaheti,"https://islamansiklopedisi.org.tr/gurcistan — TDV, GÜRCİSTAN",EVET
1762-01-01,yil,kaheti-kralligi,Kartli ve Kaheti II. Irakli idaresinde birleşti,"II. Teymuraz'ın ölümünün ardından Irakli, Kartli ve Kahet'i tek idare altında topladı; ayrı Kaheti Krallığı sona erdi.",Tiflis / Kaheti,"https://islamansiklopedisi.org.tr/gurcistan — TDV, GÜRCİSTAN",EVET
1311-01-01,yil,katalan,Katalan Kumpanyası Atina dukalığını ele geçirdi,Paralı Katalan Kumpanyası Atina ve Teb dukalıklarındaki Latin beyleri devirerek yönetimi aldı.,Atina / Teb,"https://islamansiklopedisi.org.tr/atina — TDV, ATİNA; Britannica 'Greece — Athens, Thebes and Corinth' https://www.britannica.com/place/Greece/Athens-Thebes-and-Corinth (Britannica sayfası WebFetch'e 403 döndü; alıntı britannica.com alan-kısıtlı WebSearch özetinden)",EVET
1319-01-01,yil,katalan,Katalanlar Neopatras'ı (Badracık) aldı,Bizanslı idarecilerin elindeki Neopatras 1319'da Katalanlarca zaptedildi; Atina-Neopatras dukalığının ikinci merkezi oldu.,"Neopatras (Badracık, Hypati)","https://islamansiklopedisi.org.tr/badracik — TDV, BADRACIK",EVET
1387-01-01,yil,katalan,Atina Nerio Acciaiuoli'ye geçti,Floransalı Nerio Acciaiuoli Atina'yı Attika ile birlikte aldı; Katalan hâkimiyeti Atina'da sona erdi.,Atina,"https://islamansiklopedisi.org.tr/atina — TDV, ATİNA",EVET
1391-01-01,yil,katalan,Neopatras da Acciaiuoli idaresine geçti — Katalan varlığı bitti,TDV'ye göre Neopatras 1391'den 1394'e kadar Floransalı Atina dükü Nerio Acciaiuoli tarafından idare edildi; böylece son Katalan merkezi de elden çıktı.,Neopatras (Badracık),"https://islamansiklopedisi.org.tr/badracik — TDV, BADRACIK",EVET
1199-01-01,yil,kerayit,Ong Han ve Timuçin Nayman Buyruk Han'ı bozdu,"Kerâyit hükümdarı Ong Han, müttefiki Timuçin ile birlikte Kişil-Baş'ta Nayman hakanı Buyruk Han'ı bozguna uğrattı.",Kişil-Baş,https://islamansiklopedisi.org.tr/cengiz-han (TDV CENGİZ HAN),HAYIR
1203-01-01,yil,kerayit,"Timuçin Kerâyit ülkesini yağmaladı, Ong Han kaçtı",Ong Han ve oğlu Senggün'ün suikast planını önceden öğrenen Timuçin ani bir baskınla Kerâyit yurdunu yağmaladı; Ong Han ile oğlu kaçtı.,Kerâyit yurdu (Orta Moğolistan),https://islamansiklopedisi.org.tr/cengiz-han (TDV CENGİZ HAN),EVET
1878-06-04,gun,kibris-ingiliz,Kıbrıs Sözleşmesi imzalandı,"Babıâli, İngiltere'nin adaya yerleşmesinin zeminini hazırlayan anlaşmayı imzaladı; egemenlik Osmanlı'da kaldı.",İstanbul,https://islamansiklopedisi.org.tr/kibris (TDV KIBRIS),HAYIR
1878-07-15,gun,kibris-ingiliz,Kıbrıs resmen İngiliz geçici idaresine girdi,Osmanlı-İngiliz anlaşmaları padişahın onayıyla yürürlüğe girdi ve aynı gün adanın İngiltere'nin geçici idaresine geçtiği resmen ilân edildi.,Kıbrıs (Lefkoşa),https://islamansiklopedisi.org.tr/kibris (TDV KIBRIS),EVET
1914-11-05,gun,kibris-ingiliz,İngiltere Kıbrıs'ı ilhak etti,Osmanlı'nın savaşa girmesinin ardından İngiltere adayı resmen ilhak etti; Osmanlı egemenliği hukuken de sona erdi.,Kıbrıs,https://islamansiklopedisi.org.tr/kibris (TDV KIBRIS),EVET
1192-01-01,yil,kibris-krallik,Guy de Lusignan Kıbrıs'ı edindi (Lüzinyan krallığı),Kudüs unvanını İngiltere kralı Richard'a bırakan Guy de Lusignan karşılığında Kıbrıs'ın egemenliğini aldı; TDV Lüzinyan dönemini 1192-1489 diye tarihler.,Kıbrıs,"https://islamansiklopedisi.org.tr/kibris — TDV, KIBRIS; Britannica 'Guy (king of Jerusalem)' https://www.britannica.com/biography/Guy-king-of-Jerusalem (Britannica sayfası WebFetch'e 403 döndü; alıntı britannica.com alan-kısıtlı WebSearch özetinden)",EVET
1426-01-01,yil,kibris-krallik,Barsbay'ın seferi — Kıbrıs Memlük haracına bağlandı,"Memlük sultanı Barsbay'ın donanması Limasol, Larnaka ve Lefkoşa'yı aldı, Kral Janus'u esir edip Kahire'ye götürdü; kral fidyeyle bırakıldı, ada vergiye bağlandı.","Kıbrıs (Limasol, Larnaka, Lefkoşa)","https://islamansiklopedisi.org.tr/kibris — TDV, KIBRIS",EVET
1489-02-26,gun,kibris-krallik,"Caterina Cornaro tahttan feragat etti, Kıbrıs Venedik'e geçti",Kraliçe Caterina'nın tahttan çekilmesiyle Venedik adanın idaresini doğrudan üstlendi.,Kıbrıs,"https://islamansiklopedisi.org.tr/kibris — TDV, KIBRIS",EVET
1490-02-01,ay,kibris-krallik,Memlük sultanı devri tanıdı,"Haraç sahibi Mısır sultanı, Kıbrıs Krallığı'nın Venedik'e devrini kabul etti.",Kıbrıs / Kahire,"https://islamansiklopedisi.org.tr/kibris — TDV, KIBRIS",HAYIR
0911-01-01,yil,koco-uygur,Turfan Uygur Devleti bağımsız oldu,840 dağılmasından sonra Turfan-Beşbalık bölgesine yerleşen Uygurların devleti bağımsız hâle geldi.,Turfan / Koço,https://islamansiklopedisi.org.tr/uygurlar (TDV UYGURLAR),EVET
1209-01-01,yil,koco-uygur,Barçuk İdikut Cengiz Han'a tâbi oldu,Karahıtaylara bağlı Turfan İdikutları Barçuk İdikut önderliğinde Cengiz Han'a itaat etti ve Moğol tâbiiyetine geçti.,Turfan / Beşbalık,https://islamansiklopedisi.org.tr/turfan (TDV TURFAN) · https://islamansiklopedisi.org.tr/uygurlar (TDV UYGURLAR) · https://islamansiklopedisi.org.tr/cengiz-han,EVET
1368-01-01,yil,koco-uygur,Turfan Uygur Devleti'nin Moğol idaresindeki varlığı sona erdi,TDV'ye göre Turfan Uygur Devleti 1209'dan sonra Moğol idaresi altında 1368'e kadar varlığını sürdürdü.,Turfan,https://islamansiklopedisi.org.tr/uygurlar (TDV UYGURLAR) · https://islamansiklopedisi.org.tr/turfan (TDV TURFAN),EVET
1830-01-01,yil,konstantin-beyligi,Ahmed Bey Kostantîne'de bağımsız beylik kurmaya girişti,Cezayir'in düşüşünden sonra Kuloğlu Ahmed Bey Kostantîne'de bağımsız bir beylik kurmaya çalıştı ve merkezden paşalık unvanı aldı.,Kostantîne,"https://islamansiklopedisi.org.tr/kostantine — TDV, KOSTANTÎNE",EVET
1830-07-05,gun,konstantin-beyligi,Cezayir'in Fransızlarca işgali — Kostantîne beyliği merkezden koptu,Fransızlar Cezayir şehrini işgal edince Dayılığa bağlı doğu beyliği Kostantîne'de Ahmed Bey'in elinde kaldı.,Cezayir şehri,"https://islamansiklopedisi.org.tr/cezayir — TDV, CEZAYİR",EVET
1836-01-01,yil,konstantin-beyligi,Clauzel'in Kostantîne seferi püskürtüldü,Fransız genel valisi Mareşal Clauzel'in şehri alma girişimini Ahmed Bey geri püskürttü.,Kostantîne,"https://islamansiklopedisi.org.tr/kostantine — TDV, KOSTANTÎNE (ayrıca cezayir: 'mağlûp oldular (1836)')",HAYIR
1837-10-13,gun,konstantin-beyligi,Kostantîne Fransızlarca alındı,General Valée kumandasındaki Fransız ordusu kanlı bir hücumla şehri aldı; Ahmed Bey Sahra'ya çekildi.,Kostantîne,"https://islamansiklopedisi.org.tr/kostantine — TDV, KOSTANTÎNE (aynı gün: cezayir)",EVET
1848-01-01,yil,konstantin-beyligi,Ahmed Bey teslim alındı,Sahra'da on bir yıl direnen Ahmed Bey 1848'de Fransızlara teslim oldu.,Cezayir (Sahra kenarı),"https://islamansiklopedisi.org.tr/cezayir — TDV, CEZAYİR",HAYIR
1881-01-01,yil,kuayti-sultanligi,Yâfiîler (Kuaytî) bütün Hadramut sahilini aldı,"İngiliz desteğindeki Yâfiî/Kuaytî gücü 1881 sonunda Şihr ve Mükellâ dahil Hadramut kıyısının tamamına hâkim oldu. Kaynak '1881 sonunda' diyor, ay yok.",Şihr ve Mükellâ,https://islamansiklopedisi.org.tr/hadramut (HADRAMUT),EVET
1882-05-01,ay,kuayti-sultanligi,İngiltere ile ön anlaşma,İngilizler Yâfiîlerle yaptıkları ön anlaşmayla onların kendi onayları olmadan dış ilişki kurmasını kısıtladı.,Hadramut sahili,https://islamansiklopedisi.org.tr/hadramut,HAYIR
1888-01-01,yil,kuayti-sultanligi,İngiliz himaye antlaşması,1888 himaye antlaşmasıyla sahildeki Yâfiî/Kuaytî yönetiminin dış ilişkileri tamamen İngiltere'ye geçti.,Hadramut sahili,https://islamansiklopedisi.org.tr/hadramut,EVET
1967-01-01,yil,kuayti-sultanligi,"Güney Yemen bağımsızlığı, sultanlığın sonu",Güney Yemen ve Aden 1967'de bağımsızlığa kavuştu ve Millî Kurtuluş Cephesi yönetimine geçti; İngiliz himayesindeki Hadramut sultanlıkları bununla sona erdi. TDV yalnız yıl veriyor ve Kuaytî adını anmıyor.,Mükellâ,"https://islamansiklopedisi.org.tr/yemen (YEMEN, son dönem)",EVET
1734-01-01,yil,kuba-hanligi,Nâdir Şah Kuba'yı tahrip etti,Nâdir Şah'ın seferinde Kuba tahrip ve yağma edildi; şehir 1735'te yeniden yıkıma uğradı.,Kuba,"https://islamansiklopedisi.org.tr/kuba--azerbaycan — TDV, KUBA (Azerbaycan)",HAYIR
1735-01-01,yil,kuba-hanligi,"Hudad yıkıldı, hanlık merkezi Kuba'ya taşındı",1735 Lezgi olaylarında hanın ikametgâhı Hudad Kalesi tamamen yıkılınca hanlık merkezi Kuba'ya nakledildi.,Hudad → Kuba,"https://islamansiklopedisi.org.tr/kuba--azerbaycan — TDV, KUBA (Azerbaycan)",HAYIR
1758-01-01,yil,kuba-hanligi,Feth Ali Han hanlığın başına geçti,"Feth Ali Han babasının yerine geçti; on yıl içinde Kuba, Salyan, Bakü, Derbend ve Şamahı'yı kontrolüne aldı.",Kuba,"https://islamansiklopedisi.org.tr/kuba--azerbaycan — TDV, KUBA (Azerbaycan)",EVET
1796-05-01,ay,kuba-hanligi,"Rus ordusu Derbend'i, ardından Kuba'yı işgal etti","II. Katerina'nın ordusu Mayıs 1796'da Derbend'i, kısa süre sonra Kuba'yı işgal etti. Ay Derbend'e ait; Kuba'nın işgali 'az sonra' (gün/ay yok).","Derbend, Kuba","https://islamansiklopedisi.org.tr/kuba--azerbaycan — TDV, KUBA (Azerbaycan)",EVET
1806-01-01,yil,kuba-hanligi,Derbend ve Kuba yeniden Rus istilasına uğradı,1805'te başlayan Rus-İran savaşı sırasında Derbend ve Kuba bir kez daha Rus kuvvetlerince istila edildi; TDV yalnız yıl veriyor.,"Derbend, Kuba","https://islamansiklopedisi.org.tr/kuba--azerbaycan — TDV, KUBA (Azerbaycan)",EVET
1813-10-24,gun,kuba-hanligi,Gülistan Antlaşması ile Kuba Hanlığı ilga edildi,Gülistan Antlaşması'yla Kuba ve Derbend hanlıkları kaldırılıp toprakları Rusya'ya bırakıldı; antlaşma 12 Ekim 1813 (Jül.) = 24 Ekim 1813 (Greg.) tarihinde imzalandı.,Gülistan (Karabağ),"https://islamansiklopedisi.org.tr/kuba--azerbaycan — TDV, KUBA (Azerbaycan) (yıl) · https://www.prlib.ru/en/node/619659 — Presidential Library (Rusya), 'Treaty of Gulistan was signed' (gün)",EVET
1578-01-01,yil,kumuk-samhalligi,Dağıstan Osmanlı hâkimiyetine girdi,"TDV Dağıstan'ın 1578-1606 arasında Osmanlı hâkimiyetinde kaldığını söylüyor. ⚠️ Hüküm BÖLGE çapında (Dağıstan), şemhallığa adıyla bağlanmıyor; gün/ay yok.",Dağıstan,"https://islamansiklopedisi.org.tr/dagistan — TDV, DAĞISTAN",EVET
1578-03-09,yil-hicri,kumuk-samhalligi,"Şemhal Çoban öldü, oğlu yerine geçti",Kumuk şemhali Çoban öldü ve yerine oğlu geçti. h. 986 = 1578-03-09/1579-02-26 (Jül.) ∩ 1578 → ilk gün.,Dağıstan (Tarku),"https://islamansiklopedisi.org.tr/kumuklar — TDV, KUMUKLAR",HAYIR
1606-01-01,yil,kumuk-samhalligi,Dağıstan'da Osmanlı hâkimiyeti sona erdi,"TDV'ye göre Dağıstan'daki Osmanlı hâkimiyeti 1606'da bitti; 1607'de Şah Abbas Şamahı'yı aldı. ⚠️ Bölge çapında hüküm, şemhallığa adıyla bağlanmıyor.",Dağıstan,"https://islamansiklopedisi.org.tr/dagistan — TDV, DAĞISTAN",EVET
1725-01-01,yil,kumuk-samhalligi,Ruslar şemhallerin bağımsız yönetimine son verdi,1586'dan beri süren Rus saldırıları sonunda şemhallik bağımsızlığını yitirdi; polity Rus nüfuzu altında yaşamaya devam etti (yıkılış değil tâbiyet değişimi).,Dağıstan (Tarku),"https://islamansiklopedisi.org.tr/kumuklar — TDV, KUMUKLAR",EVET
1516-10-01,ay,lubnan-emirligi,Lübnan idaresi Ma'noğullarına verildi,Yavuz Sultan Selim'in seferiyle Osmanlı yönetimine giren bölgede yapılan düzenlemeyle Lübnan'ın idaresi Ma'noğullarına bırakıldı.,Cebel-i Lübnan (Şûf),https://islamansiklopedisi.org.tr/lubnan (LÜBNAN),EVET
1635-01-01,yil,lubnan-emirligi,Fahreddin Ma'noğlu'nun idamı,Yakalanan Fahreddin oğullarıyla İstanbul'a gönderildi ve idam edildi; Ma'noğullarının bölgesel gücü kırıldı.,İstanbul / Lübnan,https://islamansiklopedisi.org.tr/lubnan,EVET
1697-01-01,yil,lubnan-emirligi,Ma'noğullarından Şihâbîlere geçiş,Ahmed Ma'n'ın çocuksuz ölümüyle Ma'noğulları dönemi bitti; Dürzî ileri gelenleri Beşîr Şihâbî'yi emir seçti.,Cebel-i Lübnan,https://islamansiklopedisi.org.tr/lubnan,HAYIR
1840-10-01,ay,lubnan-emirligi,II. Beşîr sürgüne gitti,Emîr Beşîr Şihâbî Lübnan'dan ayrılıp Malta'ya sürgüne gitti; emirlik çözülme dönemine girdi.,Beyteddin / Malta,https://islamansiklopedisi.org.tr/lubnan,HAYIR
1842-01-01,ay,lubnan-emirligi,"III. Beşîr görevden alındı, emirlik sona erdi","Otorite kuramayan III. Beşîr görevden alındı; Şihâbî yönetimi bitti, ardından çifte kaymakamlık dönemi (1843-1860) başladı.",Cebel-i Lübnan,https://islamansiklopedisi.org.tr/lubnan,EVET
1815-06-09,gun,luksemburg-hollanda-birligi,"Viyana Nihai Senedi — Lüksemburg büyük dükalık, Hollanda kralına",Viyana Kongresi'nin Nihai Senedi imzalandı; Lüksemburg büyük dükalık yapılarak Hollanda kralının şahsına bağlandı.,Viyana,Britannica 'Final Act of Vienna' https://www.britannica.com/topic/Final-Act-of-Vienna + 'Low Countries' https://www.britannica.com/place/Low-Countries (Britannica sayfası WebFetch'e 403 döndü; alıntı britannica.com alan-kısıtlı WebSearch özetinden),EVET
1839-01-01,yil,luksemburg-hollanda-birligi,Lüksemburg'un batı yarısı Belçika'ya bırakıldı,"Hollanda kralı Belçika'yı 1838 sınırlarıyla tanıyınca Lüksemburg ikiye bölündü: doğu yarısı büyük dükalık kaldı, batı yarısı Belçika eyaleti oldu.",Lüksemburg (batı / Arlon bölgesi),Britannica 'Belgium — Independent Belgium before World War I' https://www.britannica.com/place/Belgium/Independent-Belgium-before-World-War-I (Britannica sayfası WebFetch'e 403 döndü; alıntı britannica.com alan-kısıtlı WebSearch özetinden),EVET
1867-05-11,gun,luksemburg-hollanda-birligi,Londra antlaşması — Lüksemburg tarafsız ve bağımsız,"Büyük güçler Prusya garnizonunun çekilmesini, kalenin yıkılmasını ve Lüksemburg'un daimî tarafsızlığını kararlaştırdı; şahsî birlik sürdü.",Londra / Lüksemburg,Britannica 'Luxembourg — Independent Luxembourg' https://www.britannica.com/place/Luxembourg/Independent-Luxembourg (Britannica sayfası WebFetch'e 403 döndü; alıntı britannica.com alan-kısıtlı WebSearch özetinden),HAYIR
1890-11-23,gun,luksemburg-hollanda-birligi,III. Willem'in ölümü — şahsî birlik sona erdi,Hollanda kralı III. Willem ölünce taç kızı Wilhelmina'ya geçti; Lüksemburg ise erkek soy kuralıyla Nassau dükü Adolf'a kaldı ve birlik bitti.,Apeldoorn / Lüksemburg,Britannica 'William III (king of the Netherlands)' https://www.britannica.com/biography/William-III-king-of-The-Netherlands + 'Nassau' https://www.britannica.com/place/Nassau-historical-region-Germany (Britannica sayfası WebFetch'e 403 döndü; alıntı britannica.com alan-kısıtlı WebSearch özetinden),HAYIR
0976-08-29,yil-hicri,magrave-sicilmase,Mağrâve emîri Hazrûn b. Fülfûl Sicilmâse'yi aldı,"Endülüs Emevîleri adına hareket eden Mağrâve emîri Hazrûn b. Fülfûl, Fâtımîler'e bağlı Midrârî emîrini öldürerek Midrârî hânedanına son verdi ve Sicilmâse'ye hâkim oldu. h. 366 = 976-08-29/977-08-17; kaynak mîlâdî 976 diyor ⇒ kesişimin ilk günü 976-08-29.",Sicilmâse,https://islamansiklopedisi.org.tr/sicilmase (TDV SİCİLMÂSE),EVET
1053-04-22,yil-hicri,magrave-sicilmase,Murâbıtlar Sicilmâse'yi ele geçirdi,Murâbıtlar Sicilmâse'yi zaptetti; künye bunu Mağrâve emirliğinin sonu sayıyor. h. 445 = 1053-04-22/1054-04-10; kaynak mîlâdî 1053 diyor ⇒ 1053-04-22.,Sicilmâse,https://islamansiklopedisi.org.tr/sicilmase (TDV SİCİLMÂSE),EVET
1378-01-01,yil,mutahharten,Mutahharten Erzincan emîri oldu,Pîr Hüseyin Bey'in ölümüyle Eretna emîrlerinden Mutahharten Erzincan'ın hâkimi oldu.,Erzincan,https://islamansiklopedisi.org.tr/erzincan · TDV ERZİNCAN; https://islamansiklopedisi.org.tr/akkoyunlular,EVET
1379-01-01,yil,mutahharten,Eretnaoğullarının Erzincan kuşatması püskürtüldü,Dulkadırlı ve Akkoyunlu yardımıyla Mutahharten Erzincan'ı kuşatan Eretna kuvvetlerini geri çekilmeye zorladı.,Erzincan,https://islamansiklopedisi.org.tr/erzincan · TDV ERZİNCAN,HAYIR
1401-01-01,yil-hicri,mutahharten,Yıldırım Bayezid Erzincan ve Kemah'ı aldı,"Bayezid Mutahharten üzerine yürüyüp Erzincan ile Kemah'ı Osmanlı ülkesine kattı; Erzincan sonra Osmanlı hâkimiyetini tanıma şartıyla Mutahharten'e bırakıldı. h. 803 = 1400-08-22/1401-08-10, ∩ 1401 → ilk gün.",Erzincan / Kemah,https://islamansiklopedisi.org.tr/kemah · TDV KEMAH; https://islamansiklopedisi.org.tr/erzincan · TDV ERZİNCAN,EVET
1410-01-01,yil,mutahharten,Erzincan Karakoyunlu hâkimiyetine girdi,Mutahharten'den sonra Erzincan Karakoyunlulara geçti; Kara Yûsuf şehri Mutahharten'in torunu Şeyh Hasan'dan alıp Pîr Ömer'i vali yaptı.,Erzincan,https://islamansiklopedisi.org.tr/erzincan · TDV ERZİNCAN; https://islamansiklopedisi.org.tr/karakoyunlular,EVET
1199-01-01,yil,nayman,Nayman hakanı Buyruk Han Kişil-Baş'ta yenildi,"Timuçin ile Ong Han, Nayman hakanı Buyruk Han'ı Kişil-Baş'ta bozguna uğrattı.",Kişil-Baş,https://islamansiklopedisi.org.tr/cengiz-han (TDV CENGİZ HAN),HAYIR
1204-01-01,yil,nayman,Tayang Han'ın Nayman-Merkit ittifakı dağıtıldı,"Ongut hükümdarının haber vermesi üzerine Timuçin, Nayman hükümdarı Tayang Han ile Merkit ittifakını yurtlarında basıp dağıttı.",Batı Moğolistan,https://islamansiklopedisi.org.tr/cengiz-han (TDV CENGİZ HAN),EVET
1208-01-01,yil,nayman,Tayang Han'ın oğlu Güçlüg Karahıtay'a sığındı,Güçlüg'ün Merkitlerle kurduğu ittifak 1208 kışında yenilince Güçlüg batıda Karahıtay hükümdarı Gür Han'a sığındı; Nayman bakiyesi bozkırdan çekildi.,Karahıtay ülkesi,https://islamansiklopedisi.org.tr/cengiz-han (TDV CENGİZ HAN),HAYIR
1507-01-01,yil,nebhani,Portekizliler Uman sahil şehirlerini almaya başladı,Portekiz 1507'den itibaren Uman kıyısındaki şehirleri birer birer ele geçirdi; iç bölge bu tarihte el değiştirmedi.,Uman sahili (Maskat vb.),https://islamansiklopedisi.org.tr/uman (UMAN),EVET
1615-01-31,yil-hicri,nebhani,Ya'rubî hânedanı Nebhânîlerin yerini aldı,"TDV, Ya'rubîlerin Uman'da Nebhânîlerden sonra hüküm sürdüğünü ve hânedanın Nâsır b. Mürşid'e biatla h. 1024 (= 1615-01-31/1616-01-19) yılında kurulduğunu yazıyor; aynı maddede biatın 1034/1624'te olduğu rivayeti de var. Nebhânî sonu buradan türetildi, TDV ayrıca 'Nebhânîler şu yıl yıkıldı' demiyor. Hicrî→mîlâdî: tabular takvim; 1582 öncesi Jülyen (TDV'nin mîlâdî karşılıkları Jülyen), ±1-2 gün tablo payı.",Rüstak / Uman içi,https://islamansiklopedisi.org.tr/yarubiler (YA'RUBÎLER) · https://islamansiklopedisi.org.tr/uman,EVET
1352-02-18,yil-hicri,ramazanoglu,Ramazan Bey Türkmen emirliğine getirildi,"Dulkadırlı Karaca Bey azledilince Memlûk sultanı Türkmen emirliğine Ramazan'ı getirdi; h. 753 = 1352-02-18/1353-02-05, ∩ 1352 → ilk gün.",Adana / Çukurova,https://islamansiklopedisi.org.tr/ramazanogullari · TDV RAMAZANOĞULLARI,HAYIR
1516-08-24,gun,ramazanoglu,Mercidâbık sonrası beylik Osmanlı tevcihiyle Mahmud Bey'e verildi,"Mercidâbık zaferinin ardından Yavuz Sultan Selim Ramazanoğulları Beyliği'ni Mahmud Bey'e verdi; beylik Memlûk tâbiliğinden Osmanlı tâbiliğine geçti (tevcih tam günü değil, zafer sonrası).",Adana,https://islamansiklopedisi.org.tr/ramazanogullari · TDV RAMAZANOĞULLARI,EVET
1608-04-17,yil-hicri,ramazanoglu,Pîr Mansûr beyliği bıraktı (rivayet),"TDV'nin aktardığı bir rivayete göre son bey Pîr Mansûr h. 1017'de beyliği bıraktı; h. 1017 = 1608-04-17/1609-04-05 (Gregoryen), ∩ 1608 → ilk gün. Kesin değil, rivayet.",Adana,https://islamansiklopedisi.org.tr/ramazanogullari · TDV RAMAZANOĞULLARI,EVET
1921-06-22,gun,rif-cumhuriyeti,Annual'da İspanyol ordusu yenildi (TDV günü — şüpheli),Abdülkerîm el-Hattâbî'nin kuvvetleri Annual'da İspanyol ordusunu ağır bir yenilgiye uğrattı; cumhuriyetin ilanını hazırlayan zaferdi.,Annual (Rif),https://islamansiklopedisi.org.tr/fas (TDV FAS) · https://islamansiklopedisi.org.tr/abdulkerim-el-hattabi (TDV ABDÜLKERÎM el-HATTÂBÎ),EVET
1921-09-19,gun,rif-cumhuriyeti,Abdülkerîm el-Hattâbî Rif'te bağımsızlık ilân etti,Annual zaferinden sonra Abdülkerîm el-Hattâbî Kuzey Fas'ın Rif bölgesinde bağımsızlığını ve Rif Cumhuriyeti'ni ilân etti. TDV'nin iki maddesi aynı günü veriyor.,Rif (Kuzey Fas),https://islamansiklopedisi.org.tr/fas (TDV FAS) · https://islamansiklopedisi.org.tr/abdulkerim-el-hattabi (TDV ABDÜLKERÎM el-HATTÂBÎ),EVET
1926-05-21,gun,rif-cumhuriyeti,Fransız-İspanyol harekâtı Rif devletine son verdi,Birleşen Fransız ve İspanyol kuvvetleri Abdülkerîm el-Hattâbî'yi esir alarak Rif devletini sona erdirdi; lider Réunion adasına sürgüne gönderildi.,Rif (Kuzey Fas),https://islamansiklopedisi.org.tr/fas (TDV FAS) (gün) · https://islamansiklopedisi.org.tr/abdulkerim-el-hattabi (TDV ABDÜLKERÎM el-HATTÂBÎ) (yalnız yıl: 1926),EVET
1897-01-01,yil,sabah-emirligi,Bâbıâli Mübârek'in kaymakamlığını onayladı,1896 suikastından sonra yönetimi alan Mübârek es-Sabâh'ın kaymakamlığı Osmanlı merkezince 1897'de tasdik edildi.,Küveyt,https://islamansiklopedisi.org.tr/kuveyt (KÜVEYT),HAYIR
1899-01-23,gun,sabah-emirligi,Mübârek ile İngiltere arasında gizli antlaşma,"Lord Curzon'un gönderdiği Yüzbaşı Mead, Mübârek es-Sabâh ile gizli bir antlaşma imzaladı; Küveyt fiilen İngiliz korumasına girdi.",Küveyt,https://islamansiklopedisi.org.tr/kuveyt,HAYIR
1914-11-22,yaklasik,sabah-emirligi,İngiltere Küveyt'i himayesinde ilân etti,"I. Dünya Savaşı'nda Basra'yı ele geçiren İngiltere, Küveyt'in kendi himayesinde olduğunu açıkladı; Osmanlı bağı koptu. Paranteze alınan gün Basra'nın alınışına ait, ilânın kendi günü TDV'de ayrı verilmiyor.",Küveyt,https://islamansiklopedisi.org.tr/kuveyt,EVET
0889-05-05,yil-hicri,sacogullari,"Muhammed b. Ebü's-Sâc Azerbaycan valisi oldu, Sâcoğulları kuruldu","Abbâsî nâibi Muvaffak, Muhammed b. Ebü's-Sâc'ı Azerbaycan valiliğine tayin etti; TDV bunu hânedanın kuruluşu sayıyor. h. 276 = 889-05-05/890-04-23 (Jül.) ∩ 889 → ilk gün.",Azerbaycan,"https://islamansiklopedisi.org.tr/sacogullari — TDV, SÂCOĞULLARI",EVET
0893-03-22,yil-hicri,sacogullari,Merâga ele geçirilip idare merkezi yapıldı,Muhammed b. Ebü's-Sâc Merâga'yı alarak kendine merkez yaptı. h. 280 = 893-03-22/894-03-11 (Jül.) ∩ 893 → ilk gün.,Merâga,"https://islamansiklopedisi.org.tr/sacogullari — TDV, SÂCOĞULLARI",EVET
0929-09-08,yil-hicri,sacogullari,"Ebü'l-Müsâfir Feth öldürüldü, Sâcoğulları sona erdi",Son vali Ebü'l-Müsâfir Feth'in öldürülmesiyle Sâcoğullarının Azerbaycan hâkimiyeti bitti. Şâban 317 = 929-09-08/929-10-06 (Jül.) ∩ Eylül 929 → ilk gün.,Azerbaycan (Erdebîl),"https://islamansiklopedisi.org.tr/sacogullari — TDV, SÂCOĞULLARI",EVET
1868-01-01,yil,sani-emirligi,İngilizler Muhammed b. Sânî'yi muhatap aldı,"1860'lardan itibaren etkinleşen Âl-i Sânî, 1868 sonbaharında İngiliz gemilerinin baskısıyla Bahreyn'e vergi ödemeye bağlandı; ailenin Katar'daki önderliği bu olayla belgeleniyor. Kaynak '1868 sonbaharında' diyor.",Devha (Katar),https://islamansiklopedisi.org.tr/katar (KATAR),HAYIR
1871-01-01,yil,sani-emirligi,Katar Osmanlı idaresine bağlandı,"Nâfiz Paşa'nın Lahsâ seferi sonrasında 1871 sonbaharında Katar'da Osmanlı kontrolü kuruldu; Necid sancağına bağlı kaza yapıldı, Câsim b. Sânî kaymakam oldu. Kaynak 'sonbahar' diyor, ay/gün yok.",Devha (Katar),https://islamansiklopedisi.org.tr/katar,EVET
1893-01-01,yil,sani-emirligi,Vecebe çatışması,Basra valisi Hâfız Mehmed Paşa 1893 başlarında bir taburla Devha'ya girdi; Câsim b. Sânî direndi ve Osmanlı kuvveti yenildi. Kaynak 'başlarında' diyor.,Devha / Vecebe,https://islamansiklopedisi.org.tr/katar,HAYIR
1913-07-29,gun,sani-emirligi,Osmanlı-İngiliz antlaşması (yürürlüğe girmedi),Londra'da imzalanan antlaşmanın ilgili maddesi Katar'ı Osmanlı'dan ayırıyordu; ancak antlaşma yürürlüğe girmedi.,Londra,https://islamansiklopedisi.org.tr/katar · https://islamansiklopedisi.org.tr/kuveyt (29 Temmuz 1913),HAYIR
1916-11-03,gun,sani-emirligi,Katar İngiliz himayesine girdi,İngiltere Katar emîri Abdullah ile öteki körfez şeyhlikleriyle yaptıklarına benzer bir himaye antlaşması imzaladı; Osmanlı bağı bu arada savaşla fiilen kopmuştu.,Devha (Katar),https://islamansiklopedisi.org.tr/katar,EVET
1878-07-13,gun,sarki-rumeli,Berlin Antlaşması ile Doğu Rumeli vilâyeti oluşturuldu,"Berlin Antlaşması, idarede özerk fakat siyasî ve askerî bakımdan Osmanlı'ya bağlı Doğu Rumeli vilâyetini kurdu.",Filibe,"https://islamansiklopedisi.org.tr/berlin-antlasmasi — TDV, BERLİN ANTLAŞMASI (ayrıca bulgaristan: 'Doğu Rumeli vilâyeti oluşturuldu')",EVET
1885-09-18,gun,sarki-rumeli,Şarkî Rumeli'nin Bulgaristan'a ilhakı ilân edildi,Bulgar birlikleri vilâyete girip valiyi uzaklaştırınca Prens Alexander Filibe'de vilâyetin Bulgaristan'a katıldığını resmen ilân etti.,Filibe,"Esad Fuad Tugay, '1877-78 Türk-Rus Savaşından Sonra Balkanlarda Durum', Belleten 36/141 (1972) 15-30 — https://belleten.gov.tr/tam-metin/425/tur ; yıl: https://islamansiklopedisi.org.tr/bulgaristan — TDV, BULGARİSTAN ('Prenslik 1885'te Doğu Rumeli vilâyetini de topraklarına kattı')",EVET
1310-05-31,yaklasik,saruhan,Saruhan Bey Manisa'yı aldı (710 sonrası),"Saruhan Bey 1290'lardan beri uçta faaldi; Manisa'yı ancak h. 710 (1310) sonrasında alıp merkez yaptı. TDV, yaygın 713 (1313) tarihinin çağdaş bir kaynağa dayanmadığını vurguluyor; tarih h. 710 başı (terminus post quem).",Manisa,"https://islamansiklopedisi.org.tr/saruhanogullari · TDV SARUHANOĞULLARI (Feridun Emecen, 2009)",EVET
1389-12-01,yaklasik,saruhan,Hızır Şah Manisa'yı Yıldırım Bayezid'e teslim etti,"Yıldırım Bayezid'in 791-792 kışındaki harekâtında Hızır Şah Manisa'yı Osmanlılara bıraktı; beyliğin merkezi Osmanlı idaresine girdi, aile Demirci-Nif yörelerinde sürdü.",Manisa,"https://islamansiklopedisi.org.tr/saruhanogullari · TDV SARUHANOĞULLARI (Feridun Emecen, 2009)",EVET
1402-08-17,gun,saruhan,Orhan Bey Timur desteğiyle beyliği yeniden kurdu,Ankara Savaşı'ndan sonra Orhan Bey Timur'un desteğiyle Manisa'ya gelip beyliğin başına geçti; beylik ikinci kez kuruldu.,Manisa,"https://islamansiklopedisi.org.tr/saruhanogullari · TDV SARUHANOĞULLARI (Feridun Emecen, 2009)",EVET
1404-01-01,yil-hicri,saruhan,Hızır Şah Saruhan tahtına yeniden geçti,"Orhan Bey bertaraf edildi, tahta Hızır Şah çıktı; h. 806 = 1403-07-21/1404-07-09, kaynağın mîlâdî yılı 1404 ile kesişimin ilk günü.",Manisa,"https://islamansiklopedisi.org.tr/saruhanogullari · TDV SARUHANOĞULLARI (Feridun Emecen, 2009)",HAYIR
1405-06-29,yaklasik,saruhan,Çelebi Mehmed Manisa'ya girip Hızır Şah'ı ortadan kaldırdı,"Çelebi Mehmed bölgeye gelip Manisa'ya girdi ve Süleyman Çelebi'yi destekleyen Hızır Şah'ı öldürdü; h. 808 = 1405-06-29/1406-06-17, kaynak 'civarında' diyor.",Manisa,"https://islamansiklopedisi.org.tr/saruhanogullari · TDV SARUHANOĞULLARI (Feridun Emecen, 2009)",EVET
1416-03-01,yil-hicri,saruhan,Torlak Kemal'in idamı: Saruhan'da kesin Osmanlı idaresi,Manisa kolu 1411-1415 arasında Çelebi Mehmed'in idaresine girerek sona ermişti; Torlak Kemal'in Manisa'da idamı (h. 819 = 1416-03-01/1417-02-17) bölgedeki kesin Osmanlı idaresini belirler.,Manisa,"https://islamansiklopedisi.org.tr/saruhanogullari · TDV SARUHANOĞULLARI (Feridun Emecen, 2009)",EVET
1205-01-01,yil,selanik-kralligi,Latin Selânik Krallığı kuruldu,Bir Haçlı ordusu Selânik'i alıp şehri Latin Selânik Krallığı'nın merkezi yaptı; TDV krallığa 1205-1225 tarihlerini verir.,Selânik,"https://islamansiklopedisi.org.tr/selanik — TDV, SELÂNİK",EVET
1225-01-01,yil,selanik-kralligi,Selânik Epir hükümdarı Theodoros'a geçti,Epir hükümdarı Theodoros Komnenos Dukas Selânik'i Latinlerden alıp orada imparator ilan edildi; TDV krallığın sonunu 1225 verir.,Selânik,"https://islamansiklopedisi.org.tr/selanik — TDV, SELÂNİK; Britannica 'Byzantine Empire — The Fourth Crusade and the establishment of the Latin Empire' (Britannica sayfası WebFetch'e 403 döndü; alıntı britannica.com alan-kısıtlı WebSearch özetinden)",EVET
1918-10-01,gun,suriye-arap-kralligi,Şam'ın alınışı ve Arap yönetimi,"Osmanlıların Eylül sonunda çekildiği Şam, İngiliz ordusuna bağlı Avustralya birliklerince ele geçirildi; Faysal 3 Ekim'de şehre geldi ve Arap yönetimi kuruldu.",Şam,https://islamansiklopedisi.org.tr/sam--suriye (ŞAM),EVET
1918-10-03,gun,suriye-arap-kralligi,Faysal Şam'a geldi,"Şerîf Hüseyin'in oğlu Faysal Şam'a girdi, şehirde zafer töreni yapıldı.",Şam,https://islamansiklopedisi.org.tr/sam--suriye,HAYIR
1920-03-08,gun,suriye-arap-kralligi,Faysal Büyük Suriye kralı ilan edildi,Suriye Genel Meclisi Faysal'ı Büyük Suriye'nin kralı ilân etti; başkenti Şam olan bağımsız Suriye devleti duyuruldu.,Şam,https://islamansiklopedisi.org.tr/faysal-i (FAYSAL I) · https://islamansiklopedisi.org.tr/sam--suriye (Mart 1920),HAYIR
1920-07-25,gun,suriye-arap-kralligi,"Fransızlar Şam'a girdi, Faysal yönetimi bitti",Temmuzda Suriye kuvvetlerini ağır yenilgiye uğratan Fransızlar Şam'a girerek Faysal yönetimine son verdi.,Şam,https://islamansiklopedisi.org.tr/sam--suriye (ŞAM),EVET
1343-01-01,yil,sutayogullari,İbrâhim Şah Diyarbekir'e hâkim oldu,"İlhanlı dağılmasından sonra Celâyirli-Çobanlı çekişmesine sahne olan Diyarbekir yöresine Sutayoğullarından İbrâhim Şah hâkim oldu. Bu, polity'nin değil Diyarbekir hâkimiyetinin başlangıcıdır.",Diyarbekir (Âmid),https://islamansiklopedisi.org.tr/diyarbakir · TDV DİYARBAKIR,EVET
1353-01-01,yil,sutayogullari,İbrâhim Şah'ın ölümüyle bölge Celâyirlilere geçti,İbrâhim Şah ölünce Diyarbekir Celâyirli idaresine girdi. Dikkat: TDV celayirliler maddesi Diyarbekir'in Celâyirli Üveys tarafından 1364'te alındığını yazar — iki TDV maddesi çelişiyor.,Diyarbekir (Âmid),https://islamansiklopedisi.org.tr/diyarbakir · TDV DİYARBAKIR; karşı tanık https://islamansiklopedisi.org.tr/celayirliler,EVET
1824-01-01,yil,suud-ikinci,Türkî b. Abdullah Riyad'ı merkez edindi,Dir'iye'nin yıkımından sonra geri dönen Türkî b. Abdullah taraftarlarını toplayıp Riyad'ı yönetim merkezi yaptı; ikinci Suûdî emirliğinin başlangıcı. Kaynak yalnız yıl veriyor.,Riyad,https://islamansiklopedisi.org.tr/necid (NECİD) · https://islamansiklopedisi.org.tr/riyad (RİYAD) · https://islamansiklopedisi.org.tr/suudi-arabistan,EVET
1837-01-01,yil,suud-ikinci,Mısır kuvvetleri Riyad'a girdi,Mehmed Ali Paşa'nın gönderdiği Hurşid Paşa Riyad'a girdi; Suûdî yönetimi kesintiye uğradı (Faysal Mısır'a götürüldü).,Riyad,https://islamansiklopedisi.org.tr/riyad (RİYAD),EVET
1843-01-01,yil,suud-ikinci,Faysal b. Türkî Riyad'ı yeniden aldı,Mısır'daki tutukluluğundan kurtulan Faysal b. Türkî Riyad'ın yönetimini tekrar ele geçirdi; emirlik yeniden kuruldu.,Riyad,https://islamansiklopedisi.org.tr/riyad (RİYAD),EVET
1865-01-01,yil,suud-ikinci,"Faysal b. Türkî'nin ölümü, taht kavgası",Faysal 1865 sonlarında öldü; oğulları Abdullah ile Suûd arasında taht mücadelesi başladı. Kaynak yalnız '1865 sonlarında' diyor.,Riyad,https://islamansiklopedisi.org.tr/necid (NECİD),HAYIR
1891-01-01,yil,suud-ikinci,Reşîdîler Suûdîleri Riyad'dan çıkardı,Hâil merkezli Reşîdîler Riyad'a girip Suûdîleri Küveyt'e çekilmeye zorladı; ikinci Suûdî emirliği sona erdi. TDV gün ve Müleyde savaşını vermiyor.,Riyad,https://islamansiklopedisi.org.tr/necid (NECİD) · https://islamansiklopedisi.org.tr/riyad (RİYAD) · https://islamansiklopedisi.org.tr/suudi-arabistan,EVET
0821-01-01,yil-hicri,tahiri-horasan,"Tâhir b. Hüseyin Horasan valiliğini aldı, Tâhirîler kuruldu",Tâhir b. Hüseyin kendini Horasan valiliğine tayin ettirdi ve hânedanın temeli atıldı. h. 205 = 820-06-16/821-06-04 (Jül.) ∩ 821 → 821-01-01.,Merv / Horasan,"https://islamansiklopedisi.org.tr/tahiriler--horasan — TDV, TÂHİRÎLER",EVET
0873-08-01,yil-hicri,tahiri-horasan,"Ya'kūb b. Leys Nîşâbur'u aldı, Tâhirî hâkimiyeti bitti",Saffârî Ya'kūb b. Leys Nîşâbur'u alarak Tâhirîlerin Horasan hâkimiyetine son verdi. Şevval 259 = 873-07-30/873-08-27 (Jül.) ∩ Ağustos 873 → 873-08-01.,Nîşâbur,"https://islamansiklopedisi.org.tr/tahiriler--horasan — TDV, TÂHİRÎLER",EVET
1321-01-01,yil,teke,Tekeoğulları Antalya'da beylik kurdu,"Hamîdoğlu Dündar Bey Antalya'yı alıp kardeşi Yûnus Bey'e verdi, Teke beyleri böyle doğdu. TDV madde başlığı 1321'i verir; Antalya'nın zaptı 1308 ile 719 (1319) arasına konur.",Antalya,https://islamansiklopedisi.org.tr/tekeogullari · TDV TEKEOĞULLARI,EVET
1361-08-24,gun,teke,Kıbrıs Kralı Pierre Antalya'yı aldı,"Kıbrıs Kralı I. Pierre 23 Ağustos 1361'de Antalya sahiline çıktı, ertesi gün şehri ele geçirip yağmaladı.",Antalya,https://islamansiklopedisi.org.tr/tekeogullari · TDV TEKEOĞULLARI,EVET
1373-05-14,gun,teke,Mübârizüddin Mehmed Bey Antalya'yı geri aldı,Mehmed Bey Karamanoğlu ve öteki beylerin yardımıyla karadan ve denizden saldırıp Antalya Kalesi'ne girdi.,Antalya,https://islamansiklopedisi.org.tr/tekeogullari · TDV TEKEOĞULLARI,EVET
1391-01-01,yil-hicri,teke,Yıldırım Bayezid Teke-ili'ni zaptetti,"Osmanlı kaynaklarına göre Bayezid Teke-ili'ni zaptedip Fîruz Bey'e verdi; h. 793 = 1390-12-09/1391-11-28, ∩ 1391 → ilk gün. TDV, Ahmedî'ye göre seferin 792 (1390) olduğunu ve şehrin alınıp alınmadığının belirsizliğini de not eder.",Antalya / Teke-ili,https://islamansiklopedisi.org.tr/tekeogullari · TDV TEKEOĞULLARI,EVET
1423-01-01,ay,teke,"Osman Çelebi öldürüldü, Teke-ili kesin Osmanlı sancağı oldu",Osman Çelebi Antalya'yı almaya hazırlanırken Osmanlı subaşısı Hamza Bey'in baskınıyla öldürüldü; Karamanoğlu kuşatması başarısız kalınca Hamza Bey Teke-ili sancak beyi oldu. TDV olayları 'Ocak 1423'te başlayan' süreç diye anar.,Antalya / İstanoz,https://islamansiklopedisi.org.tr/tekeogullari · TDV TEKEOĞULLARI,EVET
1852-09-01,ay,tekrur,El-Hâc Ömer fiilî cihadı başlattı,"El-Hâc Ömer Tal, mânevî bir işaret aldığını söyleyerek Dingiray'dan cihada başladı; Umarî devletinin fiilî başlangıcı budur.",Dingiray (Futa Calon doğusu),https://islamansiklopedisi.org.tr/el-hac-omer (TDV el-HÂC ÖMER),EVET
1854-11-11,gun,tekrur,Karta yenilip İslâm devleti kuruldu,El-Hâc Ömer Bambara krallığı Karta'yı mağlûp ederek orada İslâm devletini kurdu.,Karta (Kaarta),https://islamansiklopedisi.org.tr/el-hac-omer (TDV el-HÂC ÖMER),EVET
1861-03-10,gun,tekrur,Segu alındı,El-Hâc Ömer Bambara krallığı Segu'yu aldı ve oğlunu buraya idareci yaptı; Segu sonra devletin merkezi oldu.,Segu,https://islamansiklopedisi.org.tr/mali (TDV MALİ) (gün) · https://islamansiklopedisi.org.tr/el-hac-omer (TDV el-HÂC ÖMER) ('1861 başlarında'),EVET
1862-01-01,yil,tekrur,"Hamdallahi alındı, Mâsînâ devleti yıkıldı",Mâsînâ'nın merkezi Hamdallahi ele geçirildi ve Mâsînâ toprakları Umarî devletine katıldı.,Hamdallahi,https://islamansiklopedisi.org.tr/el-hac-omer (TDV el-HÂC ÖMER),EVET
1864-02-14,gun,tekrur,El-Hâc Ömer öldü,Saklandığı mağaranın bulunduğu alan ateşe verilince El-Hâc Ömer hayatını kaybetti; yerine oğlu Ahmed geçti.,Degembere (Bandiagara yakını),https://islamansiklopedisi.org.tr/el-hac-omer (TDV el-HÂC ÖMER),HAYIR
1893-01-01,yil,tekrur,Fransız işgaliyle Umarî devleti sona erdi,"El-Hâc Ömer'in kurduğu devlet, Fransızların bölgeyi 1893-1894'te ele geçirmesine kadar sürdü.",Segu / Nijer bölgesi,https://islamansiklopedisi.org.tr/el-hac-omer (TDV el-HÂC ÖMER),EVET
1433-01-01,yil,teodoro,Mangub prensi Alexis Cembalo'yu (Balıklava) aldı,Hacı Giray'ın vasalı Mangub prensi Alexis 1433 yazında Ceneviz elindeki Cembalo limanını ele geçirdi.,Cembalo (Balıklava),"https://islamansiklopedisi.org.tr/haci-giray-i — TDV, HACI GİRAY I",EVET
1475-06-06,yil-hicri,teodoro,Kefe ve Kırım'ın Ceneviz sahili Osmanlı'ya geçti,"Gedik Ahmed Paşa Kefe'yi ve bütün sahil şeridini alıp ardından Mangub'u kuşattı. Hicrî: Safer 880 = 1475-06-06/1475-07-05 (Jülyen), ∩ Haziran 1475 → ilk gün 06-06.",Kefe ve Kırım güney sahili,"https://islamansiklopedisi.org.tr/kefe — TDV, KEFE (ayrıca gedik-ahmed-pasa: 'Haziran 1475'te Kefe ... Mangub'u kuşattı')",EVET
1475-12-01,ay,teodoro,Mangub (Theodoro) Osmanlılarca alındı,Gedik Ahmed Paşa'nın kuşattığı prenslik merkezi Mangub 1475 Aralığında düştü ve Kırım'daki son Rum devleti sona erdi.,Mangub (Mankup),"A. A. Vasiliev, The Goths in the Crimea (Mediaeval Academy of America, 1936), bölüm V.8 başlığı — https://archive.org/stream/Vasiliev1936Goths/Vasiliev_1936_Goths_djvu.txt ; yıl teyidi: V. L. Ruev, Izvestiya Irkutsk State Univ. Geoarchaeology 26 (2018) 99-107 https://izvestiageoarh.isu.ru/en/article?id=221",EVET
1363-01-01,yil,topia,Charles Thopia Kruya'ya hâkim oldu,Duşan'ın ölümünden sonra Arnavut Charles Thopia Kruya'yı ele geçirerek ailenin hâkimiyetini başlattı.,Kruya (Akçahisar),"https://islamansiklopedisi.org.tr/kruya — TDV, KRUYA",EVET
1392-01-01,yil,topia,George Thopia'nın ölümü; Kruya Helena'ya geçti,Charles ve oğlu George Kruya'yı 1392'ye kadar tuttu; George ölünce kasaba miras yoluyla kız kardeşi Helena'ya kaldı. Kaynak bunu 'elden çıkış' olarak değil miras olarak anlatıyor.,Kruya,"https://islamansiklopedisi.org.tr/kruya — TDV, KRUYA",HAYIR
1393-01-01,yil,topia,Kruya Osmanlı tâbiiyetine girdi,Şâhin Bey kumandasındaki Osmanlılar İşkodra'ya yerleşince Helena'nın Venedikli kocası Barbadigo Osmanlı hâkimiyetini tanıdı.,Kruya,"https://islamansiklopedisi.org.tr/kruya — TDV, KRUYA",EVET
1394-01-01,yil,topia,Kruya'ya Osmanlı vasalı Konstantin Balšić getirildi,Barbadigo'nun yerine Osmanlı vasalı Sırp prensi Konstantin Balšić Kruya'nın başına geçirildi.,Kruya,"https://islamansiklopedisi.org.tr/kruya — TDV, KRUYA",EVET
1415-01-01,yil,topia,Nikola Thopia'nın ölümü; Kruya Osmanlı dönemine girdi,Kruya'yı aile adına geri alan Nikola Thopia 1415'te ölünce Thopia hâkimiyeti bitti; TDV Kruya'nın Osmanlı dönemini 1415'ten başlatır.,Kruya,"https://islamansiklopedisi.org.tr/kruya — TDV, KRUYA",EVET
0745-01-01,yil,uygur-kaganligi,"Uygur yabgusu Basmıl kağanını yendi, kağanlık kuruldu",Uygur yabgusu Basmıl kağanını yenilgiye uğratıp kendini kağan ilân etti ve Büyük Uygur Kağanlığı kuruldu.,Ötüken (Orhon),https://islamansiklopedisi.org.tr/uygurlar (TDV UYGURLAR),EVET
0840-01-01,yil,uygur-kaganligi,Kırgız saldırısı kağanlığı yıktı,Kırgızların saldırısı Ötüken Uygur Kağanlığı'nı sona erdirdi; Uygur boyları Kansu ve Doğu Türkistan'a dağıldı.,Ordubalık (Ötüken),https://islamansiklopedisi.org.tr/uygurlar (TDV UYGURLAR),EVET
1141-08-05,yil-hicri,yezd-atabegligi,Son Kâkûyî Gerşâsb Katvan savaşında öldü,"Yezd'in Kâkûyî hâkimi Gerşâsb, Sencer'in saflarında Karahıtaylara karşı Katvan'da öldü; Yezd bundan sonra kızlarına ve atanan atabege kaldı. h. 536 = 1141-08-05/1142-07-25 (Jül.) ∩ 1141 → ilk gün. Atabegliğin kuruluş günü DEĞİL, terminus post quem.",Katvan (Semerkant yakını) / Yezd,"https://islamansiklopedisi.org.tr/yezd — TDV, YEZD · https://islamansiklopedisi.org.tr/kakuyiler — TDV, KÂKÛYÎLER",HAYIR
1318-03-04,yil-hicri,yezd-atabegligi,Yezd Atabegleri Muzafferîlerce yıkıldı,Hacı Şah döneminde Yezd Atabegleri hânedanı Muzafferîler tarafından ortadan kaldırıldı. h. 718 = 1318-03-04/1319-02-20 (Jül.) ∩ 1318 → ilk gün.,Yezd,"https://islamansiklopedisi.org.tr/yezd — TDV, YEZD",EVET
1751-01-01,yil,zend,Kerim Han Zend İran'da hâkimiyeti ele geçirdi,"Nâdir Şah sonrası kargaşada Kerim Han, Safevî III. İsmâil adına yönetimi üstlenerek Zend hâkimiyetini başlattı; TDV yalnız 1751'in ilk aylarını veriyor, gün yok.",İran (İsfahan–Şiraz),"https://islamansiklopedisi.org.tr/zendler — TDV, ZENDLER",EVET
1766-06-08,yil-hicri,zend,Şiraz başkent yapıldı,"Kerim Han Şiraz'ı başşehir yaptı. h. 1180 = 1766-06-08/1767-05-27 (tablo hesabı ±1 gün); kaynak mîlâdî 1766-67 diyor, kesişim hicrî yılın tamamı, ilk günü alındı.",Şiraz,"https://islamansiklopedisi.org.tr/zendler — TDV, ZENDLER",HAYIR
1779-03-01,ay,zend,Kerim Han Zend öldü,"Kerim Han'ın ölümüyle halefleri arasında taht mücadelesi başladı; TDV ay veriyor (Mart 1779), gün yok.",Şiraz,"https://islamansiklopedisi.org.tr/zendler — TDV, ZENDLER",HAYIR
1793-07-10,gun,zend,Ağa Muhammed Han Kaçar Şiraz'ı aldı,"Zend başkenti Şiraz, Kaçar Ağa Muhammed Han'ın eline geçti (1 Zilhicce 1207).",Şiraz,"https://islamansiklopedisi.org.tr/zendler — TDV, ZENDLER",EVET
1794-03-03,yil-hicri,zend,Lutf Ali Han Kirman'ı aldı,Son Zend hükümdarı Lutf Ali Han Kirman'ı ele geçirip son direniş üssü yaptı. Şâban 1208 = 1794-03-03/1794-04-01 (tablo ±1 gün) ∩ Mart 1794 → ilk gün.,Kirman,"https://islamansiklopedisi.org.tr/zendler — TDV, ZENDLER",EVET
1794-12-23,yil-hicri,zend,"Lutf Ali Han öldürüldü, Zend hânedanı sona erdi",Lutf Ali Han'ın öldürülmesiyle Zend hânedanı tarihe karıştı. Cemâziyelâhir 1209 = 1794-12-23/1795-01-20 (tablo ±1 gün) ∩ Aralık 1794 → ilk gün.,Kirman / Tahran,"https://islamansiklopedisi.org.tr/zendler — TDV, ZENDLER",EVET
