"polity","yil","durum","A_oteki_oturum","B_bu_oturum"
"ahiler","1363","YALNIZ A","1363-03-01 yaklasik Kuşatılan Ankara ahileri kaleyi I. Murad'a teslim etti",""
"buhara-halk-cumhuriyeti","1920","AYNI YIL, FARKLI GÜN","1920-01-01 yil Buhara Halk Sovyet Cumhuriyeti kuruldu || 1920-08-01 ay Kızılordu Buhara'yı işgal etti, Emîr Âlim Han tahttan indiri || 1920-10-06 gun Buhara Hanlığı resmen ilga edildi","1920-08-01 ay Kızıl Ordu Buhara'yı işgal etti, emir tahttan indirildi || 1920-10-06 gun Buhara Hanlığı ilga edildi, Halk Sovyet Cumhuriyeti kuruldu"
"cebel-i-lubnan-mutasarrifligi","1867","YALNIZ B","","1867-01-01 ay Yûsuf Kerem yenildi"
"cemisgezek-beyligi","1452","AYNI YIL, FARKLI GÜN","1452-01-01 yil Çemişgezek hâkimi Şeyh Hasan'a Uzun Hasan seferi","1452-09-01 ay Uzun Hasan Çemişgezek hâkimi Şeyh Hasan'ı tâbi kılmaya çalış"
"cemisgezek-beyligi","1514","YALNIZ A","1514-01-01 yil Çaldıran'dan sonra yöre Osmanlı topraklarına katıldı",""
"dukagin","1398","YALNIZ B","","1398-01-01 yil Tanuş Dukagjin Osmanlı'ya bağlandı"
"dukagin","1402","YALNIZ B","","1402-01-01 yil Dukagin Ankara sonrası bağımsızlığını ilan etti"
"dukagin","1444","YALNIZ A","1444-03-01 gun Leş toplantısı (Arnavut beyleri ittifakı)",""
"eyyubi-meyyafarikin","1185","AYNI YIL, FARKLI GÜN","1185-04-03 yil-hicri Meyyâfârikîn Eyyûbî hâkimiyetine geçti","1185-04-04 hicri-yil Selâhaddin Meyyâfârikîn'i aldı"
"eyyubi-meyyafarikin","1191","YALNIZ B","","1191-01-29 hicri-yil Artuklu Yavlak Arslan Meyyâfârikîn'i kısa süre geri aldı"
"galzay","1709","AYNI YIL, FARKLI GÜN","1709-03-12 yil-hicri Galzaylar Kandehar'ı alıp Safevîlerden koptu","1709-03-13 hicri-yil Galzaylar Kandehar'da bağımsızlık ilân etti"
"galzay","1722","AYNI YIL, FARKLI GÜN","1722-11-10 gun Safevî başkenti İsfahan Galzaylara teslim oldu","1722-01-01 yil Afganlar İsfahan'ı aldı"
"galzay","1729","AYNI YIL, FARKLI GÜN","1729-07-26 yil-hicri İsfahan ve Şiraz Galzaylardan geri alındı","1729-01-01 yil İsfahan Nâdir'e geçti"
"galzay","1738","AYNI YIL, FARKLI GÜN","1738-03-01 yil-hicri Nâdir Şah Kandehar'ı aldı, Galzay devleti sona erdi","1738-01-01 hicri-yil Nâdir Şah Kandehar'ı aldı"
"gozleroglu","1418","YALNIZ A","1418-01-01 yaklasik Şebinkarahisar Karakoyunlulara geçti",""
"harezm-halk-cumhuriyeti","1921","YALNIZ B","","1921-09-05 gun Hârizm Sovyet Sosyalist Cumhuriyeti adını aldı"
"harfusogullari","1520","YALNIZ A","1520-11-01 yaklasik Harfûşoğulları Canbirdi isyanında Ba'lebek'e yerleşti",""
"hatay-devleti","1937","YALNIZ B","","1937-05-29 gun Hatay anayasası onaylandı"
"idrisi","0922","YALNIZ B","","0922-05-01 hicri-yil Haccâm Fâtımî valisini çıkarıp Fas'ı geri aldı"
"idrisi","0925","AYNI YIL, FARKLI GÜN","0925-03-28 yil-hicri Fâtımîler İdrîsî merkezini aldı","0925-03-29 hicri-yil İdrîsî merkezi Fas yeniden Fâtımîler'e geçti"
"idrisi","0929","YALNIZ A","0929-02-13 yil-hicri İdrîsî güçleri Hacerünnesr Kalesi'ne çekildi",""
"idrisi","0935","YALNIZ B","","0935-01-01 hicri-yil Hacerünnesr İdrîsîleri topraklarının büyük kısmını geri aldı"
"idrisi","0960","YALNIZ A","0960-11-13 gun Fâtımî ordusu Fas şehrini zaptetti",""
"idrisi","0985","AYNI YIL, FARKLI GÜN","0985-05-23 yil-hicri Son İdrîsî II. Hasan öldürüldü, hânedan sona erdi","0985-05-24 hicri-yil Son İdrîsî II. Hasan öldürüldü — hânedan sona erdi"
"kibris-krallik","1197","YALNIZ B","","1197-01-01 yil Amaury de Lusignan kral unvanını aldı"
"kibris-krallik","1490","YALNIZ A","1490-02-01 ay Memlük sultanı devri tanıdı",""
"koco-uygur","0982","YALNIZ B","","0982-01-01 yil Koço ve Beşbalık çifte başkent"
"koco-uygur","1368","YALNIZ A","1368-01-01 yil Turfan Uygur Devleti'nin Moğol idaresindeki varlığı sona erd",""
"konstantin-beyligi","1830","AYNI YIL, FARKLI GÜN","1830-01-01 yil Ahmed Bey Kostantîne'de bağımsız beylik kurmaya girişti || 1830-07-05 gun Cezayir'in Fransızlarca işgali — Kostantîne beyliği merkezde","1830-07-05 gun Cezayir'in düşüşü — Ahmed Bey Konstantin'de müstakil beylik"
"kuayti-sultanligi","1914","YALNIZ B","","1914-03-09 gun Aden antlaşması: Hadramut zımnen İngiltere'ye"
"kuayti-sultanligi","1915","YALNIZ B","","1915-01-01 yil Hadramut şeyhleri Osmanlı'ya bağlılık bildirdi"
"kumuk-samhalligi","1578","AYNI YIL, FARKLI GÜN","1578-01-01 yil Dağıstan Osmanlı hâkimiyetine girdi || 1578-03-09 yil-hicri Şemhal Çoban öldü, oğlu yerine geçti","1578-01-01 yil Gazi-Kumuklar Osmanlı hâkimiyetine girdi || 1578-03-10 hicri-yil Şemhal Çoban öldü, şemhallik bölündü"
"kumuk-samhalligi","1606","YALNIZ A","1606-01-01 yil Dağıstan'da Osmanlı hâkimiyeti sona erdi",""
"kumuk-samhalligi","1776","YALNIZ B","","1776-01-01 yil Şemhal Murtaza Ali Rus hâkimiyetine girdi"
"lubnan-emirligi","1585","YALNIZ B","","1585-01-01 yil Ma'noğullarına askerî harekât, Korkmaz öldü"
"lubnan-emirligi","1618","YALNIZ B","","1618-01-01 yil Fahreddin İtalya'dan döndü"
"lubnan-emirligi","1832","YALNIZ B","","1832-01-01 yil Lübnan Mısır idaresine girdi"
"magrave-sicilmase","0976","AYNI YIL, FARKLI GÜN","0976-08-29 yil-hicri Mağrâve emîri Hazrûn b. Fülfûl Sicilmâse'yi aldı","0976-08-30 hicri-yil Mağrâve emîri Hazrûn b. Fülfûl Sicilmâse'yi aldı"
"magrave-sicilmase","0979","YALNIZ B","","0979-07-29 hicri-yil Hazrûn b. Fülfûl Bulukkîn b. Zîrî'ce öldürüldü"
"magrave-sicilmase","1000","YALNIZ B","","1000-01-01 hicri-yil Vânüdîn Sicilmâse'yi geri aldı"
"magrave-sicilmase","1016","YALNIZ B","","1016-06-10 hicri-yil Vânüdîn bağımsızlığını ilân etti"
"magrave-sicilmase","1053","AYNI YIL, FARKLI GÜN","1053-04-22 yil-hicri Murâbıtlar Sicilmâse'yi ele geçirdi","1053-04-23 hicri-yil Murâbıtlar Sicilmâse'yi aldı — Mağrâve emirliği sona erdi"
"mutahharten","1379","YALNIZ A","1379-01-01 yil Eretnaoğullarının Erzincan kuşatması püskürtüldü",""
"nayman","1211","YALNIZ B","","1211-01-01 yil Nayman Küçlüg Karahıtay devletine son verdi"
"ramazanoglu","1415","YALNIZ B","","1415-03-13 hicri-yil Ahmed Bey Tarsus'u Karamanoğlu'ndan aldı"
"ramazanoglu","1485","YALNIZ B","","1485-01-18 hicri-yil Ömer Bey Osmanlılar'a yenilip esir düştü"
"ramazanoglu","1516","AYNI YIL, FARKLI GÜN","1516-08-24 gun Mercidâbık sonrası beylik Osmanlı tevcihiyle Mahmud Bey'e ve","1516-01-01 yil Ramazanoğulları beyliği Osmanlı tevcihiyle Mahmud Bey'e"
"rif-cumhuriyeti","1921","AYNI YIL, FARKLI GÜN","1921-06-22 gun Annual'da İspanyol ordusu yenildi (TDV günü — şüpheli) || 1921-09-19 gun Abdülkerîm el-Hattâbî Rif'te bağımsızlık ilân etti","1921-09-19 gun Abdülkerîm el-Hattâbî Rif Cumhuriyeti'ni ilân etti"
"sabah-emirligi","1871","YALNIZ B","","1871-01-01 yil Küveyt şeyhleri Midhat Paşa'nın Lahsâ seferine katıldı"
"sabah-emirligi","1896","YALNIZ B","","1896-01-01 yil Şeyh Muhammed es-Sabâh öldürüldü"
"sabah-emirligi","1901","YALNIZ B","","1901-09-11 gun Küveyt'te statüko notaları"
"sabah-emirligi","1913","YALNIZ B","","1913-07-29 gun Londra mukavelesi: Küveyt muhtar kaza"
"sacogullari","0889","AYNI YIL, FARKLI GÜN","0889-05-05 yil-hicri Muhammed b. Ebü's-Sâc Azerbaycan valisi oldu, Sâcoğulları ku","0889-05-06 hicri-yil Muhammed b. Ebü's-Sâc Azerbaycan valisi oldu"
"sacogullari","0893","AYNI YIL, FARKLI GÜN","0893-03-22 yil-hicri Merâga ele geçirilip idare merkezi yapıldı","0893-03-23 hicri-yil Merâga Sâcoğulları merkezi oldu"
"sacogullari","0898","YALNIZ B","","0898-01-28 hicri-yil Kars alındı; halife Sâc hâkimiyetini tanıdı"
"sacogullari","0919","YALNIZ B","","0919-06-03 hicri-yil Yûsuf b. Ebü's-Sâc Erdebil'de yenilip esir düştü"
"sacogullari","0929","AYNI YIL, FARKLI GÜN","0929-09-08 yil-hicri Ebü'l-Müsâfir Feth öldürüldü, Sâcoğulları sona erdi","0929-09-09 hicri-yil Sâcoğulları hâkimiyeti sona erdi"
"saruhan","1310","YALNIZ A","1310-05-31 yaklasik Saruhan Bey Manisa'yı aldı (710 sonrası)",""
"saruhan","1389","YALNIZ A","1389-12-01 yaklasik Hızır Şah Manisa'yı Yıldırım Bayezid'e teslim etti",""
"saruhan","1390","YALNIZ B","","1390-01-01 yil Yıldırım Bayezid Manisa'yı aldı"
"saruhan","1405","YALNIZ A","1405-06-29 yaklasik Çelebi Mehmed Manisa'ya girip Hızır Şah'ı ortadan kaldırdı",""
"suriye-arap-kralligi","1918","AYNI YIL, FARKLI GÜN","1918-10-01 gun Şam'ın alınışı ve Arap yönetimi || 1918-10-03 gun Faysal Şam'a geldi","1918-10-01 gun Şam İngiliz kuvvetlerince ele geçirildi || 1918-10-01 ay Faysal Şam'da Arap hükümetini kurdu"
"suriye-arap-kralligi","1920","AYNI YIL, FARKLI GÜN","1920-03-08 gun Faysal Büyük Suriye kralı ilan edildi || 1920-07-25 gun Fransızlar Şam'a girdi, Faysal yönetimi bitti","1920-03-08 gun Faysal Büyük Suriye kralı ilan edildi || 1920-04-01 ay San Remo: Suriye Fransız mandasına verildi || 1920-07-25 gun Fransızlar Şam'a girdi, Faysal yönetimi sona erdi"
"suud-ikinci","1834","YALNIZ B","","1834-01-01 yil Türkî öldürüldü, Faysal b. Türkî emîr oldu"
"suud-ikinci","1865","YALNIZ A","1865-01-01 yil Faysal b. Türkî'nin ölümü, taht kavgası",""
"suud-ikinci","1871","YALNIZ B","","1871-01-01 yil Midhat Paşa'nın Lahsâ seferi"
"tahiri-horasan","0822","YALNIZ B","","0822-05-27 hicri-yil Tâhir b. Hüseyin öldü"
"teke","1321","YALNIZ A","1321-01-01 yil Tekeoğulları Antalya'da beylik kurdu",""
"teke","1391","YALNIZ A","1391-01-01 yil-hicri Yıldırım Bayezid Teke-ili'ni zaptetti",""
"topia","1402","YALNIZ B","","1402-01-01 yil Nikola Thopia Kruya'yı geri aldı"
"yezd-atabegligi","1141","AYNI YIL, FARKLI GÜN","1141-08-05 yil-hicri Son Kâkûyî Gerşâsb Katvan savaşında öldü","1141-08-06 hicri-yil Yezd Kâkûyîlerden atabeglere geçti"
"yezd-atabegligi","1318","AYNI YIL, FARKLI GÜN","1318-03-04 yil-hicri Yezd Atabegleri Muzafferîlerce yıkıldı","1318-03-05 hicri-yil Yezd Atabegleri yıkıldı"
"zend","1750","YALNIZ B","","1750-01-01 yil Zendler İsfahan'a girdi"
"zend","1766","AYNI YIL, FARKLI GÜN","1766-06-08 yil-hicri Şiraz başkent yapıldı","1766-06-09 hicri-yil Şîraz Zend başşehri oldu"
"zend","1776","YALNIZ B","","1776-01-01 yil Zendler Basra'yı aldı"
"zend","1779","AYNI YIL, FARKLI GÜN","1779-03-01 ay Kerim Han Zend öldü","1779-01-01 yil Basra yeniden Osmanlı'ya geçti || 1779-03-02 gun Kerim Han Zend öldü"
"zend","1794","AYNI YIL, FARKLI GÜN","1794-03-03 yil-hicri Lutf Ali Han Kirman'ı aldı || 1794-12-23 yil-hicri Lutf Ali Han öldürüldü, Zend hânedanı sona erdi","1794-03-04 hicri-yil Lutf Ali Han Kirman'ı aldı || 1794-12-24 hicri-yil Zend hânedanı sona erdi"
