madde,kunye,alan,yazili,ifade,aralik,hukum,oneri,tur1,cumle
osmanlilar,tunus-ocagi,f,1574-01-01,982/1574,1574-04-23…1574-12-31,DISINDA,1574-04-23,-,Osmanlılar Tunus’u yeniden fethetti (982/1574).
osmanlilar,hafsi,t,1574-09-13,982/1574,1574-04-23…1574-12-31,ICINDE,,-,Osmanlılar Tunus’u yeniden fethetti (982/1574).
selcuklular,alamut-nizari,f,1090-09-04,483/1090,1090-03-06…1090-12-31,ICINDE,,ICINDE,"Sultan Melikşah, Alamut Kalesi’ni işgal ederek orada Nizârî-İsmâilî Devleti’ni kuran (483/1090) Hasan Sabbâh ve Bâtınîler’le mücadeleyi bir devlet politikası haline getirdi."
selcuklular,buyuk-selcuklu,f,1040-05-23,431 (1040),1040-01-01…1040-09-10,ICINDE,,ICINDE,BÜYÜK SELÇUKLU DEVLETİ HÜKÜMDARLARI   Tuğrul Bey 431 (1040)   Süleyman 455 (1063)   Alparslan 455 (1063)   I.
selcuklular,kirman-selcuklu,f,1048-01-01,440/1048,1048-06-16…1048-12-31,DISINDA,1048-06-16,DISINDA,Leşkersitân şehri Kavurd Bey’e teslim etti; böylece Kirman Selçuklu Devleti’nin temelleri atılmış oldu (440/1048).
selcuklular,kirman-selcuklu,t,1187-01-01,583/1187,1187-03-13…1187-12-31,DISINDA,1187-03-13,DISINDA,Melik Dînâr başşehir Nermâsîr’i istilâ edip Kirman Selçukluları Devleti’ne son verdi (583/1187).
selcuklular,kirman-selcuklu,f,1048-01-01,440 (1048),1048-06-16…1048-12-31,DISINDA,1048-06-16,DISINDA,KİRMAN SELÇUKLU HÜKÜMDARLARI   Kavurd Bey 440 (1048)   Kirmanşah 465 (1073)   Hüseyin Şah 467 (1074)   Sultan Şah 467 (1074)   I.
selcuklular,danismendli,t,1178-10-25,574'te (1178),1178-06-19…1178-12-31,ICINDE,,-,Anadolu Selçuklu Devleti’nin gelişmesine büyük engel oluşturan bu beylik bazan devletin varlığını tehdit ediyordu. 574’te (1178) Dânişmendli topraklarının Selçuklu topraklarına katılmasıyla hem siyasî ve millî birlik kurulmuş hem de Anadolu Selçuklu Devleti büyük bir devlet durumuna yükselmiştir.
selcuklular,pervane,f,1277-01-01,675/1277,1277-01-01…1277-06-03,ICINDE,,-,"Devlete rakipsiz olarak hâkim olan Muînüddin Pervâne, Moğollar’ın sonu gelmez isteklerine tahammül edemeyerek Memlük Sultanı Baybars’ı yardıma çağırınca Baybars Kayseri’ye geldi (675/1277)."
selcuklular,suriye-selcuklu,f,1079-01-01,471/1079,1079-01-01…1079-07-03,ICINDE,,ICINDE,Böylece Suriye Selçuklu Devleti kurulmuş oldu (471/1079).
selcuklular,suriye-selcuklu,t,1117-01-01,511/1117,1117-05-05…1117-12-31,DISINDA,1117-05-05,DISINDA,Böylece Suriye Selçukluları’nın Halep kolu sona erdi (511/1117).
selcuklular,boriler,f,1104-06-06,10 ramazan 497 / 6 haziran 1104,1104-06-06…1104-06-06,ICINDE,,ICINDE,Dukak’ın ölümüyle (10 Ramazan 497 / 6 Haziran 1104) atabeg Tuğtegin onun yerine çok küçük yaştaki oğlu II.
selcuklular,suriye-selcuklu,f,1079-01-01,471 (1079),1079-01-01…1079-07-03,ICINDE,,ICINDE,SURİYE SELÇUKLU HÜKÜMDARLARI  Tutuş 471 (1079)   a) Halep Selçuklu Melikliği   Rıdvân 488 (1095)   Alparslan el-Ahras 507 (1113)   Sultan Şah 508-511 (1114-1117)   b) Dımaşk Selçuklu Melikliği   Dukak 488 (1095)   II.
selcuklular,boriler,f,1104-06-06,497 (1104),1104-01-01…1104-09-22,ICINDE,,ICINDE,"Tutuş 497 (1104)   Ertaş (Bektaş) 497-98 (1104)   BİBLİYOGRAFYA İbnü’l-Kalânisî, Târîḫu Dımaşḳ (Amedroz) , tür.yer."
selcuklular,irak-selcuklu,f,1118-05-06,511 (1118),1118-01-01…1118-04-23,DISINDA,1118-01-01,ICINDE,IRAK SELÇUKLU HÜKÜMDARLARI  Mahmud 511 (1118)   Dâvud 525 (1131)   I.
fatimiler,fatimi,f,0909-01-01,297 (909),0909-09-20…0909-12-31,DISINDA,0909-09-20,DISINDA,"İsmâilî dâîsi İmâdüddin İdrîs’in kaydettiği İsmâilî-Fâtımî rivayetine göre, 297 (909) yılında İfrîkıye’de Fâtımî halifeliğini kuran Ubeydullah el-Mehdî’den önce bu ülkeye gelen bir grup gizli imam da Muhammed b."
fatimiler,aglebi,t,0909-03-18,296/909,0909-01-01…0909-09-19,ICINDE,,MADDE:ICINDE,"Bu sırada Ebû Abdullah, Ağlebîler’in başşehri Rakkāde’yi ele geçirip son emîrleri olan Ziyâdetullah’ı şehirden çıkarmayı başardı (296/909). 29 Rebîülâhir 297 (15 Ocak 910) tarihinde Ubeydullah ile birlikte Rakkāde’ye girdi."
fatimiler,selcuklu,f,1075-01-01,468'de (1075),1075-08-16…1075-12-31,DISINDA,1075-08-16,-,Sonuçta Fâtımîler Suriye bölgesindeki yerlerini kaybettiler ve buralar 468’de (1075) Selçuklular’ın eline geçti.
fatimiler,hamdani-yemen,t,1174-01-01,569 (1174),1174-01-01…1174-08-01,ICINDE,,ICINDE,Bundan dolayı 569 (1174) yılında içlerinde Yemenli şair Umâre’nin de bulunduğu bazı dâîlerin Fâtımî hilâfetini yeniden canlandırma çabaları sonuçsuz kalmıştır.
fatimiler,eyyubi,f,1171-09-13,567 (1171),1171-09-04…1171-12-31,ICINDE,,ICINDE,Bu durum 567 (1171) yılında Eyyûbîler’in idareyi ele geçirmesine kadar devam etmiştir.
