ad,dosya_satir,atlas_koord,uzak_kayit,km,hukum,care,kusur_kesin_v2,yakin_kayit,atlas_noktasi_durumu,gerekce,kaynak_url,hukum_1010
Brakya (Brač),data/yerlesimler.js:1682,"43.323,16.644",GN:3203247 'Broce' HR P.PPL nüf.90 (Pelješac köyü),103.43,EŞADLI BAŞKA YER,—,—,"GN:3203594 Otok Brač T.ISL 0,64",ada merkezi; doğru nesne tanıksız ⇒ YANLIŞ-CİNS-ÖLÇÜLEMEDİ,Broce'un adında/alternatif adlarında Brač yok (ⓓ ünlü-iskeleti eşleşmesi). Brač'ta 'Brač' adlı kasaba yok (Supetar/Nerežišća/Bol); kale nesnesi belirsiz.,"GN ülke dökümü (download.geonames.org/export/dump, 10 Eki 2026)",EŞADLI BAŞKA YER
Elba,data/yerlesimler.js:1703,"42.784,10.285",GN:2995711 'Albo' FR (Korsika) P.PPL nüf.0,77.51,EŞADLI BAŞKA YER,—,—,"GN:3177426 Isola d'Elba T.ISL 1,00",ada merkezi; doğru nesne (Portoferraio vb.) aynı-ad değil ⇒ YANLIŞ-CİNS-ÖLÇÜLEMEDİ,Albo Korsika'da (FR); s: zinciri piza/piombino/toskana ile bağdaşmaz; ada alt adı 'Elbo' ↔ 'Albo' iskelet eşleşmesi.,"GN ülke dökümü (download.geonames.org/export/dump, 10 Eki 2026)",EŞADLI BAŞKA YER
Knife River (Hidatsa köyleri),data/yerlesimler_kamerika.js:868 (ayna paket_22.js:3016),"47.333,-101.383",GN:5689578 'Hebron' US-ND P.PPL (alt ad 'Knife River'),69.46,EŞADLI BAŞKA YER,—,—,"GN:5689985 Knife River H.STM 1,55; ayrıca GN:6331912 'Knife River Village (historical)' P.PPLQ 1,00 ve GN:5689987 NHS L.PRK","özde DOĞRU; PPLQ 1,00 km ≤2 km ⇒ ⓐ1 altında DOĞRU-CİNS (v2 bu kaydı görmemiş)","Hebron başka kasaba; tarihî köy kaydı atlas noktasına 1,0 km.","GN ülke dökümü (download.geonames.org/export/dump, 10 Eki 2026)",EŞADLI BAŞKA YER
Peşte,data/yerlesimler.js:1357,"47.494,19.060",GN:3046580 'Pásztó' HU P.PPLA2 (alt ad 'Pasto'),67.28,EŞADLI BAŞKA YER,—,—,"GN:3046446 Pest P.PPLX 1,88 (alt ad 'Peşte')",özde DOĞRU (PPLX Pest = tarihî Peşte şehrinin kendisi); mekanik PPLX ⇒ YANLIŞ-CİNS-ÖLÇÜLEMEDİ (öneri Ö-1),Pásztó Nógrád'da; 'Pasto' ↔ 'Peşte' iskelet eşleşmesi.,"GN ülke dökümü (download.geonames.org/export/dump, 10 Eki 2026)",EŞADLI BAŞKA YER
Nikarya (İkarya),data/yerlesimler.js:570,"37.600,26.150",GN:443478 'Neochóri' GR P.PPL nüf.62 (Sisam adası),56.03,EŞADLI BAŞKA YER,—,—,"GN:8133747 Ikaria A.ADM3 0,44",idari temsil noktası; kale tanıksız ⇒ YANLIŞ-CİNS-ÖLÇÜLEMEDİ,Neochori Sisam'da; adında İkarya yok.,"GN ülke dökümü (download.geonames.org/export/dump, 10 Eki 2026)",EŞADLI BAŞKA YER
Fort Nez Percés (Walla Walla),data/yerlesimler_kamerika.js:928 (ayna paket_22.js:3076),"46.05,-118.9",GN:5814916 'Walla Walla' US-WA P.PPLA2 (şehir),43.01,EŞADLI BAŞKA YER,—,—,"GN:5814925 Walla Walla River H.STM 1,08","bölge doğru; WP koordinatı (46.084,-118.909) 3,86 km, tek kaynak, aile değil ⇒ YANLIŞ-CİNS-ÖLÇÜLEMEDİ","WP: kale Walla Walla ağzının yarım mil kuzeyinde (Wallula), 1954 McNary barajıyla sular altında; Walla Walla şehri / US Fort Walla Walla (1858) AYRI yer. ⚠️ Yan bulgu: s: 1867-1923 'kanada' ama nokta Washington'da (1846 Oregon) ⇒ ayrı sahiplik kalemi.",https://en.wikipedia.org/wiki/Fort_Nez_Perc%C3%A9s,"EŞADLI BAŞKA YER + SAHİPLİK kusuru adayı (s: kanada 1867–1923, nokta Washington; 1846 Oregon sonrası ABD) → koordinatör kuyruğu 2r"
Fort Ross (Kaliforniya),data/yerlesimler_kamerika.js:1170 (ayna paket_22.js:3318),"38.514,-123.245",GN:5388908 'Ross' US-CA P.PPL (Marin County),31.86,EŞADLI BAŞKA YER,—,—,"GN:5350097 Fort Ross (historical) L.PRK 0,12",özde DOĞRU (L.PRK = kalenin kendi alanı); mekanik L ⇒ YANLIŞ-CİNS-ÖLÇÜLEMEDİ (Ö-1),"Ross, Marin County'de başka kasaba.","GN ülke dökümü (download.geonames.org/export/dump, 10 Eki 2026)",EŞADLI BAŞKA YER
Korçula (Kurzola),data/yerlesimler.js:1684,"42.945,16.904",GN:3197710 'Korčula' HR P.PPLA2 (alt ad Curzola),18.9,GERÇEK KUSUR,TAŞIMA (tek katman: surlu Curzola 1281-1923) · §6.5 tek aile ⇒ TAŞIMA-PARK,HAYIR (tek aile; ada kategorik değil ⇒ ≥2 aile şart),"GN:3197708 Korcula T.ISL 1,21",ada merkezi = KAPSAYAN-KAYIT (§6.4b),"Venedik kalesi = surlu Korčula kasabası (WP: 'old city is surrounded by walls', 12 ortaçağ kulesi). WP koordinatı 42.950,17.125 GN ile uyumlu ama aile değil.",https://en.wikipedia.org/wiki/Kor%C4%8Dula_(town),GERÇEK KUSUR
Ayamavra (Lefkada),data/yerlesimler.js:1446,"38.716,20.643",GN:258438 'Lefkáda' GR P.PPLA2,13.79,GERÇEK KUSUR,"TAŞIMA (kale tüm pencerede aynı) — hedef KALE, kasaba değil (§6.4b 'nesne seçimi gerekli') · TAŞIMA-PARK",HAYIR (tek aile),"GN:258437 Lefkada T.ISL 0,84",ada merkezi = KAPSAYAN-KAYIT,"Santa Maura kalesi Lefkada kasabasına bitişik; kasaba kaydı aynı yerin komşu nesnesi. Kale koordinatı için ikinci aile yok (kale sayfası fetch edilemedi, 404).","GN ülke dökümü (download.geonames.org/export/dump, 10 Eki 2026)",GERÇEK KUSUR
Kefalonya,data/yerlesimler.js:1672,"38.227,20.575",GN:7290409 'Kefalonia' GR P.PPL nüf.0,13.26,ÖLÇÜLEMEDİ,—,—,"GN:8133850 Dimos Kefalonia A.ADM3 0,39",ada/belediye merkezi; kale (Ag. Georgios) tanıksız,"Nüfussuz, kimliği belirsiz bir 'Kefalonia' PPL; Ag. Georgios kalesi mi Argostoli mi, kayıttan anlaşılmıyor.","GN ülke dökümü (download.geonames.org/export/dump, 10 Eki 2026)",ÖLÇÜLEMEDİ
Nichicun (HBC iç karakolu),data/yerlesimler_kamerika.js:625 (ayna paket_22.js:2773),"53.0943,-70.9882",GN:6088623 'Nitchequon' CA P.PPL (kod YNI),12.83,GERÇEK KUSUR,TAŞIMA (tek nesne: karakol) · TAŞIMA-PARK,"HAYIR (tek aile; WP koordinatı GN'ye 1,35 km ama aile sayılmaz)","GN:6034823 Lac Nichicun H.LK 1,47",göl merkezi; kaydın not:'u noktanın 'maske' için kaydırıldığını yazıyor,"WP: 'inland trading post of the Hudson's Bay Company … located on Lac Nichicun … 1816–22, 1825 and 1834–1943' = kaydın kur:1816'sı.",https://en.wikipedia.org/wiki/Nitchequon,GERÇEK KUSUR
Jinan,data/yerlesimler_asya.js:1791 (ayna paket_13.js:5922),"36.651,117.120","GN:1805753 'Jinan' CN P.PPLA + TGN:8632124 (≤0,05 çakışık ⇒ TEK aile)",11.12,GERÇEK KUSUR,TAŞIMA (surlu şehir 1281-1923 aynı yerde) · TAŞIMA-PARK,"HAYIR (GN=TGN tek aile, v2 §1.1-3)","GN:1805751 Jinan Shi A.ADM2 0,47",il (ADM2) temsil noktası,"WP koordinatı 36.670,117.021 (eski şehir/Daming gölü) atlas noktasına 9,1 km, GN'ye ~2 km.",https://en.wikipedia.org/wiki/Jinan,GERÇEK KUSUR
Çuha Adası (Kythira),data/yerlesimler.js:566,"36.240,22.990",GN:259710 'Kýthira' GR P.PPLA3 (Chora),10.06,GERÇEK KUSUR,TAŞIMA-PARK; ⚠️ Paliochora katmanı ⇒ İKAME sorusu açık,HAYIR (tek aile),"GN:259709 Cythera T.ISL 0,31",ada merkezi,"WP: başkent Chora, kale şehre hâkim (Coronelli gravürü); Paliochora ortaçağ kasabası ayrı nesne.",https://en.wikipedia.org/wiki/Kythira,GERÇEK KUSUR
Pusan,data/yerlesimler_asya.js:2979 (ayna paket_13.js:7117),"35.180,129.076",GN:1838524 'Busan' KR P.PPLA,9.66,GERÇEK KUSUR,İKAME adayı (Busanpo → Choryang waegwan → 1876 limanı: çok katman) · PARK,HAYIR (tek aile),"GN:1979186 Baesan T.HLL 1,90",tur:liman ama nokta iç kesimde bir tepede,Uzak kayıt aynı şehir (modern merkez); atlas noktası liman olamaz. Doğru katman koordinatı tanıksız; kaynak fetch edilmedi.,"GN ülke dökümü (download.geonames.org/export/dump, 10 Eki 2026)",GERÇEK KUSUR
Fort Langley,data/yerlesimler_kamerika.js:774 (ayna paket_22.js:2922),"49.167,-122.580",GN:6049429 'Langley' CA P.PPL (Langley City),9.31,EŞADLI BAŞKA YER,—,—,"GN:5955879 Fort Langley P.PPLX 0,15",özde DOĞRU (kalenin bulunduğu köy); mekanik PPLX ⇒ YANLIŞ-CİNS-ÖLÇÜLEMEDİ (Ö-1),Langley City ayrı belediye.,"GN ülke dökümü (download.geonames.org/export/dump, 10 Eki 2026)",EŞADLI BAŞKA YER
Alonisos,data/yerlesimler.js:1663,"39.213,23.911","GN:265263 'Alonissos' GR P.PPL (koordinat 0,05 ızgaraya yuvarlak)",8.76,GERÇEK KUSUR,TAŞIMA-PARK (+ §9.4 çözünürlük: GN noktası yuvarlak),HAYIR (tek aile),"GN:265262 Nisí Alónnisos T.ISL 0,64",ada merkezi,WP: 1965'e dek yerleşim 'a small fortress' olan başkentte (Chora / Eski Alonisos).,https://en.wikipedia.org/wiki/Alonnisos,"ÖLÇÜLEMEDİ: tanık 0,05° ızgaraya yuvarlak (≈5,5 km), çözünürlük > ölçülen fark (§9.4)"
Marmara Adası,data/yerlesimler.js:1664,"40.625,27.620",GN:741730 'Marmara' TR P.PPLA2,6.94,ÖLÇÜLEMEDİ,—,—,"GN:741729 Marmara Adası T.ISL 0,64",—,"Kaydın iki birinci tanığı çelişiyor (§6.4): ad: ADAYI, tur: KALEYİ söylüyor; kalenin Marmara kasabasında olduğuna dair kaynak okunmadı.","GN ülke dökümü (download.geonames.org/export/dump, 10 Eki 2026)",ÖLÇÜLEMEDİ
Krk (Veglia),data/yerlesimler.js:1677,"45.075,14.615",GN:3197208 'Krk' HR P.PPLA2 (alt ad Veglia),6.13,GERÇEK KUSUR,TAŞIMA (tek katman) · TAŞIMA-PARK,HAYIR (tek aile),"GN:3197206 Otok Krk T.ISL 0,15",ada merkezi,WP: Frankopan kalesi ve Venedik dönemi surları Krk kasabasında.,https://en.wikipedia.org/wiki/Krk_(town),GERÇEK KUSUR
Tsabong,data/yerlesimler_afrika2.js:2151 (ayna paket_23.js:3029),"-26.020,22.400",GN:932987 'Tshabong' BW P.PPLA (yuvarlak koordinat),6.01,GERÇEK KUSUR,"TAŞIMA-PARK (+ §9.4: GN 0,05 ızgara)","HAYIR (havalimanı kategorik ama 6,01<10 ⇒ ⓐ4 yok; tek aile)","GN:6296954 Tshabong Airport S.AIRP 1,57",nokta havalimanında; r=1 km,Aynı yerleşim; kaydın kaynak:'ı 'bulunamadı'.,"GN ülke dökümü (download.geonames.org/export/dump, 10 Eki 2026)","ÖLÇÜLEMEDİ: tanık 0,05° ızgaraya yuvarlak (≈5,5 km), çözünürlük > ölçülen fark (§9.4)"
Kekionga (Miami),data/yerlesimler_kamerika.js:1097 (ayna paket_22.js:3245),"41.080,-85.139",GN:4920423 'Fort Wayne' US-IN P.PPLA2 (alt ad Kekionga),5.69,EŞADLI BAŞKA YER,—,—,"GN:4925942 Saint Marys River H.STM 0,68","atlas WP Kekionga koordinatına 1,59 km (Fort Wayne merkezi daha uzak) ⇒ özde yerinde; mekanik ⇒ YANLIŞ-CİNS-ÖLÇÜLEMEDİ","Fort Wayne, Kekionga'nın ARDIL şehri (ayrı nesne, §6.2); WP: köy St Joseph + St Marys birleşiminde.",https://en.wikipedia.org/wiki/Kekionga,EŞADLI BAŞKA YER
Sennar,data/yerlesimler.js:836,"13.551,33.616",GN:367644 'Sennar' SD P.PPL (modern kasaba),5.65,ÖLÇÜLEMEDİ,§6.3 İKAME sorusu (Funj başkenti ↔ modern kasaba),—,"GN:6297345 Sennar S.STNM 0,13",istasyonda,WP: 'The modern town lies SSE of the ruins of the ancient capital of the Funj Kingdom' ⇒ uzak kayıt Funj-dönemi nesnesi DEĞİL; harabe koordinatı tanıksız.,https://en.wikipedia.org/wiki/Sennar,ÖLÇÜLEMEDİ
Pantelerya,data/yerlesimler.js:1696,"36.792,11.990","GN:2523890 'Pantelleria' IT P.PPLA3 + PL:462167 'Cossyra' (OSM modern kasaba) 5,94 km",5.62,GERÇEK KUSUR,TAŞIMA (tek katman; HÜKÜM-KASA §6.4b zaten TAŞIMA) · TAŞIMA-HAZIR,"EVET: 2 aile (GN↔PL arası 0,36 km > 0,05) ∧ ≥5 km","PL:462168 island 0,06",ada temsil noktası = KAPSAYAN-KAYIT,v2'nin ad eşleşmesi 'Cossyra'yı görmedi; ikinci aile elle eklendi (§6.4b'nin kendi tanığı). ⚠️ §9.4 nedeniyle TGN 1045872 kullanılmadı.,https://pleiades.stoa.org/places/462167/json,GERÇEK KUSUR
Kiş (Kish),data/yerlesimler.js:1723,"26.526,53.979",GN:126914 'Kīsh' IR P.PPL (modern kasaba),5.35,ÖLÇÜLEMEDİ,—,—,"TGN:8992844 havalimanı 0,21",havalimanında,Uzak kayıt modern kasaba; ortaçağ Kays (Harîre) ayrı nesne olabilir; kaynak okunmadı.,"GN ülke dökümü (download.geonames.org/export/dump, 10 Eki 2026)",ÖLÇÜLEMEDİ
Ûicu (Uiju),data/yerlesimler_asya.js:3026 (ayna paket_13.js:7164),"40.152,124.523",GN:2039623 'Uiju' KP P.PPL,5.33,GERÇEK KUSUR,TAŞIMA (tek katman) · TAŞIMA-PARK,"HAYIR (havalimanı kategorik, 5,33<10, tek aile; WP koordinatı GN'ye 0,28 km = türev)","GN:2048909 Uiju Airport S.AIRP 1,99",havalimanı yanında,Aynı kale-kasaba (Ŭiju-ŭp); WP'de Goryeo/Joseon sur ayrıntısı yok.,https://en.wikipedia.org/wiki/Uiju,GERÇEK KUSUR
Bamako,data/yerlesimler_afrika2.js:407 (ayna paket_23.js:1285),"12.650,-8.000",GN:2460596 'Bamako' ML P.PPLC (modern başkent),5.28,ÖLÇÜLEMEDİ,—,—,"GN:2460594 Bamako Region A.ADM1 0,00",atlas = yuvarlak standart koordinat (12°39′N 8°W),AYNI yer; uzak kayıt modern metropol merkezi; atlas noktasının yanlış olduğu gösterilemiyor ⇒ tanım boşluğu (Ö-2).,"GN ülke dökümü (download.geonames.org/export/dump, 10 Eki 2026)",DOĞRU-DÖNEM (Ö-2 kabul; ADAY’dan düşer)
İthaki,data/yerlesimler.js:1673,"38.403,20.687",GN:261708 'Itháki' GR P.PPL (Vathy),5.11,ÖLÇÜLEMEDİ,—,—,"PL:530906 island 0,59",ada merkezi,"PL:530905 antik yerleşim GN Vathy'ye 11,11 km ⇒ ayrı nesne (§6.2); 1500-1923 için kale nesnesi belirlenemedi.",https://pleiades.stoa.org/places/530905/json,ÖLÇÜLEMEDİ
Tucson (San Agustín del Tucsón),data/yerlesimler_kamerika.js:1346 (ayna paket_22.js:3494),"32.222,-110.970",GN:5318313 'Tucson' US-AZ P.PPLA2 (modern şehir merkezi),4.09,ÖLÇÜLEMEDİ,—,—,"GN:7723956 Tucson City Hall S.BLDG 0,45; GN:5294013 El Presidio Park L.PRK 0,67",atlas presidio alanında,"AYNI yer; atlas tarihî çekirdekte ⇒ kusur değil, eşadlı da değil ⇒ tanım boşluğu (Ö-2).","GN ülke dökümü (download.geonames.org/export/dump, 10 Eki 2026)",DOĞRU-DÖNEM (Ö-2 kabul; ADAY’dan düşer)
Port of Spain (Puerto de España),data/yerlesimler_amerika.js:1174 (ayna paket_16.js:2180),"10.6549,-61.5019",GN:3573890 'Port of Spain' TT P.PPLC,2.27,ÖLÇÜLEMEDİ,—,—,"GN:3573891 City of Port of Spain A.ADM1 1,90",şehir içinde,"AYNI yer; 2,27 km şehir içi temsil farkı ⇒ tanım boşluğu (Ö-2).","GN ülke dökümü (download.geonames.org/export/dump, 10 Eki 2026)",DOĞRU-DÖNEM (Ö-2 kabul; ADAY’dan düşer)
