# govde 2fe8ada77 · site damgali geometri 0ef2d3e2 · 1101 geometrik parca · TOPLAM: izgara 1895364 · gercek d.area 1893467.3 · fark +1896.7 km2 (+0.100%) · izgara baslangici 7 ofsette (D8'in kendisi dahil) toplam 1891220..1895928 (4708 km2, 0.25%) · 600e2d00'da gercek d.area birebir ayni
hat	gun	yan	gercek_d_area_km2	izgara_km2(4xornek)	fark_km2	oran	izgara_baslangici_kaydirilinca_min	izgara_baslangici_kaydirilinca_max
d1923-us-mx-gadsden	1854-06-30	sag	629.99	556	-73.99	-0.1175	556	676
d1923-us-mx-gadsden	1923-10-28	sag	644.79	576	-68.79	-0.1067	576	696
d1923-habesistan-ingiliz-somalisi	1923-10-28	sag	9430.81	9376	-54.81	-0.0058	9356	9472
d1923-orta-afrika-cumhuriyeti-belcika-kongo	1923-10-28	sol	12542.23	12492	-50.23	-0.004	12492	12584
d1923-oky-yenigine-kuzey-alman	1914-09-16	sol	260.62	212	-48.62	-0.1866	212	304
d1918-fi-su-fiili-1	1918-01-04	sol	2874.38	2832	-42.38	-0.0147	2832	2920
d1918-fi-su-fiili-1	1920-12-30	sol	2886.16	2844	-42.16	-0.0146	2844	2932
d1923-nijer-nijerya	1910-02-19	sol	1400.55	1360	-40.55	-0.029	1360	1452
d1923-nijer-nijerya	1923-10-28	sol	1400.55	1360	-40.55	-0.029	1360	1452
d1923-oky-yenigine-kuzey-alman	1914-09-16	sol	50.23	16	-34.23	-0.6814	16	80
d1923-oky-yenigine-kuzey-isgal-avustralya	1914-09-17	sol	50.23	16	-34.23	-0.6814	16	80
d1923-oky-yenigine-kuzey-isgal-avustralya	1920-12-16	sol	50.23	16	-34.23	-0.6814	16	80
d1923-oky-yenigine-kuzey	1920-12-17	sol	50.23	16	-34.23	-0.6814	16	80
d1923-oky-yenigine-kuzey	1923-10-28	sol	50.23	16	-34.23	-0.6814	16	80
d1923-nijerya-kamerun-milner-simon	1922-07-20	sol	614.03	584	-30.03	-0.0489	584	648
d1923-nijerya-kamerun-milner-simon	1923-10-28	sol	614.03	584	-30.03	-0.0489	584	648
d1919-nijerya-kamerun-milner-oncesi	1919-07-10	sol	614.03	584	-30.03	-0.0489	584	648
d1919-nijerya-kamerun-milner-oncesi	1922-07-19	sol	614.03	584	-30.03	-0.0489	584	648
d1916-nijerya-kamerun-isgal	1916-02-18	sol	614.03	584	-30.03	-0.0489	584	648
d1916-nijerya-kamerun-isgal	1919-07-09	sol	614.03	584	-30.03	-0.0489	584	648
d1923-ih-cn-guney1-1	1923-10-28	sag	1377.91	1348	-29.91	-0.0217	1348	1396
g3-ih-cn-guney1-1-qing	1897-06-05	sag	1377.91	1348	-29.91	-0.0217	1348	1396
g3-ih-cn-guney1-1-qing	1911-10-09	sag	1377.91	1348	-29.91	-0.0217	1348	1396
d1923-dahomey-nijerya	1906-10-19	sol	3501.12	3472	-29.12	-0.0083	3468	3568
d1923-dahomey-nijerya	1923-10-28	sol	3501.12	3472	-29.12	-0.0083	3468	3568
d1923-ih-np-BILINMIYOR	1875-01-07	sol	8632.69	8604	-28.69	-0.0033	8596	8664
d1923-ih-np-BILINMIYOR	1923-10-28	sol	8632.69	8604	-28.69	-0.0033	8596	8664
d1816-alm-ah-1	1816-05-01	sol	1292.4	1264	-28.4	-0.022	1264	1312
d1816-alm-ah-1	1844-01-29	sol	1292.4	1264	-28.4	-0.022	1264	1312
d1923-lt-lv	1921-05-14	sag	2129.29	2104	-25.29	-0.0119	2104	2160
d1923-lt-lv	1923-10-28	sag	2129.29	2104	-25.29	-0.0119	2104	2160
g2-hd-pt-orta-1908	1908-08-29	sol	691.86	668	-23.86	-0.0345	668	708
d1923-tr-sy-dogu	1921-10-20	sol	1019.47	996	-23.47	-0.023	996	1048
d1923-tr-sy-dogu	1923-10-28	sol	1019.47	996	-23.47	-0.023	996	1048
d1923-ar-br	1900-05-26	sag	5558.87	5536	-22.87	-0.0041	5536	5596
d1923-ar-br	1923-10-28	sag	5558.87	5536	-22.87	-0.0041	5536	5596
d1923-altinkiyisi-fildisi-sahili	1895-06-16	sol	4122.77	4100	-22.77	-0.0055	4096	4144
d1923-fi-se	1917-12-06	sag	3602.41	3580	-22.41	-0.0062	3568	3624
d1923-fi-se	1923-10-28	sag	3602.41	3580	-22.41	-0.0062	3568	3624
dg2-rusya-se	1809-09-17	sag	3602.41	3580	-22.41	-0.0062	3568	3624
dg2-rusya-se	1917-03-14	sag	3602.41	3580	-22.41	-0.0062	3568	3624
dg2-gecici-se	1917-03-15	sag	3602.41	3580	-22.41	-0.0062	3568	3624
dg2-gecici-se	1917-11-06	sag	3602.41	3580	-22.41	-0.0062	3568	3624
dg2-sovyet-se	1917-11-07	sag	3602.41	3580	-22.41	-0.0062	3568	3624
dg2-sovyet-se	1917-12-05	sag	3602.41	3580	-22.41	-0.0062	3568	3624
d1923-br-py-2	1923-10-28	sol	1222.02	1200	-22.02	-0.018	1200	1300
d1923-at-yu-stiriya	1920-07-16	sag	1044.83	1024	-20.83	-0.0199	1024	1060
d1923-at-yu-stiriya	1923-10-28	sag	1044.83	1024	-20.83	-0.0199	1024	1060
d1913-nijerya-kamerun-almanya	1913-03-11	sol	8928.13	8908	-20.13	-0.0023	8908	8972
d1913-nijerya-kamerun-almanya	1916-02-17	sol	8928.13	8908	-20.13	-0.0023	8908	8972
d1885-nijerya-kamerun-genel	1913-03-10	sol	8928.13	8908	-20.13	-0.0023	8908	8972
d1923-angola-belcika-kongo	1908-11-15	sag	1501.51	1484	-17.51	-0.0117	1476	1520
d1923-angola-belcika-kongo	1923-10-28	sag	1501.51	1484	-17.51	-0.0117	1476	1520
d1923-cad-anglo-misir-sudani-darfur	1919-09-08	sag	2473.23	2456	-17.23	-0.007	2444	2488
d1923-cad-anglo-misir-sudani-darfur	1923-10-28	sag	2473.23	2456	-17.23	-0.007	2444	2488
d1923-be-nl-2	1839-04-19	sol	1564.43	1548	-16.43	-0.0105	1544	1592
d1923-be-nl-2	1923-10-28	sol	1564.43	1548	-16.43	-0.0105	1544	1592
dg4-sa-ch-piyemonte	1861-03-16	sag	468.35	452	-16.35	-0.0349	452	480
d1923-be-nl-2	1839-04-19	sag	1328.24	1312	-16.24	-0.0122	1312	1344
d1923-ih-np-BILINMIYOR	1875-01-07	sol	2271.98	2256	-15.98	-0.007	2256	2300
d1923-ih-np-BILINMIYOR	1923-10-28	sol	2271.98	2256	-15.98	-0.007	2256	2300
d1923-fr-de	1920-01-10	sag	2183.56	2168	-15.56	-0.0071	2168	2200
d1923-fr-de	1923-10-28	sag	2183.56	2168	-15.56	-0.0071	2168	2200
d1918-fr-de-isgal	1920-01-09	sag	2183.56	2168	-15.56	-0.0071	2168	2200
d1923-angola-guneybati-afrika	1920-12-17	sag	5187.28	5172	-15.28	-0.0029	5172	5196
d1923-angola-guneybati-afrika	1923-10-28	sag	5187.28	5172	-15.28	-0.0029	5172	5196
d1923-ca-us-prairie	1870-07-15	sag	3638.87	3624	-14.87	-0.0041	3580	3756
d1923-ca-us-prairie	1923-10-28	sag	3638.87	3624	-14.87	-0.0041	3580	3756
d1923-it-ch	1923-10-28	sag	1262.51	1248	-14.51	-0.0115	1248	1280
d1923-es-pt-kuzey	1866-11-04	sol	1538.35	1524	-14.35	-0.0093	1524	1556
d1923-it-ch	1861-03-17	sag	1218.3	1204	-14.3	-0.0117	1204	1236
d1923-nl-de	1824-07-02	sag	1478.12	1464	-14.12	-0.0096	1464	1496
d1923-nl-de	1923-10-28	sag	1478.12	1464	-14.12	-0.0096	1464	1496
d1923-ar-py-nehirler	1876-09-13	sag	7809.81	7796	-13.81	-0.0018	7796	7832
d1923-ar-py-nehirler	1923-10-28	sag	7809.81	7796	-13.81	-0.0018	7796	7832
d1923-fransiz-gine-portekiz-gine	1895-06-16	sag	2305.0	2292	-13.0	-0.0056	2292	2320
d1923-fransiz-gine-portekiz-gine	1923-10-28	sag	2305.0	2292	-13.0	-0.0056	2292	2320
d1923-hu-yu-sirbistan	1921-07-26	sag	760.77	748	-12.77	-0.0168	736	796
d1923-hu-yu-sirbistan	1923-10-28	sag	760.77	748	-12.77	-0.0168	736	796
g1-osm-ir	1913-11-17	sag	420.54	408	-12.54	-0.0298	408	436
d1886-angola-almanya-swa	1915-07-08	sag	5180.28	5168	-12.28	-0.0024	5164	5192
d1923-cn-fc-BILINMIYOR-laos	1923-10-28	sol	1411.52	1400	-11.52	-0.0082	1400	1416
d1923-ie-gb	1922-12-06	sol	895.41	884	-11.41	-0.0127	884	912
d1923-ie-gb	1923-10-28	sol	895.41	884	-11.41	-0.0127	884	912
d1923-angola-belcika-kongo	1908-11-15	sol	4935.29	4924	-11.29	-0.0023	4896	4980
d1923-angola-belcika-kongo	1923-10-28	sol	4935.29	4924	-11.29	-0.0023	4896	4980
d1891-guneyrodezya-mozambik-bsac	1891-06-11	sol	3135.17	3124	-11.17	-0.0036	3112	3144
d1923-portekiz-gine-senegal	1906-07-12	sol	4826.67	4816	-10.67	-0.0022	4808	4856
d1923-portekiz-gine-senegal	1923-10-28	sol	4826.67	4816	-10.67	-0.0022	4808	4856
d1923-bg-shs-1	1920-01-01	sol	938.53	928	-10.53	-0.0112	928	952
d1923-bg-shs-1	1923-10-28	sol	938.53	928	-10.53	-0.0112	928	952
d1923-nijer-nijerya	1910-02-19	sol	5394.42	5384	-10.42	-0.0019	5364	5412
d1923-nijer-nijerya	1923-10-28	sol	5394.42	5384	-10.42	-0.0019	5364	5412
d1890-becuanaland-almanya-swa	1890-07-01	sol	4758.34	4748	-10.34	-0.0022	4736	4772
d1923-no-se	1905-06-07	sol	1073.55	1064	-9.55	-0.0089	1064	1088
d1923-no-se	1923-10-28	sol	1073.55	1064	-9.55	-0.0089	1064	1088
dg6-dk-se-stromstad	1751-10-02	sol	1073.55	1064	-9.55	-0.0089	1064	1088
d1908-bg-bagimsiz-eski	1908-10-05	sol	1605.39	1596	-9.39	-0.0059	1596	1624
d1908-bg-bagimsiz-eski	1909-04-18	sol	1605.39	1596	-9.39	-0.0059	1596	1624
d1909-osm-bg-eski	1909-04-19	sol	1605.39	1596	-9.39	-0.0059	1596	1624
d1909-osm-bg-eski	1913-05-29	sol	1605.39	1596	-9.39	-0.0059	1596	1624
d1923-angola-kuzey-rodezya-barotseland	1911-05-17	sag	13481.28	13472	-9.28	-0.0007	13464	13504
d1923-de-at	1923-10-28	sol	536.92	528	-8.92	-0.0166	520	544
d1816-alm-ah-4	1816-05-01	sol	1744.88	1736	-8.88	-0.0051	1732	1764
d1816-alm-ah-4	1844-01-29	sol	1744.88	1736	-8.88	-0.0051	1732	1764
dg2-rusya-no-bati	1905-06-07	sol	8132.78	8124	-8.78	-0.0011	8112	8188
dg2-rusya-no-bati	1917-03-14	sol	8132.78	8124	-8.78	-0.0011	8112	8188
dg2-gecici-no-bati	1917-03-15	sol	8132.78	8124	-8.78	-0.0011	8112	8188
dg2-gecici-no-bati	1917-11-06	sol	8132.78	8124	-8.78	-0.0011	8112	8188
dg2-sovyet-no-bati	1917-11-07	sol	8132.78	8124	-8.78	-0.0011	8112	8188
dg2-sovyet-no-bati	1917-12-05	sol	8132.78	8124	-8.78	-0.0011	8112	8188
d1923-fi-no-bati	1923-10-28	sol	8132.73	8124	-8.73	-0.0011	8112	8188
d1923-al-yu-karadag-2	1921-11-09	sag	208.7	200	-8.7	-0.0417	196	216
d1923-al-yu-karadag-2	1923-10-28	sag	208.7	200	-8.7	-0.0417	196	216
d1923-br-py-1	1923-10-28	sol	448.69	440	-8.69	-0.0194	424	492
d1923-es-ma-melilla	1894-03-05	sol	648.64	640	-8.64	-0.0133	636	664
d1923-uganda-belcika-kongo	1915-02-03	sag	872.55	864	-8.55	-0.0098	860	900
d1923-uganda-belcika-kongo	1923-10-28	sag	872.55	864	-8.55	-0.0098	860	900
d1923-tr-ir-2	1920-04-23	sol	268.54	260	-8.54	-0.0318	260	280
d1923-tr-ir-2	1923-10-28	sol	268.54	260	-8.54	-0.0318	260	280
d1913-osm-ir-2	1913-11-17	sol	268.51	260	-8.51	-0.0317	260	280
d1913-osm-ir-2	1920-04-22	sol	268.51	260	-8.51	-0.0317	260	280
d1923-tr-sscb-gurcistan	1923-10-28	sol	24.5	16	-8.5	-0.3468	16	32
d1923-eritre-habesistan	1908-05-16	sol	3640.47	3632	-8.47	-0.0023	3632	3656
d1923-eritre-habesistan	1923-10-28	sol	3640.47	3632	-8.47	-0.0023	3632	3656
d1923-malavi-mozambik	1907-01-01	sol	1536.31	1528	-8.31	-0.0054	1524	1568
d1923-malavi-mozambik	1923-10-28	sol	1536.31	1528	-8.31	-0.0054	1524	1568
d1923-be-nl-2	1923-10-28	sag	1332.14	1324	-8.14	-0.0061	1324	1352
d1923-br-py-2	1889-11-15	sag	2895.82	2888	-7.82	-0.0027	2880	2904
d1923-br-py-2	1923-10-28	sag	2895.82	2888	-7.82	-0.0027	2880	2904
g3-br-imp-py-2	1872-03-26	sag	2895.82	2888	-7.82	-0.0027	2880	2904
g3-br-imp-py-2	1889-11-14	sag	2895.82	2888	-7.82	-0.0027	2880	2904
d1918-fr-de-isgal	1918-11-11	sol	4367.6	4360	-7.6	-0.0017	4360	4388
d1890-becuanaland-almanya-swa	1915-07-08	sol	4755.56	4748	-7.56	-0.0016	4728	4768
d1890-becuanaland-almanya-swa	1890-07-01	sol	1763.53	1756	-7.53	-0.0043	1752	1772
d1890-becuanaland-almanya-swa	1915-07-08	sol	1763.53	1756	-7.53	-0.0043	1752	1772
d1923-de-at	1918-11-12	sol	531.5	524	-7.5	-0.0141	512	540
d1919-at-cs-fiili-1	1919-01-01	sag	43.42	36	-7.42	-0.1708	36	52
d1919-at-cs-fiili-1	1920-07-15	sag	43.42	36	-7.42	-0.1708	36	52
d1923-ar-py-nehirler	1876-09-13	sag	2007.24	2000	-7.24	-0.0036	1992	2024
d1923-ar-py-nehirler	1923-10-28	sag	2007.24	2000	-7.24	-0.0036	1992	2024
d1923-ca-us-prairie	1923-10-28	sag	555.04	548	-7.04	-0.0127	528	592
d1923-ar-br	1923-10-28	sag	5279.02	5272	-7.02	-0.0013	5260	5296
d1923-ca-us-141	1923-10-28	sag	5962.91	5956	-6.91	-0.0012	5924	6004
d1923-ca-us-141	1923-10-28	sol	8122.89	8116	-6.89	-0.0008	8096	8152
d1923-angola-kuzey-rodezya-barotseland	1911-05-17	sol	3054.55	3048	-6.55	-0.0021	3048	3072
d1923-angola-kuzey-rodezya-barotseland	1923-10-28	sol	3054.55	3048	-6.55	-0.0021	3048	3072
d1923-malavi-mozambik	1907-01-01	sol	178.53	172	-6.53	-0.0366	168	188
d1923-malavi-mozambik	1923-10-28	sol	178.53	172	-6.53	-0.0366	168	188
d1878-de-ah	1878-07-13	sol	842.5	836	-6.5	-0.0077	836	844
d1844-alm-ah	1844-01-30	sol	842.5	836	-6.5	-0.0077	836	844
d1844-alm-ah	1878-07-12	sol	842.5	836	-6.5	-0.0077	836	844
d1923-es-pt-kuzey	1923-10-28	sol	1538.39	1532	-6.39	-0.0042	1528	1560
d1923-fransiz-gine-sierra-leone	1923-10-28	sol	9238.26	9232	-6.26	-0.0007	9228	9268
d1878-de-ah	1918-11-10	sol	842.21	836	-6.21	-0.0074	836	844
g4-bna-us-dogu	1842-01-01	sag	3094.18	3088	-6.18	-0.002	3064	3128
d1923-fransiz-gine-sierra-leone	1896-08-31	sol	9238.14	9232	-6.14	-0.0007	9228	9268
d1923-jp-sscb-sahalin	1917-11-07	sag	2646.11	2640	-6.11	-0.0023	2640	2680
d1923-jp-sscb-sahalin	1923-10-28	sag	2646.11	2640	-6.11	-0.0023	2640	2680
g2-jp-sscb-sahalin-gecici	1917-03-15	sag	2646.11	2640	-6.11	-0.0023	2640	2680
g2-jp-sscb-sahalin-gecici	1917-11-06	sag	2646.11	2640	-6.11	-0.0023	2640	2680
g2-jp-sscb-sahalin-rusya	1905-09-05	sag	2646.11	2640	-6.11	-0.0023	2640	2680
g2-jp-sscb-sahalin-rusya	1917-03-14	sag	2646.11	2640	-6.11	-0.0023	2640	2680
d1923-ca-us-dogu	1867-07-01	sag	3094.1	3088	-6.1	-0.002	3064	3124
g4-bna-us-dogu	1867-06-30	sag	3094.1	3088	-6.1	-0.002	3064	3124
d1923-no-se	1905-06-07	sol	4630.05	4624	-6.05	-0.0013	4616	4644
d1923-no-se	1923-10-28	sol	4630.05	4624	-6.05	-0.0013	4616	4644
dg6-dk-se-stromstad	1751-10-02	sol	4630.05	4624	-6.05	-0.0013	4616	4644
d1923-ca-us-dogu	1923-10-28	sag	3094.04	3088	-6.04	-0.002	3064	3128
d1923-fr-ch-2	1923-10-28	sag	69.88	64	-5.88	-0.0841	64	76
d1923-ih-np-BILINMIYOR	1875-01-07	sol	973.82	968	-5.82	-0.006	964	992
d1923-ih-np-BILINMIYOR	1923-10-28	sol	973.82	968	-5.82	-0.006	964	992
d1923-dk-de	1920-07-05	sag	33.68	28	-5.68	-0.1687	28	44
d1923-dk-de	1923-10-28	sag	33.68	28	-5.68	-0.1687	28	44
dg6-dk-se-stromstad	1814-01-13	sol	1069.47	1064	-5.47	-0.0051	1064	1084
d1923-cad-libya	1919-09-08	sag	221.45	216	-5.45	-0.0246	212	236
d1923-cad-libya	1923-10-28	sag	221.45	216	-5.45	-0.0246	212	236
d1923-cad-libya	1919-09-08	sol	505.41	500	-5.41	-0.0107	492	516
d1923-cad-libya	1923-10-28	sol	505.41	500	-5.41	-0.0107	492	516
d1923-nl-de	1923-10-28	sag	1385.39	1380	-5.39	-0.0039	1380	1404
d1923-es-pt-kuzey	1923-10-28	sol	2137.28	2132	-5.28	-0.0025	2112	2156
d1923-ca-us-prairie	1923-10-28	sol	1677.23	1672	-5.23	-0.0031	1604	1724
d1923-gr-al	1921-11-09	sol	81.18	76	-5.18	-0.0638	68	88
d1923-gr-al	1923-10-28	sol	81.18	76	-5.18	-0.0638	68	88
d1923-es-pt-kuzey	1866-11-04	sol	2137.18	2132	-5.18	-0.0024	2112	2156
d1878-ru-ro-tuna-sovyet-rk	1918-04-07	sol	2505.14	2500	-5.14	-0.0021	2476	2532
d1923-ca-us-dogu	1867-07-01	sol	1493.14	1488	-5.14	-0.0034	1488	1524
g4-bna-us-dogu	1867-06-30	sol	1493.14	1488	-5.14	-0.0034	1488	1524
d1923-ca-us-dogu	1923-10-28	sol	1493.14	1488	-5.14	-0.0034	1488	1524
d1923-tr-sscb-gurcistan	1921-03-16	sag	3157.1	3152	-5.1	-0.0016	3140	3180
d1923-de-at	1918-11-12	sol	3697.1	3692	-5.1	-0.0014	3660	3708
d1923-de-at	1923-10-28	sol	3697.1	3692	-5.1	-0.0014	3660	3708
d1878-de-ah	1878-07-13	sol	3697.1	3692	-5.1	-0.0014	3660	3708
d1878-de-ah	1918-11-10	sol	3697.1	3692	-5.1	-0.0014	3660	3708
d1844-alm-ah	1844-01-30	sol	3697.1	3692	-5.1	-0.0014	3660	3708
d1844-alm-ah	1878-07-12	sol	3697.1	3692	-5.1	-0.0014	3660	3708
d1923-no-se	1905-06-07	sol	545.09	540	-5.09	-0.0093	536	552
d1923-no-se	1923-10-28	sol	545.09	540	-5.09	-0.0093	536	552
dg6-dk-se-stromstad	1751-10-02	sol	545.09	540	-5.09	-0.0093	536	552
dg6-dk-se-stromstad	1814-01-13	sol	545.09	540	-5.09	-0.0093	536	552
d1913-sr-mn	1918-11-25	sag	2716.96	2712	-4.96	-0.0018	2688	2740
d1923-eritre-fransiz-somalisi	1901-07-10	sag	964.94	960	-4.94	-0.0051	952	988
d1923-eritre-fransiz-somalisi	1923-10-28	sag	964.94	960	-4.94	-0.0051	952	988
d1923-ruanda-tanganyika	1922-07-20	sol	524.89	520	-4.89	-0.0093	520	532
d1923-ruanda-tanganyika	1923-10-28	sol	524.89	520	-4.89	-0.0093	520	532
d1916-ruanda-tanganyika-isgal	1922-07-19	sol	524.89	520	-4.89	-0.0093	520	532
d1923-guney-rodezya-mozambik	1923-10-01	sol	3148.84	3144	-4.84	-0.0015	3128	3156
d1923-guney-rodezya-mozambik	1923-10-28	sol	3148.84	3144	-4.84	-0.0015	3128	3156
d1891-guneyrodezya-mozambik-bsac	1923-09-30	sol	3148.84	3144	-4.84	-0.0015	3128	3156
d1923-fr-ch-2	1923-10-28	sag	20.75	16	-4.75	-0.2289	16	24
d1923-fr-ch-2	1814-05-30	sag	20.71	16	-4.71	-0.2275	16	24
d1923-es-ma-melilla	1923-10-28	sol	648.7	644	-4.7	-0.0072	636	664
d1890-namrod-almanya-swa	1890-07-01	sag	1920.63	1916	-4.63	-0.0024	1908	1936
d1890-namrod-almanya-swa	1915-07-08	sag	1920.63	1916	-4.63	-0.0024	1908	1936
d1890-becuanaland-almanya-swa	1890-07-01	sag	3968.6	3964	-4.6	-0.0012	3940	3996
d1923-hd-pt-orta	1916-08-17	sol	48.6	44	-4.6	-0.0946	44	56
d1923-hd-pt-orta	1923-10-28	sol	48.6	44	-4.6	-0.0946	44	56
g2-hd-pt-orta-1908	1908-08-29	sol	48.6	44	-4.6	-0.0946	44	56
g2-hd-pt-orta-1908	1916-08-16	sol	48.6	44	-4.6	-0.0946	44	56
d1923-gr-shs-1	1918-12-01	sol	20.57	16	-4.57	-0.2223	12	36
d1923-gr-shs-1	1923-10-28	sol	20.57	16	-4.57	-0.2223	12	36
g1-gr-srb-1	1918-11-30	sol	20.57	16	-4.57	-0.2223	12	36
d1923-fi-no-bati	1917-12-06	sag	544.57	540	-4.57	-0.0084	536	552
d1923-fi-no-bati	1923-10-28	sag	544.57	540	-4.57	-0.0084	536	552
dg2-rusya-no-bati	1905-06-07	sag	544.57	540	-4.57	-0.0084	536	552
dg2-rusya-no-bati	1917-03-14	sag	544.57	540	-4.57	-0.0084	536	552
dg2-gecici-no-bati	1917-03-15	sag	544.57	540	-4.57	-0.0084	536	552
dg2-gecici-no-bati	1917-11-06	sag	544.57	540	-4.57	-0.0084	536	552
dg2-sovyet-no-bati	1917-11-07	sag	544.57	540	-4.57	-0.0084	536	552
dg2-sovyet-no-bati	1917-12-05	sag	544.57	540	-4.57	-0.0084	536	552
d1923-hu-yu-sirbistan	1921-07-26	sol	664.53	660	-4.53	-0.0068	652	680
d1923-hu-yu-sirbistan	1923-10-28	sol	664.53	660	-4.53	-0.0068	652	680
d1923-angola-belcika-kongo	1908-11-15	sag	292.51	288	-4.51	-0.0154	280	304
d1923-angola-belcika-kongo	1923-10-28	sag	292.51	288	-4.51	-0.0154	280	304
d1923-tanganika-mozambik	1922-07-20	sag	904.46	900	-4.46	-0.0049	888	916
d1923-tanganika-mozambik	1923-10-28	sag	904.46	900	-4.46	-0.0049	888	916
d1923-af-sscb-bati	1917-11-07	sol	1080.42	1076	-4.42	-0.0041	1068	1096
d1923-af-sscb-bati	1923-10-28	sol	1080.42	1076	-4.42	-0.0041	1068	1096
g2-af-sscb-bati-gecici	1917-03-15	sol	1080.42	1076	-4.42	-0.0041	1068	1096
g2-af-sscb-bati-gecici	1917-11-06	sol	1080.42	1076	-4.42	-0.0041	1068	1096
g2-af-sscb-bati-rusya	1917-03-14	sol	1080.42	1076	-4.42	-0.0041	1068	1096
dg6-dk-se-stromstad	1814-01-13	sol	4628.26	4624	-4.26	-0.0009	4616	4640
dg4-sa-ch-piyemonte	1815-06-09	sag	24.18	20	-4.18	-0.173	16	36
dg4-sa-ch-piyemonte	1861-03-16	sag	24.18	20	-4.18	-0.173	16	36
d1923-uganda-belcika-kongo	1915-02-03	sol	396.17	392	-4.17	-0.0105	388	412
d1923-uganda-belcika-kongo	1923-10-28	sol	396.17	392	-4.17	-0.0105	388	412
d1923-it-ch	1861-03-17	sag	24.14	20	-4.14	-0.1715	16	36
d1923-it-ch	1923-10-28	sag	24.14	20	-4.14	-0.1715	16	36
d1923-at-hu-1	1921-07-26	sag	784.1	780	-4.1	-0.0052	752	804
d1923-dk-de	1920-07-05	sol	44.09	40	-4.09	-0.0927	36	56
d1923-dk-de	1923-10-28	sol	44.09	40	-4.09	-0.0927	36	56
d1923-ca-us-prairie	1870-07-15	sol	2956.03	2952	-4.03	-0.0014	2920	2980
d1923-ca-us-prairie	1923-10-28	sol	2956.03	2952	-4.03	-0.0014	2920	2980
d1923-ca-us-dogu	1867-07-01	sag	1511.92	1508	-3.92	-0.0026	1496	1516
d1923-ca-us-dogu	1923-10-28	sag	1511.92	1508	-3.92	-0.0026	1496	1516
g4-bna-us-dogu	1842-01-01	sag	1511.92	1508	-3.92	-0.0026	1496	1516
g4-bna-us-dogu	1867-06-30	sag	1511.92	1508	-3.92	-0.0026	1496	1516
d1923-hd-pt-oecussi	1916-08-17	sag	539.91	536	-3.91	-0.0073	532	548
d1923-hd-pt-oecussi	1923-10-28	sag	539.91	536	-3.91	-0.0073	532	548
g2-hd-pt-oecussi-1914	1916-08-16	sag	539.91	536	-3.91	-0.0073	532	548
d1923-at-cs	1920-07-16	sag	43.91	40	-3.91	-0.0891	40	52
d1923-at-cs	1923-10-28	sag	43.91	40	-3.91	-0.0891	40	52
d1923-angola-belcika-kongo	1908-11-15	sag	5879.86	5876	-3.86	-0.0007	5856	5912
d1923-angola-belcika-kongo	1923-10-28	sag	5879.86	5876	-3.86	-0.0007	5856	5912
d1923-ca-us-dogu	1867-07-01	sol	9243.74	9240	-3.74	-0.0004	9216	9280
g4-bna-us-dogu	1867-06-30	sol	9243.74	9240	-3.74	-0.0004	9216	9280
g4-bna-us-dogu	1842-01-01	sol	9243.72	9240	-3.72	-0.0004	9216	9280
d1923-hu-cs-2	1921-07-26	sag	1471.71	1468	-3.71	-0.0025	1456	1488
d1923-hu-cs-2	1923-10-28	sag	1471.71	1468	-3.71	-0.0025	1456	1488
d1919-hu-cs-fiili-2	1919-07-25	sag	1471.71	1468	-3.71	-0.0025	1456	1488
d1919-hu-cs-fiili-2	1921-07-25	sag	1471.71	1468	-3.71	-0.0025	1456	1488
d1923-cn-fc-BILINMIYOR-tonkin	1923-10-28	sol	35.67	32	-3.67	-0.1028	32	40
d1923-orta-afrika-cumhuriyeti-belcika-kongo	1910-01-15	sol	271.64	268	-3.64	-0.0134	264	280
d1923-orta-afrika-cumhuriyeti-belcika-kongo	1923-10-28	sol	271.64	268	-3.64	-0.0134	264	280
d1923-habesistan-ingiliz-somalisi	1897-05-14	sag	1495.62	1492	-3.62	-0.0024	1484	1508
d1923-habesistan-ingiliz-somalisi	1923-10-28	sag	1495.62	1492	-3.62	-0.0024	1484	1508
d1923-ca-us-dogu	1923-10-28	sol	9243.57	9240	-3.57	-0.0004	9220	9276
d1923-tr-sy-dogu	1921-10-20	sag	91.48	88	-3.48	-0.0381	72	108
d1923-tr-sy-dogu	1923-10-28	sag	91.48	88	-3.48	-0.0381	72	108
d1923-tr-ir-1	1920-04-23	sol	207.47	204	-3.47	-0.0167	204	212
d1923-tr-ir-1	1923-10-28	sol	207.47	204	-3.47	-0.0167	204	212
d1913-osm-ir-1	1913-11-17	sol	207.46	204	-3.46	-0.0167	204	212
d1913-osm-ir-1	1920-04-22	sol	207.46	204	-3.46	-0.0167	204	212
d1923-es-ma-ceuta	1860-11-17	sol	203.42	200	-3.42	-0.0168	192	208
d1923-fr-it-6	1861-03-17	sol	111.41	108	-3.41	-0.0306	108	116
d1923-fr-it-6	1923-10-28	sol	111.41	108	-3.41	-0.0306	108	116
dg4-sa-fr-1861-6	1861-03-07	sol	111.41	108	-3.41	-0.0306	108	116
dg4-sa-fr-1861-6	1861-03-16	sol	111.41	108	-3.41	-0.0306	108	116
d1923-gr-bg-bati	1913-08-10	sol	683.34	680	-3.34	-0.0049	652	716
d1816-alm-ah-4	1816-05-01	sag	1891.33	1888	-3.33	-0.0018	1868	1916
d1816-alm-ah-4	1844-01-29	sag	1891.33	1888	-3.33	-0.0018	1868	1916
d1923-no-se	1905-06-07	sol	59.28	56	-3.28	-0.0554	52	68
d1923-no-se	1923-10-28	sol	59.28	56	-3.28	-0.0554	52	68
d1923-ca-us-bati-2	1923-10-28	sol	3255.26	3252	-3.26	-0.001	3240	3284
d1923-fi-lb	1923-03-07	sag	987.23	984	-3.23	-0.0033	972	996
d1923-fi-lb	1923-10-28	sag	987.23	984	-3.23	-0.0033	972	996
d1923-fr-ch-2	1814-05-30	sol	439.2	436	-3.2	-0.0073	432	452
d1923-fr-ch-2	1923-10-28	sol	439.2	436	-3.2	-0.0073	432	452
dg6-dk-se-stromstad	1751-10-02	sol	59.18	56	-3.18	-0.0537	52	68
dg6-dk-se-stromstad	1814-01-13	sol	59.18	56	-3.18	-0.0537	52	68
d1923-burundi-tanganyika	1922-07-20	sol	5447.17	5444	-3.17	-0.0006	5424	5456
d1923-burundi-tanganyika	1923-10-28	sol	5447.17	5444	-3.17	-0.0006	5424	5456
d1916-burundi-tanganyika-isgal	1922-07-19	sol	5447.17	5444	-3.17	-0.0006	5424	5456
d1923-ch-de	1879-06-24	sag	11.15	8	-3.15	-0.2823	8	12
d1923-ch-de	1923-10-28	sag	11.15	8	-3.15	-0.2823	8	12
d1923-gr-bg-bati	1923-10-28	sol	679.14	676	-3.14	-0.0046	648	712
d1829-osm-rus-1	1829-09-14	sol	75.06	72	-3.06	-0.0407	72	84
d1923-br-py-1	1889-11-15	sag	5251.0	5248	-3.0	-0.0006	5224	5268
d1923-br-py-1	1923-10-28	sag	5251.0	5248	-3.0	-0.0006	5224	5268
g3-br-imp-py-1	1872-03-26	sag	5251.0	5248	-3.0	-0.0006	5224	5268
g3-br-imp-py-1	1889-11-14	sag	5251.0	5248	-3.0	-0.0006	5224	5268
d1923-bg-shs-1	1923-10-28	sol	1438.9	1436	-2.9	-0.002	1428	1456
d1923-ch-de	1879-06-24	sol	114.82	112	-2.82	-0.0246	112	120
d1923-ch-de	1923-10-28	sol	114.82	112	-2.82	-0.0246	112	120
d1923-fr-it-4	1861-03-17	sol	266.78	264	-2.78	-0.0104	264	272
d1923-fr-it-4	1923-10-28	sol	266.78	264	-2.78	-0.0104	264	272
dg4-sa-fr-1861-4	1861-03-07	sol	266.78	264	-2.78	-0.0104	264	272
dg4-sa-fr-1861-4	1861-03-16	sol	266.78	264	-2.78	-0.0104	264	272
g2-af-sscb-bati-rusya	1888-01-26	sol	1098.76	1096	-2.76	-0.0025	1084	1116
d1923-bg-shs-1	1920-01-01	sol	1438.75	1436	-2.75	-0.0019	1428	1456
d1923-uganda-belcika-kongo	1915-02-03	sol	1130.75	1128	-2.75	-0.0024	1120	1140
d1923-uganda-belcika-kongo	1923-10-28	sol	1130.75	1128	-2.75	-0.0024	1120	1140
d1923-hu-yu-hirvatistan	1921-07-26	sag	286.72	284	-2.72	-0.0095	276	296
d1923-hu-yu-hirvatistan	1923-10-28	sag	286.72	284	-2.72	-0.0095	276	296
d1923-mx-gt	1882-09-27	sag	18.72	16	-2.72	-0.1454	12	32
d1923-mx-gt	1923-10-28	sag	18.72	16	-2.72	-0.1454	12	32
d1923-angola-kuzey-rodezya-barotseland	1911-05-17	sag	2162.72	2160	-2.72	-0.0013	2144	2220
d1923-angola-kuzey-rodezya-barotseland	1923-10-28	sag	2162.72	2160	-2.72	-0.0013	2144	2220
g1-osm-ir-DEGISTI-sattularap	1913-11-17	sol	42.63	40	-2.63	-0.0617	36	52
d1923-iq-ir-DEGISTI-sattularap	1921-08-23	sol	42.63	40	-2.63	-0.0617	36	52
d1923-iq-ir-DEGISTI-sattularap	1923-10-28	sol	42.63	40	-2.63	-0.0617	36	52
d1916-nijerya-kamerun-isgal	1916-02-18	sag	890.59	888	-2.59	-0.0029	884	900
d1913-nijerya-kamerun-almanya	1913-03-11	sag	890.59	888	-2.59	-0.0029	884	900
d1913-nijerya-kamerun-almanya	1916-02-17	sag	890.59	888	-2.59	-0.0029	884	900
d1885-nijerya-kamerun-genel	1913-03-10	sag	890.59	888	-2.59	-0.0029	884	900
d1923-nl-de	1824-07-02	sag	1382.55	1380	-2.55	-0.0018	1372	1396
d1923-eritre-habesistan	1908-05-16	sol	3158.47	3156	-2.47	-0.0008	3132	3176
d1923-eritre-habesistan	1923-10-28	sol	3158.47	3156	-2.47	-0.0008	3132	3176
d1923-hu-ro	1921-07-26	sol	686.47	684	-2.47	-0.0036	672	700
d1923-hu-ro	1923-10-28	sol	686.47	684	-2.47	-0.0036	672	700
d1920-hu-ro-fiili	1920-03-31	sol	686.47	684	-2.47	-0.0036	672	700
d1920-hu-ro-fiili	1921-07-25	sol	686.47	684	-2.47	-0.0036	672	700
d1916-nijerya-kamerun-isgal	1916-02-18	sag	2706.39	2704	-2.39	-0.0009	2696	2720
d1913-nijerya-kamerun-almanya	1916-02-17	sag	2706.39	2704	-2.39	-0.0009	2696	2720
d1923-ca-us-dogu	1923-10-28	sol	226.37	224	-2.37	-0.0105	212	232
d1923-tr-ir-1	1920-04-23	sag	26.36	24	-2.36	-0.0896	20	28
d1923-tr-ir-1	1923-10-28	sag	26.36	24	-2.36	-0.0896	20	28
d1913-osm-ir-1	1913-11-17	sag	26.36	24	-2.36	-0.0896	20	28
d1913-osm-ir-1	1920-04-22	sag	26.36	24	-2.36	-0.0896	20	28
d1923-tr-gr-1	1923-07-24	sol	26.33	24	-2.33	-0.0885	20	36
d1923-tr-gr-1	1923-10-28	sol	26.33	24	-2.33	-0.0885	20	36
d1913-osm-ir-3	1920-04-22	sol	110.32	108	-2.32	-0.0211	100	124
d1923-tr-ir-3	1920-04-23	sol	110.31	108	-2.31	-0.0209	100	124
d1923-tr-ir-3	1923-10-28	sol	110.31	108	-2.31	-0.0209	100	124
d1923-bg-shs-1	1920-01-01	sag	1518.3	1516	-2.3	-0.0015	1500	1532
d1923-bg-shs-1	1923-10-28	sag	1518.3	1516	-2.3	-0.0015	1500	1532
dg4-hab-ch-lombardiya	1859-11-09	sag	2474.27	2472	-2.27	-0.0009	2440	2496
d1923-nl-de	1923-10-28	sol	726.25	724	-2.25	-0.0031	716	736
d1923-malavi-mozambik	1907-01-01	sol	146.2	144	-2.2	-0.015	132	156
d1923-malavi-mozambik	1923-10-28	sol	146.2	144	-2.2	-0.015	132	156
d1923-fr-lu	1890-11-23	sag	30.17	28	-2.17	-0.0718	28	40
d1923-fr-lu	1923-10-28	sag	30.17	28	-2.17	-0.0718	28	40
d1923-ca-us-141	1870-07-15	sol	430.12	428	-2.12	-0.0049	424	452
d1923-dahomey-nijerya	1906-10-19	sag	8454.11	8452	-2.11	-0.0002	8436	8484
d1923-dahomey-nijerya	1923-10-28	sag	8454.11	8452	-2.11	-0.0002	8436	8484
d1913-osm-ir-3	1913-11-17	sol	810.08	808	-2.08	-0.0026	804	816
d1923-tr-sscb-gurcistan	1923-10-28	sol	6.08	4	-2.08	-0.3418	0	8
d1923-ca-us-141	1923-10-28	sol	430.07	428	-2.07	-0.0048	424	452
d1923-ih-np-BILINMIYOR	1875-01-07	sag	46.07	44	-2.07	-0.0449	36	56
d1923-ih-np-BILINMIYOR	1923-10-28	sag	46.07	44	-2.07	-0.0449	36	56
d1923-fr-it-4	1861-03-17	sag	6.07	4	-2.07	-0.3407	4	12
d1923-fr-it-4	1923-10-28	sag	6.07	4	-2.07	-0.3407	4	12
dg4-sa-fr-1861-4	1861-03-07	sag	6.07	4	-2.07	-0.3407	4	12
dg4-sa-fr-1861-4	1861-03-16	sag	6.07	4	-2.07	-0.3407	4	12
d1923-fr-ch-2	1814-05-30	sag	69.93	68	-1.93	-0.0276	68	76
d1923-ca-us-bati-2	1871-07-20	sol	3257.86	3256	-1.86	-0.0006	3248	3284
d1923-fi-no-petsamo	1920-12-31	sag	2373.81	2372	-1.81	-0.0008	2328	2404
d1923-fi-no-petsamo	1923-10-28	sag	2373.81	2372	-1.81	-0.0008	2328	2404
d1917-no-sov-petsamo	1917-11-07	sag	2373.81	2372	-1.81	-0.0008	2328	2404
dg2-rusya-no-petsamo	1905-06-07	sag	2373.81	2372	-1.81	-0.0008	2328	2404
dg2-rusya-no-petsamo	1917-03-14	sag	2373.81	2372	-1.81	-0.0008	2328	2404
dg2-gecici-no-petsamo	1917-03-15	sag	2373.81	2372	-1.81	-0.0008	2328	2404
dg2-gecici-no-petsamo	1917-11-06	sag	2373.81	2372	-1.81	-0.0008	2328	2404
d1923-uganda-belcika-kongo	1915-02-03	sag	1637.79	1636	-1.79	-0.0011	1624	1648
d1923-uganda-belcika-kongo	1923-10-28	sag	1637.79	1636	-1.79	-0.0011	1624	1648
dg6-dk-se-stromstad	1814-01-13	sol	4065.76	4064	-1.76	-0.0004	4052	4076
d1918-it-at-ateskes-2	1918-11-12	sag	785.68	784	-1.68	-0.0021	772	792
d1918-it-at-ateskes-2	1919-12-31	sag	785.68	784	-1.68	-0.0021	772	792
d1918-it-hab-ateskes-2	1918-11-03	sag	785.68	784	-1.68	-0.0021	772	792
d1918-it-hab-ateskes-2	1918-11-10	sag	785.68	784	-1.68	-0.0021	772	792
d1923-gr-al	1921-11-09	sag	73.59	72	-1.59	-0.0216	68	84
d1923-gr-al	1923-10-28	sag	73.59	72	-1.59	-0.0216	68	84
d1816-alm-ah-4	1816-05-01	sol	841.57	840	-1.57	-0.0019	832	844
d1816-alm-ah-4	1844-01-29	sol	841.57	840	-1.57	-0.0019	832	844
d1923-no-se	1905-06-07	sol	4065.5	4064	-1.5	-0.0004	4052	4076
d1923-no-se	1923-10-28	sol	4065.5	4064	-1.5	-0.0004	4052	4076
dg6-dk-se-stromstad	1751-10-02	sol	4065.41	4064	-1.41	-0.0003	4052	4076
d1923-nl-de	1824-07-02	sol	1025.32	1024	-1.32	-0.0013	1020	1028
d1922-mudanya-meric	1922-10-14	sag	5.29	4	-1.29	-0.2442	4	4
d1922-mudanya-meric	1923-07-23	sag	5.29	4	-1.29	-0.2442	4	4
dg4-hab-ch-lombardiya	1815-06-09	sag	4005.29	4004	-1.29	-0.0003	3988	4012
d1923-ca-us-prairie	1923-10-28	sol	3045.24	3044	-1.24	-0.0004	3032	3060
d1923-liberya-fildisi-sahili	1911-01-01	sol	805.24	804	-1.24	-0.0015	788	824
d1923-liberya-fildisi-sahili	1923-10-28	sol	805.24	804	-1.24	-0.0015	788	824
d1892-liberya-fildisi-sahili-cavalla	1910-12-31	sol	805.24	804	-1.24	-0.0015	788	824
d1923-fr-lu-lorraine	1920-01-10	sag	241.22	240	-1.22	-0.0051	212	252
d1923-fr-lu-lorraine	1923-10-28	sag	241.22	240	-1.22	-0.0051	212	252
d1918-fr-lu-lorraine-isgal	1918-11-11	sag	241.22	240	-1.22	-0.0051	212	252
d1918-fr-lu-lorraine-isgal	1920-01-09	sag	241.22	240	-1.22	-0.0051	212	252
d1890-de-lu-lorraine	1890-11-23	sag	241.22	240	-1.22	-0.0051	212	252
d1890-de-lu-lorraine	1918-11-10	sag	241.22	240	-1.22	-0.0051	212	252
d1923-fi-no-bati	1917-12-06	sag	9.13	8	-1.13	-0.1237	8	12
d1923-fi-no-bati	1923-10-28	sag	9.13	8	-1.13	-0.1237	8	12
dg2-rusya-no-bati	1905-06-07	sag	9.13	8	-1.13	-0.1237	8	12
dg2-rusya-no-bati	1917-03-14	sag	9.13	8	-1.13	-0.1237	8	12
dg2-gecici-no-bati	1917-03-15	sag	9.13	8	-1.13	-0.1237	8	12
dg2-gecici-no-bati	1917-11-06	sag	9.13	8	-1.13	-0.1237	8	12
dg2-sovyet-no-bati	1917-11-07	sag	9.13	8	-1.13	-0.1237	8	12
dg2-sovyet-no-bati	1917-12-05	sag	9.13	8	-1.13	-0.1237	8	12
dg2-rusya-se	1809-09-17	sol	3777.1	3776	-1.1	-0.0003	3748	3800
d1923-fi-se	1917-12-06	sol	3777.08	3776	-1.08	-0.0003	3748	3804
d1923-fi-se	1923-10-28	sol	3777.08	3776	-1.08	-0.0003	3748	3804
d1923-ih-cn-guney1-2	1923-10-28	sol	5.08	4	-1.08	-0.2129	0	8
g3-ih-cn-guney1-2-qing	1897-06-05	sol	5.08	4	-1.08	-0.2129	0	8
g3-ih-cn-guney1-2-qing	1911-10-09	sol	5.08	4	-1.08	-0.2129	0	8
dg2-rusya-se	1917-03-14	sol	3777.06	3776	-1.06	-0.0003	3748	3800
dg2-gecici-se	1917-03-15	sol	3777.06	3776	-1.06	-0.0003	3748	3800
dg2-gecici-se	1917-11-06	sol	3777.06	3776	-1.06	-0.0003	3748	3800
dg2-sovyet-se	1917-11-07	sol	3777.06	3776	-1.06	-0.0003	3748	3800
dg2-sovyet-se	1917-12-05	sol	3777.06	3776	-1.06	-0.0003	3748	3800
d1923-us-mx-gadsden	1923-10-28	sag	6537.0	6536	-1.0	-0.0002	6512	6564
d1923-eritre-habesistan	1908-05-16	sag	144.9	144	-0.9	-0.0062	136	160
d1923-eritre-habesistan	1923-10-28	sag	144.9	144	-0.9	-0.0062	136	160
d1923-fr-ch-savoy-2	1860-03-24	sol	16.8	16	-0.8	-0.0477	12	20
d1923-fr-ch-savoy-2	1923-10-28	sol	16.8	16	-0.8	-0.0477	12	20
dg4-sa-ch-cenevre	1816-03-16	sol	16.8	16	-0.8	-0.0477	12	20
dg4-sa-ch-cenevre	1860-03-23	sol	16.8	16	-0.8	-0.0477	12	20
d1923-ruanda-tanganyika	1922-07-20	sag	528.79	528	-0.79	-0.0015	516	544
d1923-ruanda-tanganyika	1923-10-28	sag	528.79	528	-0.79	-0.0015	516	544
d1916-ruanda-tanganyika-isgal	1916-05-01	sag	528.79	528	-0.79	-0.0015	516	544
d1916-ruanda-tanganyika-isgal	1922-07-19	sag	528.79	528	-0.79	-0.0015	516	544
d1923-cn-fc-BILINMIYOR-tonkin	1923-10-28	sol	8.72	8	-0.72	-0.0826	8	12
d1923-ca-us-dogu	1867-07-01	sol	260.62	260	-0.62	-0.0024	244	268
g4-bna-us-dogu	1867-06-30	sol	260.62	260	-0.62	-0.0024	244	268
d1923-guney-rodezya-mozambik	1923-10-01	sol	2916.61	2916	-0.61	-0.0002	2908	2936
d1923-guney-rodezya-mozambik	1923-10-28	sol	2916.61	2916	-0.61	-0.0002	2908	2936
d1891-guneyrodezya-mozambik-bsac	1923-09-30	sol	2916.61	2916	-0.61	-0.0002	2908	2936
d1923-iq-ir	1921-08-23	sol	164.47	164	-0.47	-0.0028	156	172
d1923-iq-ir	1923-10-28	sol	164.47	164	-0.47	-0.0028	156	172
g1-osm-ir	1913-11-17	sol	164.47	164	-0.47	-0.0028	156	172
d1923-ca-us-bati-2	1871-07-20	sol	2448.45	2448	-0.45	-0.0002	2432	2456
d1923-ca-us-dogu	1867-07-01	sag	904.39	904	-0.39	-0.0004	896	912
d1923-ca-us-dogu	1923-10-28	sag	904.39	904	-0.39	-0.0004	896	912
g4-bna-us-dogu	1842-01-01	sag	904.39	904	-0.39	-0.0004	896	912
g4-bna-us-dogu	1867-06-30	sag	904.39	904	-0.39	-0.0004	896	912
d1923-no-se	1905-06-07	sag	136.38	136	-0.38	-0.0028	132	148
d1923-no-se	1923-10-28	sag	136.38	136	-0.38	-0.0028	132	148
dg6-dk-se-stromstad	1814-01-13	sag	136.38	136	-0.38	-0.0028	132	148
d1923-al-yu-makedonya-2	1921-11-09	sag	8.34	8	-0.34	-0.0408	4	12
d1923-al-yu-makedonya-2	1923-10-28	sag	8.34	8	-0.34	-0.0408	4	12
d1923-hd-pt-orta	1916-08-17	sag	40.15	40	-0.15	-0.0037	32	44
d1923-hd-pt-orta	1923-10-28	sag	40.15	40	-0.15	-0.0037	32	44
g2-hd-pt-orta-1908	1916-08-16	sag	40.15	40	-0.15	-0.0037	32	44
d1923-hu-ro	1921-07-26	sag	612.07	612	-0.07	-0.0001	608	620
d1923-hu-ro	1923-10-28	sag	612.07	612	-0.07	-0.0001	608	620
d1920-hu-ro-fiili	1920-03-31	sag	612.07	612	-0.07	-0.0001	608	620
d1920-hu-ro-fiili	1921-07-25	sag	612.07	612	-0.07	-0.0001	608	620
d1923-kongo-fransiz-belcika	1910-01-15	sol	24.06	24	-0.06	-0.0027	20	28
d1923-kongo-fransiz-belcika	1923-10-28	sol	24.06	24	-0.06	-0.0027	20	28
d1923-be-de	1920-01-10	sol	1444.02	1444	-0.02	-0.0	1432	1460
d1923-be-de	1923-10-28	sol	1444.02	1444	-0.02	-0.0	1432	1460
d1923-be-nl-1	1923-10-28	sol	392.0	392	-0.0	-0.0	384	396
d1923-eritre-habesistan	1908-05-16	sag	807.92	808	0.08	0.0001	796	828
d1923-eritre-habesistan	1923-10-28	sag	807.92	808	0.08	0.0001	796	828
d1923-ca-us-bati-2	1923-10-28	sol	1227.87	1228	0.13	0.0001	1196	1240
d1923-al-yu-kosova	1921-11-09	sag	1263.78	1264	0.22	0.0002	1244	1280
d1923-al-yu-kosova	1923-10-28	sag	1263.78	1264	0.22	0.0002	1244	1280
d1923-eritre-habesistan	1908-05-16	sol	303.73	304	0.27	0.0009	280	328
d1923-eritre-habesistan	1923-10-28	sol	303.73	304	0.27	0.0009	280	328
d1923-mx-gt	1882-09-27	sol	1207.72	1208	0.28	0.0002	1192	1232
d1923-mx-gt	1923-10-28	sol	1207.72	1208	0.28	0.0002	1192	1232
d1923-us-mx-kaliforniya	1848-05-30	sag	4123.69	4124	0.31	0.0001	4112	4132
d1923-ca-us-dogu	1867-07-01	sol	11.66	12	0.34	0.0291	8	16
g4-bna-us-dogu	1867-06-30	sol	11.66	12	0.34	0.0291	8	16
d1923-ca-us-dogu	1923-10-28	sol	11.64	12	0.36	0.0313	8	16
g4-bna-us-dogu	1842-01-01	sol	11.64	12	0.36	0.0313	8	16
d1923-eritre-habesistan	1908-05-16	sag	919.61	920	0.39	0.0004	908	932
d1923-eritre-habesistan	1923-10-28	sag	919.61	920	0.39	0.0004	908	932
d1923-gr-al	1921-11-09	sol	219.61	220	0.39	0.0018	212	224
d1923-gr-al	1923-10-28	sol	219.61	220	0.39	0.0018	212	224
d1923-be-de	1920-01-10	sag	383.46	384	0.54	0.0014	356	408
d1923-be-de	1923-10-28	sag	383.46	384	0.54	0.0014	356	408
d1923-burundi-tanganyika	1922-07-20	sag	555.46	556	0.54	0.001	552	568
d1923-burundi-tanganyika	1923-10-28	sag	555.46	556	0.54	0.001	552	568
d1916-burundi-tanganyika-isgal	1922-07-19	sag	555.46	556	0.54	0.001	552	568
d1923-be-lu	1923-10-28	sol	31.33	32	0.67	0.0214	24	36
g3-ih-cn-guney1-1-qing	1897-06-05	sol	7.32	8	0.68	0.0927	4	12
g3-ih-cn-guney1-1-qing	1911-10-09	sol	7.32	8	0.68	0.0927	4	12
d1923-sudan-belcika-kongo	1910-06-16	sag	10831.3	10832	0.7	0.0001	10812	10852
d1923-sudan-belcika-kongo	1923-10-28	sag	10831.3	10832	0.7	0.0001	10812	10852
d1923-al-yu-karadag-1	1921-11-09	sol	151.29	152	0.71	0.0047	144	156
d1923-al-yu-karadag-1	1923-10-28	sol	151.29	152	0.71	0.0047	144	156
d1923-nijer-nijerya	1910-02-19	sag	491.24	492	0.76	0.0015	480	504
d1923-nijer-nijerya	1923-10-28	sag	491.24	492	0.76	0.0015	480	504
d1923-iq-ir	1921-08-23	sag	411.21	412	0.79	0.0019	396	428
d1923-iq-ir	1923-10-28	sag	411.21	412	0.79	0.0019	396	428
d1923-eritre-habesistan	1923-10-28	sol	379.2	380	0.8	0.0021	376	388
d1923-at-cs	1920-07-16	sol	551.19	552	0.81	0.0015	548	552
d1923-bg-shs-2	1920-01-01	sag	79.12	80	0.88	0.0111	72	88
d1923-bg-shs-2	1923-10-28	sag	79.12	80	0.88	0.0111	72	88
d1923-eritre-habesistan	1908-05-16	sol	379.1	380	0.9	0.0024	376	388
d1923-hu-cs-1	1921-07-26	sag	83.09	84	0.91	0.0109	80	92
d1923-hu-cs-1	1923-10-28	sag	83.09	84	0.91	0.0109	80	92
d1919-hu-cs-fiili-1	1919-07-25	sag	83.09	84	0.91	0.0109	80	92
d1919-hu-cs-fiili-1	1921-07-25	sag	83.09	84	0.91	0.0109	80	92
d1923-angola-belcika-kongo	1908-11-15	sag	771.07	772	0.93	0.0012	760	784
d1923-angola-belcika-kongo	1923-10-28	sag	771.07	772	0.93	0.0012	760	784
d1923-ar-br	1900-05-26	sag	1967.04	1968	0.96	0.0005	1948	1980
d1923-nijer-nijerya	1910-02-19	sag	579.02	580	0.98	0.0017	568	584
d1923-nijer-nijerya	1923-10-28	sag	579.02	580	0.98	0.0017	568	584
d1923-tr-bg	1923-07-24	sag	23.01	24	0.99	0.0428	16	28
d1923-tr-bg	1923-10-28	sag	23.01	24	0.99	0.0428	16	28
d1915-osm-bg	1915-09-06	sag	23.01	24	0.99	0.0428	16	28
d1915-osm-bg	1920-04-22	sag	23.01	24	0.99	0.0428	16	28
d1920-tbmm-bg	1920-04-23	sag	23.01	24	0.99	0.0428	16	28
d1920-tbmm-bg	1923-07-23	sag	23.01	24	0.99	0.0428	16	28
d1920-yunan-isgal-bg	1920-07-01	sag	23.01	24	0.99	0.0428	16	28
d1920-yunan-isgal-bg	1922-10-13	sag	23.01	24	0.99	0.0428	16	28
d1913-osm-bg-dogu	1913-09-29	sag	22.95	24	1.05	0.0459	16	28
d1913-osm-bg-dogu	1915-09-05	sag	22.95	24	1.05	0.0459	16	28
d1923-ca-us-dogu	1867-07-01	sol	9958.87	9960	1.13	0.0001	9932	9984
d1923-ca-us-dogu	1923-10-28	sol	9958.87	9960	1.13	0.0001	9932	9984
g4-bna-us-dogu	1842-01-01	sol	9958.87	9960	1.13	0.0001	9932	9984
g4-bna-us-dogu	1867-06-30	sol	9958.87	9960	1.13	0.0001	9932	9984
d1923-es-pt-kuzey	1866-11-04	sag	14.86	16	1.14	0.0765	12	16
d1923-es-pt-kuzey	1923-10-28	sag	14.86	16	1.14	0.0765	12	16
d1923-ca-us-bati-2	1923-10-28	sol	830.79	832	1.21	0.0015	792	836
d1923-tr-sscb-gurcistan	1923-10-28	sol	6.74	8	1.26	0.1869	4	8
d1923-angola-belcika-kongo	1908-11-15	sag	810.73	812	1.27	0.0016	800	828
d1923-angola-belcika-kongo	1923-10-28	sag	810.73	812	1.27	0.0016	800	828
g2-hd-pt-orta-1908	1908-08-29	sag	14.64	16	1.36	0.0927	12	20
d1923-nijer-nijerya	1910-02-19	sag	1086.57	1088	1.43	0.0013	1064	1128
d1923-nijer-nijerya	1923-10-28	sag	1086.57	1088	1.43	0.0013	1064	1128
d1923-us-mx-kaliforniya	1923-10-28	sag	4122.46	4124	1.54	0.0004	4108	4132
d1923-be-fr	1839-04-19	sol	4378.44	4380	1.56	0.0004	4332	4452
dg4-be-fr-fiili	1830-10-04	sol	4378.44	4380	1.56	0.0004	4332	4452
dg4-be-fr-fiili	1839-04-18	sol	4378.44	4380	1.56	0.0004	4332	4452
d1923-fr-ch-2	1814-05-30	sol	14.4	16	1.6	0.1107	8	20
d1923-fr-ch-2	1923-10-28	sol	14.4	16	1.6	0.1107	8	20
d1923-uganda-belcika-kongo	1915-02-03	sol	254.39	256	1.61	0.0063	244	268
d1923-uganda-belcika-kongo	1923-10-28	sol	254.39	256	1.61	0.0063	244	268
d1923-necid-kuveyt-yay	1922-12-02	sag	2126.32	2128	1.68	0.0008	2112	2132
d1923-necid-kuveyt-yay	1923-10-28	sag	2126.32	2128	1.68	0.0008	2112	2132
g3-bg-ro-dobruca-p4	1908-10-05	sag	358.24	360	1.76	0.0049	336	372
d1923-hu-yu-hirvatistan	1921-07-26	sag	22.23	24	1.77	0.0794	16	32
d1923-hu-yu-hirvatistan	1923-10-28	sag	22.23	24	1.77	0.0794	16	32
d1923-fr-es-bati	1868-07-11	sol	6.14	8	1.86	0.3038	0	8
d1923-fr-es-bati	1923-10-28	sol	6.14	8	1.86	0.3038	0	8
d1923-us-mx-gadsden	1854-06-30	sag	4438.13	4440	1.87	0.0004	4416	4456
d1923-ih-cn-guney1-1	1923-10-28	sol	522.07	524	1.93	0.0037	512	532
g3-ih-cn-guney1-1-qing	1897-06-05	sol	522.07	524	1.93	0.0037	512	532
g3-ih-cn-guney1-1-qing	1911-10-09	sol	522.07	524	1.93	0.0037	512	532
d1923-senegal-gambiya	1895-06-16	sag	430.03	432	1.97	0.0046	420	436
d1923-senegal-gambiya	1923-10-28	sag	430.03	432	1.97	0.0046	420	436
d1919-at-cs-fiili-3	1919-01-01	sag	78.01	80	1.99	0.0255	76	80
d1919-at-cs-fiili-3	1920-07-15	sag	78.01	80	1.99	0.0255	76	80
d1923-be-lu	1923-10-28	sol	81.96	84	2.04	0.0249	72	92
d1922-mudanya-meric	1922-10-14	sag	25.94	28	2.06	0.0796	20	36
d1922-mudanya-meric	1923-07-23	sag	25.94	28	2.06	0.0796	20	36
dg6-dk-se-stromstad	1751-10-02	sag	121.92	124	2.08	0.0171	112	132
d1923-gr-al	1921-11-09	sag	33.91	36	2.09	0.0618	28	40
d1923-gr-al	1923-10-28	sag	33.91	36	2.09	0.0618	28	40
d1923-malavi-mozambik	1907-01-01	sag	1433.88	1436	2.12	0.0015	1420	1452
d1923-malavi-mozambik	1923-10-28	sag	1433.88	1436	2.12	0.0015	1420	1452
d1923-be-lu	1890-11-23	sol	81.88	84	2.12	0.0258	72	92
d1923-ro-su	1918-04-08	sol	293.87	296	2.13	0.0073	276	308
d1923-ro-su	1923-10-28	sol	293.87	296	2.13	0.0073	276	308
d1923-ca-us-bati-2	1923-10-28	sol	3189.86	3192	2.14	0.0007	3180	3196
d1923-hd-pt-orta	1916-08-17	sol	21.85	24	2.15	0.0982	16	24
d1923-hd-pt-orta	1923-10-28	sol	21.85	24	2.15	0.0982	16	24
g2-hd-pt-orta-1908	1916-08-16	sol	21.85	24	2.15	0.0982	16	24
g2-af-sscb-bati-rusya	1888-01-26	sol	2281.82	2284	2.18	0.001	2260	2300
d1923-ca-us-dogu	1867-07-01	sol	809.78	812	2.22	0.0027	796	816
d1923-ca-us-dogu	1923-10-28	sol	809.78	812	2.22	0.0027	796	816
g4-bna-us-dogu	1867-06-30	sol	809.78	812	2.22	0.0027	796	816
d1923-nijerya-kamerun-milner-simon	1922-07-20	sol	17.77	20	2.23	0.1255	12	24
d1923-nijerya-kamerun-milner-simon	1923-10-28	sol	17.77	20	2.23	0.1255	12	24
d1919-nijerya-kamerun-milner-oncesi	1919-07-10	sol	17.77	20	2.23	0.1255	12	24
d1919-nijerya-kamerun-milner-oncesi	1922-07-19	sol	17.77	20	2.23	0.1255	12	24
d1916-nijerya-kamerun-isgal	1916-02-18	sol	17.77	20	2.23	0.1255	12	24
d1916-nijerya-kamerun-isgal	1919-07-09	sol	17.77	20	2.23	0.1255	12	24
d1923-br-pe-tabatinga-apaporis	1889-11-15	sol	3609.74	3612	2.26	0.0006	3576	3624
d1923-br-pe-tabatinga-apaporis	1923-10-28	sol	3609.74	3612	2.26	0.0006	3576	3624
g3-br-imp-pe-tabatinga-apaporis	1889-11-14	sol	3609.74	3612	2.26	0.0006	3576	3624
dg6-dk-se-stromstad	1814-01-13	sag	2985.73	2988	2.27	0.0008	2976	3000
g4-bna-us-dogu	1842-01-01	sol	809.72	812	2.28	0.0028	796	816
d1918-it-at-ateskes-1	1918-11-12	sol	1033.7	1036	2.3	0.0022	1028	1052
d1918-it-at-ateskes-1	1919-12-31	sol	1033.7	1036	2.3	0.0022	1028	1052
d1918-it-hab-ateskes-1	1918-11-03	sol	1033.7	1036	2.3	0.0022	1028	1052
d1918-it-hab-ateskes-1	1918-11-10	sol	1033.7	1036	2.3	0.0022	1028	1052
d1866-it-hab-karn	1866-10-03	sol	1033.7	1036	2.3	0.0022	1028	1052
d1866-it-hab-karn	1918-11-02	sol	1033.7	1036	2.3	0.0022	1028	1052
d1923-de-at	1918-11-12	sag	1905.66	1908	2.34	0.0012	1888	1924
d1923-de-at	1923-10-28	sag	1905.66	1908	2.34	0.0012	1888	1924
d1878-de-ah	1918-11-10	sag	1905.66	1908	2.34	0.0012	1888	1924
d1913-nijerya-kamerun-almanya	1913-03-11	sag	2761.65	2764	2.35	0.0008	2740	2788
d1885-nijerya-kamerun-genel	1913-03-10	sag	2761.65	2764	2.35	0.0008	2740	2788
d1923-us-mx-gadsden	1854-06-30	sol	1537.59	1540	2.41	0.0016	1516	1552
d1923-us-mx-gadsden	1923-10-28	sol	1537.59	1540	2.41	0.0016	1516	1552
d1923-gr-shs-1	1918-12-01	sag	65.55	68	2.45	0.0373	56	68
d1923-gr-shs-1	1923-10-28	sag	65.55	68	2.45	0.0373	56	68
g1-gr-srb-1	1918-11-30	sag	65.55	68	2.45	0.0373	56	68
d1923-fr-it-1	1861-03-17	sol	61.54	64	2.46	0.0399	52	72
d1923-fr-it-1	1923-10-28	sol	61.54	64	2.46	0.0399	52	72
dg4-sa-fr-1861-1	1861-03-07	sol	61.54	64	2.46	0.0399	52	72
dg4-sa-fr-1861-1	1861-03-16	sol	61.54	64	2.46	0.0399	52	72
d1923-it-at-1	1920-01-01	sag	29.51	32	2.49	0.0844	24	36
d1923-it-at-1	1923-10-28	sag	29.51	32	2.49	0.0844	24	36
d1923-nijerya-kamerun-milner-simon	1922-07-20	sag	15081.47	15084	2.53	0.0002	15048	15136
d1923-nijerya-kamerun-milner-simon	1923-10-28	sag	15081.47	15084	2.53	0.0002	15048	15136
d1919-nijerya-kamerun-milner-oncesi	1919-07-10	sag	15081.47	15084	2.53	0.0002	15048	15136
d1919-nijerya-kamerun-milner-oncesi	1922-07-19	sag	15081.47	15084	2.53	0.0002	15048	15136
d1916-nijerya-kamerun-isgal	1919-07-09	sag	15081.47	15084	2.53	0.0002	15048	15136
d1923-at-yu-stiriya	1920-07-16	sag	37.44	40	2.56	0.0683	16	48
d1923-at-yu-stiriya	1923-10-28	sag	37.44	40	2.56	0.0683	16	48
d1878-de-ah	1878-07-13	sag	1905.4	1908	2.6	0.0014	1888	1924
d1844-alm-ah	1878-07-12	sag	1905.4	1908	2.6	0.0014	1888	1924
g1-osm-ir	1913-11-17	sag	117.39	120	2.61	0.0223	116	124
d1923-be-fr	1923-10-28	sol	4377.35	4380	2.65	0.0006	4332	4436
d1923-al-yu-karadag-1	1921-11-09	sag	617.24	620	2.76	0.0045	612	624
d1923-al-yu-karadag-1	1923-10-28	sag	617.24	620	2.76	0.0045	612	624
d1923-bg-shs-2	1923-10-28	sol	649.21	652	2.79	0.0043	644	656
d1913-osm-bg-dogu	1913-09-29	sol	9.18	12	2.82	0.3065	4	16
d1915-osm-bg	1915-09-06	sol	9.17	12	2.83	0.3088	4	16
d1915-osm-bg	1920-04-22	sol	9.17	12	2.83	0.3088	4	16
d1923-tr-sy-dogu	1921-10-20	sol	17.15	20	2.85	0.1663	4	28
d1923-tr-sy-dogu	1923-10-28	sol	17.15	20	2.85	0.1663	4	28
d1923-tr-bg	1923-07-24	sol	9.14	12	2.86	0.3128	4	16
d1923-tr-bg	1923-10-28	sol	9.14	12	2.86	0.3128	4	16
d1920-tbmm-bg	1920-04-23	sol	9.14	12	2.86	0.3128	4	16
d1920-tbmm-bg	1923-07-23	sol	9.14	12	2.86	0.3128	4	16
d1923-bg-shs-2	1920-01-01	sol	649.12	652	2.88	0.0044	644	656
d1913-osm-bg-dogu	1915-09-05	sol	9.11	12	2.89	0.3174	4	16
d1913-sr-mn	1913-11-12	sag	1061.04	1064	2.96	0.0028	1044	1068
dg6-dk-se-stromstad	1751-10-02	sag	1921.02	1924	2.98	0.0016	1916	1932
d1923-it-at-1	1920-01-01	sag	344.91	348	3.09	0.009	312	356
d1923-it-at-1	1923-10-28	sag	344.91	348	3.09	0.009	312	356
d1923-hu-yu-slovenya	1921-07-26	sag	1488.87	1492	3.13	0.0021	1476	1504
d1923-hu-yu-slovenya	1923-10-28	sag	1488.87	1492	3.13	0.0021	1476	1504
d1923-ca-us-bati-2	1871-07-20	sol	3372.84	3376	3.16	0.0009	3368	3380
g1-osm-ir	1913-11-17	sag	1104.84	1108	3.16	0.0029	1088	1124
d1844-alm-ah	1844-01-30	sag	1892.71	1896	3.29	0.0017	1872	1916
d1923-ca-us-dogu	1923-10-28	sol	16.65	20	3.35	0.2011	12	20
d1923-fransiz-gine-sierra-leone	1923-10-28	sol	8.61	12	3.39	0.3939	4	12
d1923-ca-us-dogu	1867-07-01	sol	20.61	24	3.39	0.1646	16	24
g4-bna-us-dogu	1842-01-01	sol	20.61	24	3.39	0.1646	16	24
g4-bna-us-dogu	1867-06-30	sol	20.61	24	3.39	0.1646	16	24
d1890-becuanaland-almanya-swa	1890-07-01	sag	2296.57	2300	3.43	0.0015	2280	2316
d1890-becuanaland-almanya-swa	1915-07-08	sag	2296.57	2300	3.43	0.0015	2280	2316
d1923-ie-gb	1922-12-06	sol	12.44	16	3.56	0.2863	8	20
d1923-ie-gb	1923-10-28	sol	12.44	16	3.56	0.2863	8	20
d1923-hu-cs-3	1921-07-26	sol	64.41	68	3.59	0.0557	56	68
d1923-hu-cs-3	1923-10-28	sol	64.41	68	3.59	0.0557	56	68
d1919-hu-cs-fiili-3	1919-07-25	sol	64.41	68	3.59	0.0557	56	68
d1919-hu-cs-fiili-3	1921-07-25	sol	64.41	68	3.59	0.0557	56	68
d1923-tr-sy-dogu	1921-10-20	sag	76.4	80	3.6	0.0471	72	80
d1923-tr-sy-dogu	1923-10-28	sag	76.4	80	3.6	0.0471	72	80
d1923-ch-de	1879-06-24	sol	44.39	48	3.61	0.0813	36	60
d1923-ch-de	1923-10-28	sol	44.39	48	3.61	0.0813	36	60
d1923-senegal-gambiya	1895-06-16	sol	196.29	200	3.71	0.0189	164	216
d1923-senegal-gambiya	1923-10-28	sol	196.29	200	3.71	0.0189	164	216
d1923-be-nl-1	1839-04-19	sol	392.12	396	3.88	0.0099	384	396
d1923-ir-af-kuzey	1891-01-01	sag	3235.98	3240	4.02	0.0012	3220	3256
d1923-ir-af-kuzey	1923-10-28	sag	3235.98	3240	4.02	0.0012	3220	3256
d1923-hu-yu-hirvatistan	1921-07-26	sag	7.92	12	4.08	0.5149	0	16
d1923-hu-yu-hirvatistan	1923-10-28	sag	7.92	12	4.08	0.5149	0	16
g4-bna-us-dogu	1842-01-01	sol	1483.91	1488	4.09	0.0028	1460	1496
d1923-hu-cs-1	1921-07-26	sol	259.9	264	4.1	0.0158	244	268
d1923-hu-cs-1	1923-10-28	sol	259.9	264	4.1	0.0158	244	268
d1919-hu-cs-fiili-1	1919-07-25	sol	259.9	264	4.1	0.0158	244	268
d1919-hu-cs-fiili-1	1921-07-25	sol	259.9	264	4.1	0.0158	244	268
d1923-tr-bg	1923-07-24	sol	31.8	36	4.2	0.1321	20	40
d1923-tr-bg	1923-10-28	sol	31.8	36	4.2	0.1321	20	40
d1915-osm-bg	1915-09-06	sol	31.8	36	4.2	0.1321	20	40
d1915-osm-bg	1920-04-22	sol	31.8	36	4.2	0.1321	20	40
d1920-tbmm-bg	1920-04-23	sol	31.8	36	4.2	0.1321	20	40
d1920-tbmm-bg	1923-07-23	sol	31.8	36	4.2	0.1321	20	40
d1923-es-pt-kuzey	1866-11-04	sol	159.78	164	4.22	0.0264	148	164
g3-br-imp-pe-tabatinga-apaporis	1852-10-18	sol	3603.73	3608	4.27	0.0012	3572	3620
d1923-no-se	1905-06-07	sag	123.73	128	4.27	0.0345	112	136
d1923-no-se	1923-10-28	sag	123.73	128	4.27	0.0345	112	136
dg6-dk-se-stromstad	1814-01-13	sag	123.73	128	4.27	0.0345	112	136
d1923-es-pt-kuzey	1923-10-28	sol	159.66	164	4.34	0.0272	148	168
d1923-fr-it-2	1861-03-17	sol	447.62	452	4.38	0.0098	440	460
d1923-fr-it-2	1923-10-28	sol	447.62	452	4.38	0.0098	440	460
dg4-sa-fr-1861-2	1861-03-07	sol	447.62	452	4.38	0.0098	440	460
dg4-sa-fr-1861-2	1861-03-16	sol	447.62	452	4.38	0.0098	440	460
d1923-malavi-mozambik	1907-01-01	sag	4951.62	4956	4.38	0.0009	4944	4984
d1923-malavi-mozambik	1923-10-28	sag	4951.62	4956	4.38	0.0009	4944	4984
d1923-gr-shs-2	1918-12-01	sag	223.56	228	4.44	0.0198	216	236
d1923-gr-shs-2	1923-10-28	sag	223.56	228	4.44	0.0198	216	236
g1-gr-srb-2	1913-08-10	sag	223.56	228	4.44	0.0198	216	236
g1-gr-srb-2	1918-11-30	sag	223.56	228	4.44	0.0198	216	236
d1923-fr-es-dogu	1868-07-11	sag	1395.55	1400	4.45	0.0032	1368	1428
d1923-fr-es-dogu	1923-10-28	sag	1395.55	1400	4.45	0.0032	1368	1428
d1918-fi-su-fiili-3	1918-01-04	sol	35.55	40	4.45	0.1253	32	40
d1918-fi-su-fiili-3	1920-12-30	sol	35.55	40	4.45	0.1253	32	40
d1923-fr-es-bati	1868-07-11	sag	179.46	184	4.54	0.0253	164	196
d1923-fr-es-bati	1923-10-28	sag	179.46	184	4.54	0.0253	164	196
d1829-osm-rus-2	1878-07-12	sag	2759.44	2764	4.56	0.0017	2736	2772
d1890-becuanaland-almanya-swa	1915-07-08	sag	1955.44	1960	4.56	0.0023	1912	1996
d1923-hu-cs-1	1921-07-26	sag	227.42	232	4.58	0.0201	216	240
d1923-hu-cs-1	1923-10-28	sag	227.42	232	4.58	0.0201	216	240
d1919-hu-cs-fiili-1	1919-07-25	sag	227.42	232	4.58	0.0201	216	240
d1919-hu-cs-fiili-1	1921-07-25	sag	227.42	232	4.58	0.0201	216	240
d1923-tr-sy-dogu	1921-10-20	sag	135.37	140	4.63	0.0342	120	160
d1923-tr-sy-dogu	1923-10-28	sag	135.37	140	4.63	0.0342	120	160
d1923-angola-kuzey-rodezya-barotseland	1911-05-17	sol	307.32	312	4.68	0.0152	276	336
d1923-angola-kuzey-rodezya-barotseland	1923-10-28	sol	307.32	312	4.68	0.0152	276	336
d1923-at-cs	1923-10-28	sol	551.16	556	4.84	0.0088	548	556
d1923-angola-belcika-kongo	1923-10-28	sol	227.15	232	4.85	0.0214	216	236
d1923-hu-yu-hirvatistan	1921-07-26	sol	219.15	224	4.85	0.0221	204	240
d1923-hu-yu-hirvatistan	1923-10-28	sol	219.15	224	4.85	0.0221	204	240
d1923-us-mx-gadsden	1923-10-28	sol	3843.14	3848	4.86	0.0013	3840	3848
d1923-ro-su	1918-04-08	sag	7.13	12	4.87	0.6836	4	12
d1923-ro-su	1923-10-28	sag	7.13	12	4.87	0.6836	4	12
d1923-ar-py-nehirler	1876-09-13	sol	967.08	972	4.92	0.0051	956	976
d1923-ar-py-nehirler	1923-10-28	sol	967.08	972	4.92	0.0051	956	976
d1923-fr-it-3	1861-03-17	sol	18.98	24	5.02	0.2646	16	24
d1923-fr-it-3	1923-10-28	sol	18.98	24	5.02	0.2646	16	24
dg4-sa-fr-1861-3	1861-03-07	sol	18.98	24	5.02	0.2646	16	24
dg4-sa-fr-1861-3	1861-03-16	sol	18.98	24	5.02	0.2646	16	24
d1923-no-se	1905-06-07	sag	2970.93	2976	5.07	0.0017	2960	2988
d1923-no-se	1923-10-28	sag	2970.93	2976	5.07	0.0017	2960	2988
d1923-angola-guneybati-afrika	1920-12-17	sol	146.91	152	5.09	0.0346	140	152
d1923-angola-guneybati-afrika	1923-10-28	sol	146.91	152	5.09	0.0346	140	152
d1886-angola-almanya-swa	1915-07-08	sol	146.91	152	5.09	0.0346	140	152
d1923-hu-ro	1921-07-26	sag	1074.75	1080	5.25	0.0049	1064	1092
d1923-hu-ro	1923-10-28	sag	1074.75	1080	5.25	0.0049	1064	1092
d1920-hu-ro-fiili	1920-03-31	sag	1074.75	1080	5.25	0.0049	1064	1092
d1920-hu-ro-fiili	1921-07-25	sag	1074.75	1080	5.25	0.0049	1064	1092
d1923-de-at	1918-11-12	sag	1458.59	1464	5.41	0.0037	1448	1472
d1923-de-at	1923-10-28	sag	1458.59	1464	5.41	0.0037	1448	1472
d1878-de-ah	1918-11-10	sag	1458.59	1464	5.41	0.0037	1448	1472
d1923-malavi-mozambik	1907-01-01	sag	5906.51	5912	5.49	0.0009	5892	5912
d1923-malavi-mozambik	1923-10-28	sag	5906.51	5912	5.49	0.0009	5892	5912
d1923-es-ma-ceuta	1923-10-28	sol	198.49	204	5.51	0.0278	192	212
d1923-it-ch	1861-03-17	sag	30.44	36	5.56	0.1827	20	40
d1923-it-ch	1923-10-28	sag	30.44	36	5.56	0.1827	20	40
dg4-sa-ch-lombardiya	1859-11-10	sag	30.44	36	5.56	0.1827	20	40
dg4-sa-ch-lombardiya	1861-03-16	sag	30.44	36	5.56	0.1827	20	40
d1923-ca-us-dogu	1923-10-28	sol	6.41	12	5.59	0.8714	0	12
g4-bna-us-dogu	1842-01-01	sol	6.41	12	5.59	0.8714	0	12
d1923-hd-pt-orta	1916-08-17	sag	42.38	48	5.62	0.1326	40	48
d1923-hd-pt-orta	1923-10-28	sag	42.38	48	5.62	0.1326	40	48
g2-hd-pt-orta-1908	1916-08-16	sag	42.38	48	5.62	0.1326	40	48
d1919-at-cs-fiili-2	1919-01-01	sol	550.34	556	5.66	0.0103	548	556
d1919-at-cs-fiili-2	1920-07-15	sol	550.34	556	5.66	0.0103	548	556
d1923-tr-sscb-gurcistan	1923-10-28	sag	78.25	84	5.75	0.0735	72	88
d1829-osm-rus-1	1829-09-14	sag	78.24	84	5.76	0.0736	72	88
d1923-senegal-gambiya	1895-06-16	sol	2938.24	2944	5.76	0.002	2920	2960
d1923-senegal-gambiya	1923-10-28	sol	2938.24	2944	5.76	0.002	2920	2960
d1923-fr-es-bati	1868-07-11	sag	2058.24	2064	5.76	0.0028	2036	2076
d1923-fr-es-bati	1923-10-28	sag	2058.24	2064	5.76	0.0028	2036	2076
d1923-ca-us-dogu	1867-07-01	sol	1230.15	1236	5.85	0.0048	1208	1248
g4-bna-us-dogu	1867-06-30	sol	1230.15	1236	5.85	0.0048	1208	1248
d1923-tr-sy-dogu	1921-10-20	sag	702.14	708	5.86	0.0083	688	728
d1923-tr-sy-dogu	1923-10-28	sag	702.14	708	5.86	0.0083	688	728
d1923-gr-shs-1	1918-12-01	sol	14.06	20	5.94	0.422	4	20
d1923-gr-shs-1	1923-10-28	sol	14.06	20	5.94	0.422	4	20
g1-gr-srb-1	1918-11-30	sol	14.06	20	5.94	0.422	4	20
d1923-angola-guneybati-afrika	1920-12-17	sol	4477.95	4484	6.05	0.0014	4460	4488
d1923-angola-guneybati-afrika	1923-10-28	sol	4477.95	4484	6.05	0.0014	4460	4488
d1886-angola-almanya-swa	1915-07-08	sol	4477.95	4484	6.05	0.0014	4460	4488
d1923-af-sscb-pamir	1917-11-07	sag	165.94	172	6.06	0.0365	156	176
d1923-af-sscb-pamir	1923-10-28	sag	165.94	172	6.06	0.0365	156	176
g2-af-sscb-pamir-gecici	1917-03-15	sag	165.94	172	6.06	0.0365	156	176
g2-af-sscb-pamir-gecici	1917-11-06	sag	165.94	172	6.06	0.0365	156	176
g2-af-sscb-pamir-rusya	1895-03-11	sag	165.94	172	6.06	0.0365	156	176
g2-af-sscb-pamir-rusya	1917-03-14	sag	165.94	172	6.06	0.0365	156	176
d1923-habesistan-fransiz-somalisi	1923-10-28	sol	2917.93	2924	6.07	0.0021	2904	2932
d1923-habesistan-fransiz-somalisi	1897-03-20	sol	2917.93	2924	6.07	0.0021	2904	2932
g4-bna-us-dogu	1842-01-01	sol	1229.93	1236	6.07	0.0049	1208	1248
d1923-fr-ch-alsas	1920-01-10	sol	149.91	156	6.09	0.0407	140	156
d1923-fr-ch-alsas	1923-10-28	sol	149.91	156	6.09	0.0407	140	156
d1918-fr-ch-alsas-isgal	1918-11-11	sol	149.91	156	6.09	0.0407	140	156
d1918-fr-ch-alsas-isgal	1920-01-09	sol	149.91	156	6.09	0.0407	140	156
d1871-de-ch-alsas	1871-05-10	sol	149.91	156	6.09	0.0407	140	156
d1871-de-ch-alsas	1918-11-10	sol	149.91	156	6.09	0.0407	140	156
dg4-fr-ch-alsas	1814-05-30	sol	149.91	156	6.09	0.0407	140	156
dg4-fr-ch-alsas	1871-05-09	sol	149.91	156	6.09	0.0407	140	156
d1923-hd-pt-oecussi	1916-08-17	sag	265.89	272	6.11	0.023	252	276
d1923-hd-pt-oecussi	1923-10-28	sag	265.89	272	6.11	0.023	252	276
g2-hd-pt-oecussi-1914	1916-08-16	sag	265.89	272	6.11	0.023	252	276
dg4-nl-fr-kortrijk	1820-03-28	sol	653.87	660	6.13	0.0094	640	672
dg4-nl-fr-kortrijk	1830-10-03	sol	653.87	660	6.13	0.0094	640	672
dg6-dk-se-stromstad	1751-10-02	sag	2969.84	2976	6.16	0.0021	2960	2988
d1923-be-fr	1923-10-28	sol	653.8	660	6.2	0.0095	644	672
d1878-ru-ro-tuna-rus-rp	1878-08-03	sag	845.78	852	6.22	0.0074	840	864
d1878-ru-ro-tuna-rus-rp	1881-03-25	sag	845.78	852	6.22	0.0074	840	864
d1878-ru-ro-tuna-rus-rk	1881-03-26	sag	845.78	852	6.22	0.0074	840	864
d1878-ru-ro-tuna-rus-rk	1917-03-14	sag	845.78	852	6.22	0.0074	840	864
d1878-ru-ro-tuna-gecici-rk	1917-03-15	sag	845.78	852	6.22	0.0074	840	864
d1878-ru-ro-tuna-gecici-rk	1917-11-06	sag	845.78	852	6.22	0.0074	840	864
d1878-ru-ro-tuna-sovyet-rk	1917-11-07	sag	845.78	852	6.22	0.0074	840	864
d1890-becuanaland-almanya-swa	1915-07-08	sag	6209.74	6216	6.26	0.001	6176	6240
d1923-gr-bg-dogu	1921-01-01	sol	89.72	96	6.28	0.07	80	96
d1923-gr-bg-dogu	1923-10-28	sol	89.72	96	6.28	0.07	80	96
g2-hd-pt-oecussi-1914	1914-06-25	sag	1969.62	1976	6.38	0.0032	1936	2000
d1923-nijer-nijerya	1910-02-19	sag	4117.62	4124	6.38	0.0016	4100	4132
d1923-nijer-nijerya	1923-10-28	sag	4117.62	4124	6.38	0.0016	4100	4132
d1923-angola-guneybati-afrika	1920-12-17	sag	1657.61	1664	6.39	0.0039	1656	1668
d1923-angola-guneybati-afrika	1923-10-28	sag	1657.61	1664	6.39	0.0039	1656	1668
d1923-be-fr	1839-04-19	sol	653.6	660	6.4	0.0098	640	672
dg4-be-fr-fiili	1830-10-04	sol	653.6	660	6.4	0.0098	640	672
dg4-be-fr-fiili	1839-04-18	sol	653.6	660	6.4	0.0098	640	672
d1923-lt-lv	1921-05-14	sol	1873.56	1880	6.44	0.0034	1852	1900
d1923-es-pt-kuzey	1866-11-04	sag	4357.53	4364	6.47	0.0015	4332	4384
d1923-es-pt-kuzey	1923-10-28	sag	4357.53	4364	6.47	0.0015	4332	4384
d1923-ie-gb	1922-12-06	sol	373.48	380	6.52	0.0175	352	400
d1923-ie-gb	1923-10-28	sol	373.48	380	6.52	0.0175	352	400
d1923-nl-de	1824-07-02	sol	61.44	68	6.56	0.1067	52	68
d1923-nl-de	1923-10-28	sol	61.44	68	6.56	0.1067	52	68
d1923-iq-ir	1921-08-23	sag	117.34	124	6.66	0.0568	108	124
d1923-iq-ir	1923-10-28	sag	117.34	124	6.66	0.0568	108	124
d1923-at-cs-morava	1920-07-16	sag	961.32	968	6.68	0.007	944	980
d1923-at-cs-morava	1923-10-28	sag	961.32	968	6.68	0.007	944	980
d1923-angola-guneybati-afrika	1920-12-17	sag	7157.23	7164	6.77	0.0009	7148	7168
d1923-angola-guneybati-afrika	1923-10-28	sag	7157.23	7164	6.77	0.0009	7148	7168
d1923-al-yu-karadag-2	1921-11-09	sol	13.15	20	6.85	0.5209	8	20
d1923-al-yu-karadag-2	1923-10-28	sol	13.15	20	6.85	0.5209	8	20
d1923-it-at-1	1920-01-01	sol	1116.85	1124	7.15	0.0064	1108	1128
d1923-it-at-1	1923-10-28	sol	1116.85	1124	7.15	0.0064	1108	1128
d1916-nijerya-kamerun-isgal	1916-02-18	sag	3708.8	3716	7.2	0.0019	3688	3728
d1913-nijerya-kamerun-almanya	1913-03-11	sag	3708.8	3716	7.2	0.0019	3688	3728
d1913-nijerya-kamerun-almanya	1916-02-17	sag	3708.8	3716	7.2	0.0019	3688	3728
d1885-nijerya-kamerun-genel	1913-03-10	sag	3708.8	3716	7.2	0.0019	3688	3728
dg6-dk-se-stromstad	1751-10-02	sag	132.8	140	7.2	0.0542	132	140
d1923-filistin-misir	1922-03-15	sol	744.74	752	7.26	0.0097	740	752
d1923-filistin-misir	1923-10-28	sol	744.74	752	7.26	0.0097	740	752
d1920-filistin-misir-manda	1920-07-01	sol	744.74	752	7.26	0.0097	740	752
d1920-filistin-misir-manda	1922-03-14	sol	744.74	752	7.26	0.0097	740	752
d1923-us-mx-gadsden	1854-06-30	sag	2352.68	2360	7.32	0.0031	2348	2360
d1923-uganda-belcika-kongo	1923-10-28	sol	892.66	900	7.34	0.0082	884	904
d1923-ca-us-dogu	1923-10-28	sol	1228.49	1236	7.51	0.0061	1208	1244
d1829-osm-rus-1	1829-09-14	sol	580.38	588	7.62	0.0131	560	596
d1923-nijer-nijerya	1923-10-28	sol	84.25	92	7.75	0.092	72	92
d1923-at-cs	1920-07-16	sol	564.2	572	7.8	0.0138	548	572
d1923-fr-ch-savoy-2	1860-03-24	sol	176.19	184	7.81	0.0443	172	184
d1923-fr-ch-savoy-2	1923-10-28	sol	176.19	184	7.81	0.0443	172	184
dg4-sa-ch-cenevre	1816-03-16	sol	176.19	184	7.81	0.0443	172	184
dg4-sa-ch-cenevre	1860-03-23	sol	176.19	184	7.81	0.0443	172	184
d1923-tr-sy-dogu	1921-10-20	sol	632.18	640	7.82	0.0124	612	652
d1923-tr-sy-dogu	1923-10-28	sol	632.18	640	7.82	0.0124	612	652
d1923-at-cs	1923-10-28	sol	564.15	572	7.85	0.0139	548	572
d1923-hu-cs-3	1921-07-26	sag	464.05	472	7.95	0.0171	460	472
d1923-hu-cs-3	1923-10-28	sag	464.05	472	7.95	0.0171	460	472
d1919-hu-cs-fiili-3	1919-07-25	sag	464.05	472	7.95	0.0171	460	472
d1919-hu-cs-fiili-3	1921-07-25	sag	464.05	472	7.95	0.0171	460	472
d1890-namrod-almanya-swa	1890-07-01	sol	1828.02	1836	7.98	0.0044	1816	1836
d1890-namrod-almanya-swa	1915-07-08	sol	1828.02	1836	7.98	0.0044	1816	1836
d1923-ca-us-prairie	1923-10-28	sag	3359.94	3368	8.06	0.0024	3340	3396
d1923-co-ec	1917-01-26	sag	3623.84	3632	8.16	0.0023	3592	3664
d1923-co-ec	1923-10-28	sag	3623.84	3632	8.16	0.0023	3592	3664
d1923-altinkiyisi-fildisi-sahili	1895-06-16	sag	4647.77	4656	8.23	0.0018	4628	4668
d1829-osm-rus-1	1878-07-12	sag	1623.68	1632	8.32	0.0051	1596	1632
d1923-at-cs	1920-07-16	sag	1507.62	1516	8.38	0.0056	1492	1528
d1923-at-cs	1923-10-28	sag	1507.62	1516	8.38	0.0056	1492	1528
d1923-ih-cn-guney3	1923-10-28	sol	1079.4	1088	8.6	0.008	1076	1104
d1923-hu-cs-1	1921-07-26	sag	107.4	116	8.6	0.0801	100	116
d1923-hu-cs-1	1923-10-28	sag	107.4	116	8.6	0.0801	100	116
d1919-hu-cs-fiili-1	1919-07-25	sag	107.4	116	8.6	0.0801	100	116
d1919-hu-cs-fiili-1	1921-07-25	sag	107.4	116	8.6	0.0801	100	116
dg4-sa-ch-piyemonte	1815-06-09	sol	1259.36	1268	8.64	0.0069	1228	1272
dg4-sa-ch-piyemonte	1861-03-16	sol	1259.36	1268	8.64	0.0069	1228	1272
d1923-altinkiyisi-fildisi-sahili	1923-10-28	sag	5167.36	5176	8.64	0.0017	5152	5192
d1917-filistin-misir-askeri-idare	1920-06-30	sol	751.35	760	8.65	0.0115	744	760
dg4-nl-fr-kortrijk	1820-03-28	sol	4399.01	4408	8.99	0.002	4348	4416
dg4-nl-fr-kortrijk	1830-10-03	sol	4399.01	4408	8.99	0.002	4348	4416
d1919-at-cs-fiili-1	1919-01-01	sol	562.98	572	9.02	0.016	548	576
d1919-at-cs-fiili-1	1920-07-15	sol	562.98	572	9.02	0.016	548	576
d1923-it-at-2	1920-01-01	sol	750.95	760	9.05	0.0121	732	760
d1923-it-at-2	1923-10-28	sol	750.95	760	9.05	0.0121	732	760
d1918-it-at-ateskes-2	1918-11-12	sol	750.95	760	9.05	0.0121	732	760
d1918-it-at-ateskes-2	1919-12-31	sol	750.95	760	9.05	0.0121	732	760
d1918-it-hab-ateskes-2	1918-11-03	sol	750.95	760	9.05	0.0121	732	760
d1918-it-hab-ateskes-2	1918-11-10	sol	750.95	760	9.05	0.0121	732	760
d1919-at-cs-fiili-2	1919-01-01	sag	910.59	920	9.41	0.0103	904	920
d1919-at-cs-fiili-2	1920-07-15	sag	910.59	920	9.41	0.0103	904	920
d1923-ch-de	1879-06-24	sag	162.44	172	9.56	0.0588	156	176
d1923-ch-de	1923-10-28	sag	162.44	172	9.56	0.0588	156	176
d1913-nijerya-kamerun-almanya	1916-02-17	sol	5142.12	5152	9.88	0.0019	5120	5180
d1913-nijerya-kamerun-almanya	1913-03-11	sol	5142.12	5152	9.88	0.0019	5120	5180
d1885-nijerya-kamerun-genel	1913-03-10	sol	5142.12	5152	9.88	0.0019	5120	5180
d1844-alm-ah	1844-01-30	sag	1481.91	1492	10.09	0.0068	1472	1492
d1923-orta-afrika-cumhuriyeti-belcika-kongo	1910-01-15	sol	2233.9	2244	10.1	0.0045	2220	2252
d1923-orta-afrika-cumhuriyeti-belcika-kongo	1923-10-28	sol	2233.9	2244	10.1	0.0045	2220	2252
g3-bg-ro-dobruca-p4	1913-08-09	sag	1857.87	1868	10.13	0.0055	1844	1872
d1886-angola-almanya-swa	1915-07-08	sag	369.68	380	10.32	0.0279	368	380
d1923-fr-ch-1	1814-05-30	sol	321.67	332	10.33	0.0321	308	340
d1923-fr-ch-1	1923-10-28	sol	321.67	332	10.33	0.0321	308	340
d1923-it-ch	1861-03-17	sol	1257.65	1268	10.35	0.0082	1228	1276
d1923-it-ch	1923-10-28	sol	1257.65	1268	10.35	0.0082	1228	1276
d1923-at-hu-3	1921-07-26	sag	1209.64	1220	10.36	0.0086	1192	1220
d1923-at-hu-3	1923-10-28	sag	1209.64	1220	10.36	0.0086	1192	1220
d1923-it-at-2	1920-01-01	sag	1057.62	1068	10.38	0.0098	1040	1080
d1923-it-at-2	1923-10-28	sag	1057.62	1068	10.38	0.0098	1040	1080
d1923-nijer-nijerya	1910-02-19	sol	561.54	572	10.46	0.0186	516	596
d1923-nijer-nijerya	1923-10-28	sol	561.54	572	10.46	0.0186	516	596
d1923-senegal-gambiya	1895-06-16	sag	2477.26	2488	10.74	0.0043	2428	2516
d1923-senegal-gambiya	1923-10-28	sag	2477.26	2488	10.74	0.0043	2428	2516
d1923-ca-us-dogu	1867-07-01	sag	1569.17	1580	10.83	0.0069	1556	1580
d1923-ca-us-dogu	1923-10-28	sag	1569.17	1580	10.83	0.0069	1556	1580
g4-bna-us-dogu	1867-06-30	sag	1569.17	1580	10.83	0.0069	1556	1580
d1829-osm-rus-2	1829-09-14	sag	333.12	344	10.88	0.0327	324	344
d1923-no-se	1905-06-07	sag	1957.0	1968	11.0	0.0056	1948	1972
d1923-no-se	1923-10-28	sag	1957.0	1968	11.0	0.0056	1948	1972
dg6-dk-se-stromstad	1814-01-13	sag	1957.0	1968	11.0	0.0056	1948	1972
d1923-oky-yenigine-kuzey-isgal-avustralya	1914-09-17	sol	264.42	276	11.58	0.0438	220	316
d1923-oky-yenigine-kuzey-isgal-avustralya	1920-12-16	sol	264.42	276	11.58	0.0438	220	316
d1923-oky-yenigine-kuzey	1920-12-17	sol	264.42	276	11.58	0.0438	220	316
d1923-oky-yenigine-kuzey	1923-10-28	sol	264.42	276	11.58	0.0438	220	316
d1923-fr-ch-dappes	1862-12-08	sol	792.36	804	11.64	0.0147	784	804
d1923-fr-ch-dappes	1923-10-28	sol	792.36	804	11.64	0.0147	784	804
d1816-alm-ah-4	1816-05-01	sag	1480.34	1492	11.66	0.0079	1468	1492
d1816-alm-ah-4	1844-01-29	sag	1480.34	1492	11.66	0.0079	1468	1492
d1923-ro-su	1918-04-08	sol	160.22	172	11.78	0.0735	152	172
d1923-ro-su	1923-10-28	sol	160.22	172	11.78	0.0735	152	172
d1923-lt-lv	1923-10-28	sol	3480.11	3492	11.89	0.0034	3464	3496
d1923-gr-al	1921-11-09	sol	15.83	28	12.17	0.7686	12	28
d1923-gr-al	1923-10-28	sol	15.83	28	12.17	0.7686	12	28
d1923-be-fr	1839-04-19	sag	43.79	56	12.21	0.2788	28	56
d1923-be-fr	1923-10-28	sag	43.79	56	12.21	0.2788	28	56
dg4-nl-fr-kortrijk	1820-03-28	sag	43.79	56	12.21	0.2788	28	56
dg4-nl-fr-kortrijk	1830-10-03	sag	43.79	56	12.21	0.2788	28	56
dg4-be-fr-fiili	1830-10-04	sag	43.79	56	12.21	0.2788	28	56
dg4-be-fr-fiili	1839-04-18	sag	43.79	56	12.21	0.2788	28	56
d1923-mx-gt	1882-09-27	sol	3675.42	3688	12.58	0.0034	3644	3708
d1923-mx-gt	1923-10-28	sol	3675.42	3688	12.58	0.0034	3644	3708
d1923-cn-fc-BILINMIYOR-laos	1923-10-28	sag	2603.42	2616	12.58	0.0048	2580	2616
d1923-at-hu-1	1923-10-28	sag	211.18	224	12.82	0.0607	188	224
d1923-necid-kuveyt-bati	1922-12-02	sag	1803.15	1816	12.85	0.0071	1788	1816
d1923-necid-kuveyt-bati	1923-10-28	sag	1803.15	1816	12.85	0.0071	1788	1816
d1923-iq-ir	1921-08-23	sol	1915.09	1928	12.91	0.0067	1900	1948
d1923-iq-ir	1923-10-28	sol	1915.09	1928	12.91	0.0067	1900	1948
g1-osm-ir	1913-11-17	sol	1915.09	1928	12.91	0.0067	1900	1948
d1923-es-pt-kuzey	1923-10-28	sol	403.0	416	13.0	0.0323	396	416
d1923-malavi-mozambik	1907-01-01	sol	314.95	328	13.05	0.0414	284	340
d1923-malavi-mozambik	1923-10-28	sol	314.95	328	13.05	0.0414	284	340
d1923-at-yu-karintiya	1920-10-10	sag	646.87	660	13.13	0.0203	624	660
d1923-at-yu-karintiya	1923-10-28	sag	646.87	660	13.13	0.0203	624	660
d1923-kongo-fransiz-belcika	1910-01-15	sag	5638.86	5652	13.14	0.0023	5620	5660
d1923-kongo-fransiz-belcika	1923-10-28	sag	5638.86	5652	13.14	0.0023	5620	5660
d1878-ru-ro-prut-rus-rp	1878-08-03	sag	1782.77	1796	13.23	0.0074	1760	1796
d1878-ru-ro-prut-rus-rp	1881-03-25	sag	1782.77	1796	13.23	0.0074	1760	1796
d1878-ru-ro-prut-rus-rk	1881-03-26	sag	1782.77	1796	13.23	0.0074	1760	1796
d1878-ru-ro-prut-rus-rk	1917-03-14	sag	1782.77	1796	13.23	0.0074	1760	1796
d1878-ru-ro-prut-gecici-rk	1917-03-15	sag	1782.77	1796	13.23	0.0074	1760	1796
d1878-ru-ro-prut-gecici-rk	1917-11-06	sag	1782.77	1796	13.23	0.0074	1760	1796
d1878-ru-ro-prut-sovyet-rk	1917-11-07	sag	1782.77	1796	13.23	0.0074	1760	1796
d1923-fr-ch-savoy-1	1860-03-24	sol	326.74	340	13.26	0.0406	308	352
d1923-fr-ch-savoy-1	1923-10-28	sol	326.74	340	13.26	0.0406	308	352
dg4-sa-ch-valais	1815-06-09	sol	326.74	340	13.26	0.0406	308	352
dg4-sa-ch-valais	1860-03-23	sol	326.74	340	13.26	0.0406	308	352
d1923-co-ec	1917-01-26	sol	2030.63	2044	13.37	0.0066	2004	2044
d1923-co-ec	1923-10-28	sol	2030.63	2044	13.37	0.0066	2004	2044
d1923-hu-cs-rutenya	1921-07-26	sag	822.43	836	13.57	0.0165	804	836
d1923-hu-cs-rutenya	1923-10-28	sag	822.43	836	13.57	0.0165	804	836
d1920-hu-cs-rutenya-fiili	1920-08-30	sag	822.43	836	13.57	0.0165	804	836
d1920-hu-cs-rutenya-fiili	1921-07-25	sag	822.43	836	13.57	0.0165	804	836
d1909-osm-bg-eski	1913-05-29	sag	1074.38	1088	13.62	0.0127	1060	1100
g4-bna-us-dogu	1842-01-01	sag	1574.31	1588	13.69	0.0087	1568	1588
d1923-hu-yu-hirvatistan	1921-07-26	sol	314.28	328	13.72	0.0437	296	328
d1923-hu-yu-hirvatistan	1923-10-28	sol	314.28	328	13.72	0.0437	296	328
d1923-us-mx-gadsden	1923-10-28	sag	1138.12	1152	13.88	0.0122	1128	1152
d1923-tr-sscb-ermenistan	1923-10-28	sag	334.08	348	13.92	0.0417	324	348
g3-bg-ro-dobruca-p4	1908-10-05	sol	1037.86	1052	14.14	0.0136	1020	1052
d1923-br-py-1	1923-10-28	sol	5457.79	5472	14.21	0.0026	5424	5500
d1923-cad-anglo-misir-sudani-darfur	1919-09-08	sag	469.71	484	14.29	0.0304	436	508
d1923-cad-anglo-misir-sudani-darfur	1923-10-28	sag	469.71	484	14.29	0.0304	436	508
d1890-becuanaland-almanya-swa	1890-07-01	sag	829.61	844	14.39	0.0173	824	844
d1890-becuanaland-almanya-swa	1915-07-08	sag	829.61	844	14.39	0.0173	824	844
g4-bna-us-dogu	1842-01-01	sol	229.04	244	14.96	0.0653	224	244
d1923-fr-it-5	1861-03-17	sag	745.03	760	14.97	0.0201	736	772
d1923-fr-it-5	1923-10-28	sag	745.01	760	14.99	0.0201	736	772
dg4-sa-fr-1861-5	1861-03-07	sag	745.01	760	14.99	0.0201	736	772
dg4-sa-fr-1861-5	1861-03-16	sag	745.01	760	14.99	0.0201	736	772
d1923-fransiz-ingiliz-somalisi	1888-02-09	sol	372.92	388	15.08	0.0404	360	388
d1923-fransiz-ingiliz-somalisi	1923-10-28	sol	372.92	388	15.08	0.0404	360	388
d1923-guney-rodezya-mozambik	1923-10-01	sol	12252.87	12268	15.13	0.0012	12228	12300
d1923-guney-rodezya-mozambik	1923-10-28	sol	12252.87	12268	15.13	0.0012	12228	12300
d1891-guneyrodezya-mozambik-bsac	1923-09-30	sol	12252.87	12268	15.13	0.0012	12228	12300
d1923-ca-us-prairie	1870-07-15	sol	4316.86	4332	15.14	0.0035	4292	4332
d1923-ca-us-prairie	1923-10-28	sol	4316.86	4332	15.14	0.0035	4292	4332
d1923-angola-belcika-kongo	1923-10-28	sol	3708.7	3724	15.3	0.0041	3688	3732
d1923-ie-gb	1922-12-06	sag	1372.64	1388	15.36	0.0112	1352	1400
d1923-ie-gb	1923-10-28	sag	1372.64	1388	15.36	0.0112	1352	1400
d1923-af-sscb-bati	1917-11-07	sol	2280.49	2296	15.51	0.0068	2264	2296
d1923-af-sscb-bati	1923-10-28	sol	2280.49	2296	15.51	0.0068	2264	2296
g2-af-sscb-bati-gecici	1917-03-15	sol	2280.49	2296	15.51	0.0068	2264	2296
g2-af-sscb-bati-gecici	1917-11-06	sol	2280.49	2296	15.51	0.0068	2264	2296
g2-af-sscb-bati-rusya	1917-03-14	sol	2280.49	2296	15.51	0.0068	2264	2296
d1923-hu-cs-1	1921-07-26	sol	356.34	372	15.66	0.044	348	372
d1923-hu-cs-1	1923-10-28	sol	356.34	372	15.66	0.044	348	372
d1919-hu-cs-fiili-1	1919-07-25	sol	356.34	372	15.66	0.044	348	372
d1919-hu-cs-fiili-1	1921-07-25	sol	356.34	372	15.66	0.044	348	372
d1923-cs-ro	1923-02-07	sol	2592.2	2608	15.8	0.0061	2560	2608
d1923-cs-ro	1923-10-28	sol	2592.2	2608	15.8	0.0061	2560	2608
d1923-es-pt-kuzey	1866-11-04	sol	403.81	420	16.19	0.0401	396	420
d1923-iq-ir	1921-08-23	sol	1082.95	1100	17.05	0.0157	1064	1100
d1923-iq-ir	1923-10-28	sol	1082.95	1100	17.05	0.0157	1064	1100
g1-osm-ir	1913-11-17	sol	1082.95	1100	17.05	0.0157	1064	1100
d1878-de-ah	1878-07-13	sag	1462.92	1480	17.08	0.0117	1452	1480
d1844-alm-ah	1878-07-12	sag	1462.92	1480	17.08	0.0117	1452	1480
d1923-angola-belcika-kongo	1908-11-15	sag	886.56	904	17.44	0.0197	880	904
d1923-angola-belcika-kongo	1923-10-28	sag	886.56	904	17.44	0.0197	880	904
d1923-mx-gt	1882-09-27	sol	2674.4	2692	17.6	0.0066	2664	2692
d1923-mx-gt	1923-10-28	sol	2674.4	2692	17.6	0.0066	2664	2692
d1923-angola-kuzey-rodezya-barotseland	1923-10-28	sag	13922.31	13940	17.69	0.0013	13900	13940
d1923-altinkiyisi-fildisi-sahili	1923-10-28	sol	4093.49	4112	18.51	0.0045	4072	4112
d1923-es-pt-olivenza	1923-10-28	sol	521.2	540	18.8	0.0361	504	540
d1923-es-pt-olivenza	1801-06-06	sol	520.99	540	19.01	0.0365	508	540
d1923-nijerya-kamerun-milner-simon	1922-07-20	sag	1588.63	1608	19.37	0.0122	1564	1608
d1923-nijerya-kamerun-milner-simon	1923-10-28	sag	1588.63	1608	19.37	0.0122	1564	1608
d1919-nijerya-kamerun-milner-oncesi	1919-07-10	sag	1588.63	1608	19.37	0.0122	1564	1608
d1919-nijerya-kamerun-milner-oncesi	1922-07-19	sag	1588.63	1608	19.37	0.0122	1564	1608
d1916-nijerya-kamerun-isgal	1919-07-09	sag	1588.63	1608	19.37	0.0122	1564	1608
d1923-ro-su	1918-04-08	sol	3384.55	3404	19.45	0.0057	3364	3404
d1923-ro-su	1923-10-28	sol	3384.55	3404	19.45	0.0057	3364	3404
d1923-habesistan-ingiliz-somalisi	1897-05-14	sag	9416.44	9436	19.56	0.0021	9380	9472
d1923-af-sscb-pamir	1917-11-07	sol	248.15	268	19.85	0.08	240	268
d1923-af-sscb-pamir	1923-10-28	sol	248.15	268	19.85	0.08	240	268
g2-af-sscb-pamir-gecici	1917-03-15	sol	248.15	268	19.85	0.08	240	268
g2-af-sscb-pamir-gecici	1917-11-06	sol	248.15	268	19.85	0.08	240	268
g2-af-sscb-pamir-rusya	1895-03-11	sol	248.15	268	19.85	0.08	240	268
g2-af-sscb-pamir-rusya	1917-03-14	sol	248.15	268	19.85	0.08	240	268
d1923-mx-gt	1882-09-27	sag	2980.04	3000	19.96	0.0067	2948	3008
d1923-mx-gt	1923-10-28	sag	2980.04	3000	19.96	0.0067	2948	3008
d1923-tr-sy-dogu	1921-10-20	sag	43.4	64	20.6	0.4746	28	64
d1923-tr-sy-dogu	1923-10-28	sag	43.4	64	20.6	0.4746	28	64
dg6-dk-se-stromstad	1814-01-13	sol	1587.37	1608	20.63	0.013	1548	1644
d1923-gr-bg-dogu	1921-01-01	sag	1443.31	1464	20.69	0.0143	1428	1464
d1923-gr-bg-dogu	1923-10-28	sag	1443.31	1464	20.69	0.0143	1428	1464
d1923-nijerya-kamerun-milner-simon	1922-07-20	sag	3499.26	3520	20.74	0.0059	3460	3524
d1923-nijerya-kamerun-milner-simon	1923-10-28	sag	3499.26	3520	20.74	0.0059	3460	3524
d1919-nijerya-kamerun-milner-oncesi	1919-07-10	sag	3499.26	3520	20.74	0.0059	3460	3524
d1919-nijerya-kamerun-milner-oncesi	1922-07-19	sag	3499.26	3520	20.74	0.0059	3460	3524
d1916-nijerya-kamerun-isgal	1919-07-09	sag	3499.26	3520	20.74	0.0059	3460	3524
d1923-nijerya-kamerun-milner-simon	1922-07-20	sag	3965.84	3988	22.16	0.0056	3928	4008
d1923-nijerya-kamerun-milner-simon	1923-10-28	sag	3965.84	3988	22.16	0.0056	3928	4008
d1919-nijerya-kamerun-milner-oncesi	1919-07-10	sag	3965.84	3988	22.16	0.0056	3928	4008
d1919-nijerya-kamerun-milner-oncesi	1922-07-19	sag	3965.84	3988	22.16	0.0056	3928	4008
d1916-nijerya-kamerun-isgal	1916-02-18	sag	3965.84	3988	22.16	0.0056	3928	4008
d1916-nijerya-kamerun-isgal	1919-07-09	sag	3965.84	3988	22.16	0.0056	3928	4008
d1913-nijerya-kamerun-almanya	1913-03-11	sag	3965.84	3988	22.16	0.0056	3928	4008
d1913-nijerya-kamerun-almanya	1916-02-17	sag	3965.84	3988	22.16	0.0056	3928	4008
d1885-nijerya-kamerun-genel	1913-03-10	sag	3965.84	3988	22.16	0.0056	3928	4008
d1891-guneyrodezya-mozambik-bsac	1891-06-11	sol	14321.84	14344	22.16	0.0015	14292	14344
d1923-tanganika-mozambik	1922-07-20	sag	11477.69	11500	22.31	0.0019	11452	11512
d1923-tanganika-mozambik	1923-10-28	sag	11477.69	11500	22.31	0.0019	11452	11512
d1922-at-hu-sopron	1922-01-01	sag	613.23	636	22.77	0.0371	600	636
d1922-at-hu-sopron	1923-10-28	sag	613.23	636	22.77	0.0371	600	636
d1859-ru-rp-prut-kuzey	1878-08-02	sag	1737.1	1760	22.9	0.0132	1720	1760
d1923-kongo-fransiz-belcika	1910-01-15	sol	336.76	360	23.24	0.069	312	360
d1923-kongo-fransiz-belcika	1923-10-28	sol	336.76	360	23.24	0.069	312	360
dg4-sa-ch-lombardiya	1859-11-10	sag	1024.39	1048	23.61	0.023	996	1048
dg4-sa-ch-lombardiya	1861-03-16	sag	1024.39	1048	23.61	0.023	996	1048
g1-osm-ir	1913-11-17	sag	5163.41	5188	24.59	0.0048	5140	5188
d1923-tr-sscb-ermenistan	1921-03-16	sag	4715.01	4740	24.99	0.0053	4700	4740
d1885-nijerya-kamerun-genel	1885-04-01	sag	3946.93	3972	25.07	0.0064	3912	3992
d1923-iq-ir	1921-08-23	sag	5154.91	5180	25.09	0.0049	5132	5180
d1923-iq-ir	1923-10-28	sag	5154.91	5180	25.09	0.0049	5132	5180
d1923-hu-ro	1921-07-26	sol	906.65	932	25.35	0.028	880	932
d1923-hu-ro	1923-10-28	sol	906.65	932	25.35	0.028	880	932
d1920-hu-ro-fiili	1920-03-31	sol	906.65	932	25.35	0.028	880	932
d1920-hu-ro-fiili	1921-07-25	sol	906.65	932	25.35	0.028	880	932
d1923-fi-no-bati	1917-12-06	sol	5729.78	5756	26.22	0.0046	5712	5756
d1923-iq-ir	1921-08-23	sol	2433.28	2460	26.72	0.011	2400	2460
d1923-iq-ir	1923-10-28	sol	2433.28	2460	26.72	0.011	2400	2460
g1-osm-ir	1913-11-17	sol	2433.28	2460	26.72	0.011	2400	2460
d1923-kongo-fransiz-belcika	1910-01-15	sag	3037.0	3064	27.0	0.0089	3008	3064
d1923-kongo-fransiz-belcika	1923-10-28	sag	3037.0	3064	27.0	0.0089	3008	3064
d1923-liberya-sierra-leone	1911-01-01	sol	2802.55	2832	29.45	0.0105	2776	2832
d1923-liberya-sierra-leone	1923-10-28	sol	2802.55	2832	29.45	0.0105	2776	2832
d1885-liberya-sierra-leone-mano	1885-11-11	sol	2802.55	2832	29.45	0.0105	2776	2832
d1885-liberya-sierra-leone-mano	1910-12-31	sol	2802.55	2832	29.45	0.0105	2776	2832
d1923-cn-fc-BILINMIYOR-tonkin	1923-10-28	sol	4256.57	4288	31.43	0.0074	4236	4292
d1878-ru-ro-prut-sovyet-rk	1918-04-07	sag	8012.38	8044	31.62	0.0039	7992	8044
d1923-cn-fc-BILINMIYOR-tonkin	1923-10-28	sag	8371.76	8404	32.24	0.0039	8340	8404
d1923-al-yu-makedonya-1	1921-11-09	sag	1321.41	1356	34.59	0.0262	1296	1356
d1923-al-yu-makedonya-1	1923-10-28	sag	1321.41	1356	34.59	0.0262	1296	1356
d1923-no-se	1905-06-07	sol	1452.58	1488	35.42	0.0244	1420	1488
d1923-no-se	1923-10-28	sol	1452.58	1488	35.42	0.0244	1420	1488
dg6-dk-se-stromstad	1751-10-02	sol	1452.58	1488	35.42	0.0244	1420	1488
d1923-cad-libya	1919-09-08	sag	3764.21	3800	35.79	0.0095	3720	3800
d1923-cad-libya	1923-10-28	sag	3764.21	3800	35.79	0.0095	3720	3800
d1923-fi-su	1920-12-31	sol	4494.82	4532	37.18	0.0083	4476	4532
d1923-fi-su	1923-10-28	sol	4494.82	4532	37.18	0.0083	4476	4532
d1923-liberya-fildisi-sahili	1911-01-01	sag	8012.34	8056	43.66	0.0054	7984	8056
d1923-liberya-fildisi-sahili	1923-10-28	sag	8012.34	8056	43.66	0.0054	7984	8056
d1892-liberya-fildisi-sahili-cavalla	1910-12-31	sag	8012.34	8056	43.66	0.0054	7984	8056
