anahtar,kunye_son,veride_uzanan_s_donemi,ornekler
bizans,1461-08-15,2,Limni[1281-01-01→1479-01-25]@yerlesimler.js | Bozbaba (Ay Strati)[1281-01-01→1479-01-25]@yerlesimler.js
memluk,1517-04-13,37,Mekke[1281-01-01→1517-07-06]@yerlesimler.js | Medine[1281-01-01→1517-07-06]@yerlesimler.js | Cidde[1281-01-01→1517-07-06]@yerlesimler.js | Yenbu[1281-01-01→1517-07-06]@yerlesimler.js | Tebük[1281-01-01→1517-07-06]@yerlesimler.js | Zebîd[1516-06-20→1517-07-06]@yerlesimler.js | İskenderiye[1281-01-01→1517-05-19]@yerlesimler.js | Dimyat[1281-01-01→1517-05-19]@yerlesimler.js | Tâif[1281-01-01→1517-07-06]@yerlesimler.js | Reşîd (Rosetta)[1281-01-01→1517-05-19]@yerlesimler.js | Demenhûr (Damanhur)[1281-01-01→1517-05-19]@yerlesimler_afrika.js | Dessûk[1281-01-01→1517-05-19]@yerlesimler_afrika.js | Kafrüşşeyh[1281-01-01→1517-05-19]@yerlesimler_afrika.js | Bürüllüs (Baltîm)[1281-01-01→1517-05-19]@yerlesimler_afrika.js | Tanta[1281-01-01→1517-05-19]@yerlesimler_afrika.js | Mahalletülkübrâ[1281-01-01→1517-05-19]@yerlesimler_afrika.js | Şibînülkûm (Menûfiye)[1281-01-01→1517-05-19]@yerlesimler_afrika.js | Benhâ (Kalyûbiye)[1281-01-01→1517-05-19]@yerlesimler_afrika.js | Mansûre[1281-01-01→1517-05-19]@yerlesimler_afrika.js | Mît Gamr[1281-01-01→1517-05-19]@yerlesimler_afrika.js | Menzile[1281-01-01→1517-05-19]@yerlesimler_afrika.js | Bilbîs (Şarkiye)[1281-01-01→1517-05-19]@yerlesimler_afrika.js | Fâkûs[1281-01-01→1517-05-19]@yerlesimler_afrika.js | Sâlihiyye[1281-01-01→1517-05-19]@yerlesimler_afrika.js | Ebûkîr[1281-01-01→1517-05-19]@yerlesimler_afrika.js | Katye[1281-01-01→1517-05-19]@yerlesimler_afrika.js | El-Arîş[1281-01-01→1517-05-19]@yerlesimler_afrika.js | Mersâ Matruh[1281-01-01→1517-05-19]@yerlesimler_afrika.js | Sellûm[1281-01-01→1517-05-19]@yerlesimler_afrika.js | el-Ulâ[1281-01-01→1517-07-06]@yerlesimler_ok101.js | Medâin-i Sâlih (el-Hicr)[1281-01-01→1517-07-06]@yerlesimler_ok101.js | el-Vech[1281-01-01→1517-07-06]@yerlesimler_ok101.js | Hayber[1281-01-01→1517-07-06]@yerlesimler_ok101.js | Bedir[1281-01-01→1517-07-06]@yerlesimler_ok107.js | Râbiğ[1281-01-01→1517-07-06]@yerlesimler_ok107.js | Türabe[1281-01-01→1517-07-06]@yerlesimler_nokta_ortadogu_0917.js | Hurma (Tâif doğusu)[1281-01-01→1517-07-06]@yerlesimler_nokta_ortadogu_0917.js
serbedariler,1386-01-01,3,Simnân[1337-09-09→1387-11-01]@yerlesimler.js | Dâmgan[1337-09-09→1387-11-01]@yerlesimler.js | Bistâm[1337-09-09→1387-11-01]@yerlesimler.js
bengal-sultanligi,1576-01-01,10,Mungîr (Monghyr)[1564-01-01→1576-07-12]@yerlesimler_asya.js | Bhâgalpûr[1564-01-01→1576-07-12]@yerlesimler_asya.js | Gaur (Lakhnautî)[1564-01-01→1576-07-12]@yerlesimler_asya.js | Pandua (Hazret Pandua)[1564-01-01→1576-07-12]@yerlesimler_asya.js | Dakka (Dhaka)[1564-01-01→1576-07-12]@yerlesimler_asya.js | Sonârgâon[1564-01-01→1576-07-12]@yerlesimler_asya.js | Hûglî (Hooghly)[1564-01-01→1576-07-12]@yerlesimler_asya.js | Kattak (Cuttack)[1568-01-01→1592-01-01]@yerlesimler_asya.js | Puri[1568-01-01→1592-01-01]@yerlesimler_asya.js | Bâlâsor (Balasore)[1568-01-01→1592-01-01]@yerlesimler_asya.js
bengal-nevabligi,1757-06-23,4,Patna (Azîmâbâd)[1717-01-01→1764-10-22]@yerlesimler_asya.js | Gayâ[1717-01-01→1764-10-22]@yerlesimler_asya.js | Mungîr (Monghyr)[1717-01-01→1764-10-22]@yerlesimler_asya.js | Çatgam (Chittagong)[1717-01-01→1760-10-11]@yerlesimler_asya.js
pagan,1297-01-01,14,Pagan[1281-01-01→1313-01-01]@yerlesimler_asya.js | Toungoo[1281-01-01→1313-01-01]@yerlesimler_asya.js | Prome (Pyay)[1281-01-01→1313-01-01]@yerlesimler_asya.js | Bhamo[1281-01-01→1313-01-01]@yerlesimler_gdasya.js | Taungdwingyi[1281-01-01→1313-01-01]@yerlesimler_gdasya.js | Myingyan[1281-01-01→1313-01-01]@yerlesimler_gdasya.js | Yenangyaung[1281-01-01→1313-01-01]@yerlesimler_gdasya.js | Katha[1281-01-01→1313-01-01]@yerlesimler_gdasya.js | Meiktila[1281-01-01→1313-01-01]@yerlesimler_gdasya.js | Minbu[1281-01-01→1313-01-01]@yerlesimler_gdasya.js | Pakokku[1281-01-01→1313-01-01]@yerlesimler_gdasya.js | Myitkyina[1281-01-01→1313-01-01]@yerlesimler_gdasya.js | Pyinmana[1281-01-01→1313-01-01]@yerlesimler_gdasya.js | Mogok[1281-01-01→1313-01-01]@yerlesimler_gdasya.js
singhasari,1292-01-01,4,Bali (Klungkung)[1281-01-01→1343-01-01]@yerlesimler_asya.js | Mataram (Lombok)[1281-01-01→1343-01-01]@yerlesimler_asya.js | Sumbawa[1281-01-01→1343-01-01]@yerlesimler_gdasya.js | Bima (Sumbawa)[1281-01-01→1343-01-01]@yerlesimler_gdasya.js
seylan-sinhala,1518-01-01,1,Kolombo[1281-01-01→1518-09-01]@yerlesimler_asya.js
multan-langah,1527-01-01,1,Multan[1445-01-01→1528-01-01]@yerlesimler_asya.js
kocin,1503-01-01,1,Koçin (Kochi)[1281-01-01→1503-09-01]@yerlesimler_asya.js
akkoyunlu,1514-01-01,0,
avusturya,1918-11-11,29,Suçava (Suceava)[1775-05-07→1918-11-28]@yerlesimler.js | Çernovitz (Çernivtsi)[1775-05-07→1918-11-28]@yerlesimler.js | Viyana[1281-01-01→1918-11-12]@yerlesimler.js | Graz[1281-01-01→1918-11-12]@yerlesimler.js | Lvov[1772-08-05→1919-09-10]@yerlesimler.js | Yazlofça (Yazlovets)[1772-08-05→1919-09-10]@yerlesimler.js | Krk (Veglia)[1813-01-01→1919-09-10]@yerlesimler.js | Cres (Cherso)[1813-01-01→1919-09-10]@yerlesimler.js | Rab (Arbe)[1813-01-01→1919-09-10]@yerlesimler.js | Pag (Pago)[1813-01-01→1919-09-10]@yerlesimler.js | Uzunada (Dugi Otok)[1813-01-01→1919-09-10]@yerlesimler.js | Hvar (Lesina)[1813-01-01→1919-09-10]@yerlesimler.js | Korçula (Kurzola)[1813-01-01→1919-09-10]@yerlesimler.js | Vis (Lissa)[1813-01-01→1919-09-10]@yerlesimler.js | Mliyet (Mljet)[1813-01-01→1919-09-10]@yerlesimler.js | Zadar (Zara)[1813-01-01→1919-09-10]@yerlesimler_ek.js | Şibenik (Sebenico)[1813-01-01→1919-09-10]@yerlesimler_ek.js | Knin[1813-01-01→1919-09-10]@yerlesimler_ek.js | Vrana (Urana)[1813-01-01→1919-09-10]@yerlesimler_ek.js | Nadin[1813-01-01→1919-09-10]@yerlesimler_ek.js | Freistadt[1526-08-29→1918-11-12]@yerlesimler_a78_avrupa.js | Linz[1526-08-29→1918-11-12]@yerlesimler_a78_avrupa.js | Gmünd (Aşağı Avusturya)[1526-08-29→1918-11-12]@yerlesimler_a78_avrupa.js | Bregenz[1814-06-03→1918-11-12]@yerlesimler_a78_avrupa.js | Feldkirch[1814-06-03→1918-11-12]@yerlesimler_a78_avrupa.js | Landeck[1814-06-03→1918-11-12]@yerlesimler_a78_avrupa.js | Innsbruck[1814-06-03→1918-11-12]@yerlesimler_a78_avrupa.js | Lienz[1814-06-03→1918-11-12]@yerlesimler_a78_avrupa.js | Klagenfurt[1335-05-01→1918-11-12]@yerlesimler_a78_avrupa.js
rusya,1917-03-15,0,
altinorda,1502-01-01,21,Kuban (Yekaterinodar)[1281-01-01→1502-03-01]@yerlesimler.js | Terek deltası (Kızlar)[1281-01-01→1502-03-01]@yerlesimler.js | Astrahan[1281-01-01→1502-03-01]@yerlesimler.js | Bozkır (Deşt-i Kıpçak)[1281-01-01→1502-03-01]@yerlesimler.js | Kalmuk bozkırı[1281-01-01→1502-03-01]@yerlesimler.js | Ural eteği[1281-01-01→1502-03-01]@yerlesimler.js | Rın kumulları (Volga-Yayık arası)[1281-01-01→1502-03-01]@yerlesimler_seyrek.js | Yediçkul bozkırı[1281-01-01→1502-03-01]@yerlesimler_ek3.js | Camboyluk bozkırı[1281-01-01→1502-03-01]@yerlesimler_ek3.js | Zaporojye Seçi[1281-01-01→1502-03-01]@yerlesimler_ek4.js | Çerkask (Razdory)[1281-01-01→1502-03-01]@yerlesimler_ek6.js | Don bozkırı (Sal)[1281-01-01→1502-03-01]@yerlesimler_ek6.js | Donets bozkırı[1281-01-01→1502-03-01]@yerlesimler_ek6.js | Kamışin[1281-01-01→1502-03-01]@yerlesimler_ek22.js | Petrovsk (Saratov)[1281-01-01→1502-03-01]@yerlesimler_ek22.js | Syzran[1281-01-01→1502-03-01]@yerlesimler_ek22.js | Samara[1281-01-01→1502-03-01]@yerlesimler_ek22.js | Yedisan bozkırı[1281-01-01→1502-03-01]@yerlesimler_ek_bozkir.js | Kuban Nogay bozkırı[1281-01-01→1502-03-01]@yerlesimler_ek_bozkir.js | Stavropol–Kuma bozkırı[1281-01-01→1502-03-01]@yerlesimler_ek_bozkir.js | Kuban deltası bozkırı[1281-01-01→1502-03-01]@yerlesimler_ek_bozkir.js
fransa,1792-09-22,2,Çandernagor[1763-02-10→1793-06-10]@yerlesimler_asya.js | Pondişeri[1785-01-01→1793-08-23]@yerlesimler_asya.js
venedik,1797-05-12,30,Çuha Adası (Kythira)[1718-07-21→1797-10-17]@yerlesimler.js | Korfu[1386-01-01→1797-10-17]@yerlesimler.js | Ayamavra (Lefkada)[1718-07-21→1797-10-17]@yerlesimler.js | Parga[1401-01-01→1797-10-17]@yerlesimler.js | Vonitsa[1684-09-29→1797-10-17]@yerlesimler.js | Preveze[1684-09-29→1797-10-17]@yerlesimler.js | Kefalonya[1500-12-24→1797-10-17]@yerlesimler.js | İthaki[1500-12-24→1797-10-17]@yerlesimler.js | Zaklise (Zakynthos)[1482-01-01→1797-10-17]@yerlesimler.js | Krk (Veglia)[1281-01-01→1797-10-17]@yerlesimler.js | Cres (Cherso)[1281-01-01→1797-10-17]@yerlesimler.js | Rab (Arbe)[1281-01-01→1797-10-17]@yerlesimler.js | Pag (Pago)[1281-01-01→1797-10-17]@yerlesimler.js | Uzunada (Dugi Otok)[1281-01-01→1797-10-17]@yerlesimler.js | Brakya (Brač)[1281-01-01→1797-10-17]@yerlesimler.js | Hvar (Lesina)[1281-01-01→1797-10-17]@yerlesimler.js | Korçula (Kurzola)[1281-01-01→1797-10-17]@yerlesimler.js | Vis (Lissa)[1281-01-01→1797-10-17]@yerlesimler.js | Zadar (Zara)[1409-01-01→1797-10-17]@yerlesimler_ek.js | Şibenik (Sebenico)[1412-10-30→1797-10-17]@yerlesimler_ek.js | Split (Spalato)[1420-01-01→1797-10-17]@yerlesimler_ek.js | Kotor (Cattaro)[1420-01-01→1797-10-17]@yerlesimler_ek.js | Knin[1688-09-11→1797-10-17]@yerlesimler_ek.js | Sin (Sinj)[1686-09-30→1797-10-17]@yerlesimler_ek.js | Klis[1648-03-31→1797-10-17]@yerlesimler_ek.js | Herseknovi (Herceg Novi)[1687-09-30→1797-10-17]@yerlesimler_ek.js | Vrana (Urana)[1699-01-26→1797-10-17]@yerlesimler_ek.js | Nadin[1699-01-26→1797-10-17]@yerlesimler_ek.js | Butrint (Butrinto)[1386-01-01→1797-10-17]@yerlesimler_epir.js | Paksos (Paxos)[1281-01-01→1797-10-17]@yerlesimler_ek_adalar.js
bulgaristan,1946-09-15,0,
bosna,1463-05-01,8,Banaluka[1281-01-01→1463-06-01]@yerlesimler.js | Travnik[1281-01-01→1463-06-01]@yerlesimler.js | Foça (Foča)[1281-01-01→1465-01-01]@yerlesimler.js | Livno (İhlevne)[1281-01-01→1469-01-01]@yerlesimler.js | Yayça (Jajce)[1281-01-01→1463-06-01]@yerlesimler.js | Srebrenik[1281-01-01→1463-06-01]@yerlesimler.js | Vişegrad[1281-01-01→1463-06-01]@yerlesimler_seyrek.js | Koniçe (Konjic)[1281-01-01→1463-06-01]@yerlesimler_ek2.js
aiz,1920-01-01,1,Ebha (Asir)[1918-10-30→1920-04-01]@yerlesimler.js
benihalid,1830-01-01,4,Lahsa[1818-09-09→1841-10-01]@yerlesimler.js | Katîf[1818-09-09→1841-10-01]@yerlesimler.js | Ukayr (Uceyr)[1818-09-09→1841-10-01]@yerlesimler.js | Cübeyl[1818-09-09→1841-10-01]@yerlesimler.js
funj,1821-06-14,15,Kordofan (Ubeyyid)[1504-01-01→1821-08-19]@yerlesimler.js | Kordofan[1504-01-01→1821-08-19]@yerlesimler.js | Bâra[1504-01-01→1821-08-19]@yerlesimler_afrika.js | Er-Rahad[1504-01-01→1821-08-19]@yerlesimler_h2_afrika.js | Ümmü Rüvâbe[1504-01-01→1821-08-19]@yerlesimler_h2_afrika.js | Sodirî[1504-01-01→1821-08-19]@yerlesimler_h2_afrika.js | Dilling[1504-01-01→1821-08-19]@yerlesimler_h2_afrika.js | Kâdûglî[1504-01-01→1821-08-19]@yerlesimler_h2_afrika.js | Talodi[1504-01-01→1821-08-19]@yerlesimler_h2_afrika.js | Ebû Zabed[1504-01-01→1821-08-19]@yerlesimler_h2_afrika.js | Muglad[1504-01-01→1821-08-19]@yerlesimler_h2_afrika.js | Bâbanûsa[1504-01-01→1821-08-19]@yerlesimler_h2_afrika.js | Ğubeyş[1504-01-01→1821-08-19]@yerlesimler_h2_afrika.js | Tendelti[1504-01-01→1821-08-19]@yerlesimler_h2_afrika.js | Ümmü Bedr[1504-01-01→1821-08-19]@yerlesimler_h2_afrika.js
adal,1887-01-06,1,Asâyita (Avsa)[1281-01-01→1923-10-29]@yerlesimler_h2_afrika.js
mutapa,1695-01-01,1,Büyük Zimbabve[1450-01-01→1700-01-01]@yerlesimler_e9353f.js
ispanyol-peru,1824-12-09,5,Potosí[1545-04-01→1825-08-06]@yerlesimler_amerika.js | La Paz[1548-10-20→1825-08-06]@yerlesimler_amerika.js | Sucre (La Plata / Chuquisaca)[1538-11-30→1825-08-06]@yerlesimler_amerika.js | Oruro (Villa de San Felipe de Austria)[1606-01-01→1825-08-06]@yerlesimler_nokta_amerika_0917.js | Cochabamba (Villa de Oropesa)[1571-08-15→1825-08-06]@yerlesimler_nokta_amerika_0917.js
kaffa,1897-09-10,1,Bonga (Kaffa)[1281-01-01→1897-10-01]@yerlesimler_afrika.js
toskana,1860-03-22,4,Floransa[1532-05-01→1861-03-17]@yerlesimler.js | Elba[1815-06-09→1861-03-17]@yerlesimler.js | Siena[1557-07-03→1861-03-17]@yerlesimler_avrupa.js | Pisa[1532-05-01→1861-03-17]@yerlesimler_avrupa.js
mehdi,1898-09-02,51,Dongola[1885-01-26→1899-01-19]@yerlesimler.js | Hartum[1885-01-26→1899-01-19]@yerlesimler.js | Sennar[1885-01-26→1899-01-19]@yerlesimler.js | Kordofan (Ubeyyid)[1882-09-07→1899-01-19]@yerlesimler.js | Kordofan[1882-09-07→1899-01-19]@yerlesimler.js | Kerma[1885-01-26→1899-01-19]@yerlesimler_afrika.js | Debbe[1885-01-26→1899-01-19]@yerlesimler_afrika.js | Merevî[1885-01-26→1899-01-19]@yerlesimler_afrika.js | Ebû Hamed[1885-01-26→1899-01-19]@yerlesimler_afrika.js | Berber[1884-05-01→1899-01-19]@yerlesimler_afrika.js | Şendî[1885-01-26→1899-01-19]@yerlesimler_afrika.js | Vad Medenî[1885-01-26→1899-01-19]@yerlesimler_afrika.js | Ed-Düveym[1885-01-26→1899-01-19]@yerlesimler_afrika.js | Kosti[1885-01-26→1899-01-19]@yerlesimler_afrika.js | Kadârif[1885-01-26→1899-01-19]@yerlesimler_afrika.js | Rusayris[1885-01-26→1899-01-19]@yerlesimler_afrika.js | Fâzûğlî[1885-01-26→1899-01-19]@yerlesimler_afrika.js | Bâra[1882-09-01→1899-01-19]@yerlesimler_afrika.js | Nühûd[1885-01-26→1899-01-19]@yerlesimler_afrika.js | Kesela[1885-01-26→1899-01-19]@yerlesimler_afrika.js | Delgo (Sükkût)[1885-01-26→1899-01-19]@yerlesimler_h2_afrika.js | Abrî (Mahas)[1885-01-26→1899-01-19]@yerlesimler_h2_afrika.js | Kortî[1885-01-26→1899-01-19]@yerlesimler_h2_afrika.js | Ed-Dâmer[1885-01-26→1899-01-19]@yerlesimler_h2_afrika.js | Kabûşiyye[1885-01-26→1899-01-19]@yerlesimler_h2_afrika.js | Ümmü Dermân[1885-01-26→1899-01-19]@yerlesimler_h2_afrika.js | Sincâ[1885-01-26→1899-01-19]@yerlesimler_h2_afrika.js | Müsellemiyye[1885-01-26→1899-01-19]@yerlesimler_h2_afrika.js | Rufâa[1885-01-26→1899-01-19]@yerlesimler_h2_afrika.js | El-Kavâ[1885-01-26→1899-01-19]@yerlesimler_h2_afrika.js | Cebeleyn[1885-01-26→1899-01-19]@yerlesimler_h2_afrika.js | Kurmuk[1885-01-26→1899-01-19]@yerlesimler_h2_afrika.js | Er-Rahad[1882-09-07→1899-01-19]@yerlesimler_h2_afrika.js | Ümmü Rüvâbe[1882-09-07→1899-01-19]@yerlesimler_h2_afrika.js | Sodirî[1882-09-07→1899-01-19]@yerlesimler_h2_afrika.js | Dilling[1882-09-07→1899-01-19]@yerlesimler_h2_afrika.js | Kâdûglî[1882-09-07→1899-01-19]@yerlesimler_h2_afrika.js | Talodi[1882-09-07→1899-01-19]@yerlesimler_h2_afrika.js | Ebû Zabed[1882-09-07→1899-01-19]@yerlesimler_h2_afrika.js | Muglad[1882-09-07→1899-01-19]@yerlesimler_h2_afrika.js | Bâbanûsa[1882-09-07→1899-01-19]@yerlesimler_h2_afrika.js | Ğubeyş[1882-09-07→1899-01-19]@yerlesimler_h2_afrika.js | Er-Renk[1885-01-26→1899-01-19]@yerlesimler_h2_afrika.js | Fâşoda[1885-01-26→1899-01-19]@yerlesimler_h2_afrika.js | Malakal[1885-01-26→1899-01-19]@yerlesimler_h2_afrika.js | Şereyk[1885-01-26→1899-01-19]@yerlesimler_h2_afrika.js | Kerreri[1885-01-26→1899-01-19]@yerlesimler_h2_afrika.js | El-Menâkıl[1885-01-26→1899-01-19]@yerlesimler_h2_afrika.js | Ed-Damazîn[1885-01-26→1899-01-19]@yerlesimler_h2_afrika.js | Tendelti[1882-09-07→1899-01-19]@yerlesimler_h2_afrika.js | Ümmü Bedr[1882-09-07→1899-01-19]@yerlesimler_h2_afrika.js
cagatay,1370-01-01,20,Hîve[1281-01-01→1379-01-01]@yerlesimler.js | Hazârasp[1281-01-01→1379-01-01]@yerlesimler.js | Semerkant[1281-01-01→1370-04-09]@yerlesimler_ek14.js | Buhara[1281-01-01→1370-04-09]@yerlesimler_ek14.js | Karşi (Nahşeb)[1281-01-01→1370-04-09]@yerlesimler_ek14.js | Şehrisebz (Kiş)[1281-01-01→1370-04-09]@yerlesimler_ek14.js | Termez[1281-01-01→1370-04-09]@yerlesimler_ek14.js | Hisar[1281-01-01→1370-04-09]@yerlesimler_ek14.js | Külâb (Kulob)[1281-01-01→1370-04-09]@yerlesimler_ek14.js | Cizzah[1281-01-01→1370-04-09]@yerlesimler_ek14.js | Taşkent[1281-01-01→1370-04-09]@yerlesimler_ek15.js | Hokand[1281-01-01→1370-04-09]@yerlesimler_ek15.js | Andican[1281-01-01→1370-04-09]@yerlesimler_ek15.js | Oş[1281-01-01→1370-04-09]@yerlesimler_ek15.js | Hucend[1281-01-01→1370-04-09]@yerlesimler_ek15.js | Türkistan (Yesi)[1281-01-01→1370-04-09]@yerlesimler_ek15.js | Çimkent[1281-01-01→1370-04-09]@yerlesimler_ek15.js | Belh[1281-01-01→1370-04-09]@yerlesimler_ek16.js | Taraz (Evliya-Ata)[1281-01-01→1370-04-09]@yerlesimler_ok107.js | Sayram (İsficâb)[1281-01-01→1370-04-09]@yerlesimler_ok107.js
mentese,1424-01-01,6,Datça[1402-07-28→1425-06-01]@yerlesimler.js | Marmaris[1402-07-28→1425-06-01]@yerlesimler.js | Fethiye (Makri)[1402-07-28→1425-06-01]@yerlesimler.js | Muğla[1402-07-28→1425-06-01]@yerlesimler.js | Milas[1402-07-28→1425-06-01]@yerlesimler.js | Balat (Palatia)[1402-07-28→1425-06-01]@yerlesimler.js
candar,1461-01-01,12,Kastamonu[1402-07-28→1461-06-01]@yerlesimler.js | Sinop[1322-01-01→1461-06-01]@yerlesimler.js | Bartın[1402-07-28→1461-06-01]@yerlesimler.js | Safranbolu[1402-07-28→1461-06-01]@yerlesimler.js | Eflani[1402-07-28→1461-06-01]@yerlesimler.js | Bolu[1402-07-28→1461-06-01]@yerlesimler.js | Konurapa (Düzce)[1402-07-28→1461-06-01]@yerlesimler.js | Mudurnu[1402-07-28→1461-06-01]@yerlesimler.js | Karadeniz Ereğli[1402-07-28→1461-06-01]@yerlesimler.js | Devrek[1402-07-28→1461-06-01]@yerlesimler.js | Akçakoca[1402-07-28→1461-06-01]@yerlesimler.js | Tosya[1402-07-28→1461-06-01]@yerlesimler_ek29.js
katalan,1388-05-02,3,Yenişehir (Larissa)[1311-03-15→1390-01-01]@yerlesimler.js | Tırhala[1311-03-15→1390-01-01]@yerlesimler.js | İzdin (Lamia)[1281-01-01→1394-01-01]@yerlesimler.js
timurlu,1507-05-01,22,Meşhed[1381-04-01→1507-05-24]@yerlesimler.js | Tebbes[1381-04-01→1507-05-24]@yerlesimler.js | Kâin[1381-01-01→1507-05-24]@yerlesimler.js | Bîrcend[1381-01-01→1507-05-24]@yerlesimler.js | Zerenc (Sîstan)[1381-01-01→1507-05-24]@yerlesimler.js | Nîşâbur[1381-01-01→1507-05-24]@yerlesimler.js | Tûs[1381-01-01→1507-05-24]@yerlesimler.js | Sebzevâr[1381-01-01→1507-05-24]@yerlesimler.js | Turşiz (Kâşmer)[1381-01-01→1507-05-24]@yerlesimler.js | Turbet-i Haydariye[1381-01-01→1507-05-24]@yerlesimler.js | Turbet-i Câm[1381-01-01→1507-05-24]@yerlesimler.js | Serahs[1381-01-01→1507-05-24]@yerlesimler.js | Kelât-ı Nâdirî[1381-01-01→1507-05-24]@yerlesimler.js | Kûçân[1381-01-01→1507-05-24]@yerlesimler.js | Bocnûrd[1381-01-01→1507-05-24]@yerlesimler.js | Esferâyin[1381-01-01→1507-05-24]@yerlesimler.js | Dihistan ovası (Meşhed-i Misriyân)[1381-01-01→1507-05-24]@yerlesimler.js | Nesâ[1381-01-01→1507-05-24]@yerlesimler.js | Ebîverd[1381-01-01→1507-05-24]@yerlesimler.js | Merv (Mari)[1381-01-01→1507-05-24]@yerlesimler.js | Kızılarvat[1381-01-01→1507-05-24]@yerlesimler_ortaasya2.js | Kandehar[1370-01-01→1522-09-06]@yerlesimler_asya.js
ilhanli,1353-01-01,12,Konya[1308-01-01→1366-01-01]@yerlesimler.js | Erzurum[1281-01-01→1360-01-01]@yerlesimler.js | Reşt[1335-12-01→1371-01-01]@yerlesimler.js | Lâhîcan[1281-01-01→1371-01-01]@yerlesimler.js | Bender Enzeli[1281-01-01→1371-01-01]@yerlesimler.js | Sârî[1281-01-01→1359-01-01]@yerlesimler.js | Âmül[1281-01-01→1359-01-01]@yerlesimler.js | Bârfurûş (Bâbil)[1281-01-01→1359-01-01]@yerlesimler.js | Eşref (Behşehr)[1281-01-01→1359-01-01]@yerlesimler.js | Ilgın[1308-01-01→1366-01-01]@yerlesimler_ek29.js | Ulukışla[1308-01-01→1366-01-01]@yerlesimler_ek29.js | Aşkale[1281-01-01→1360-01-01]@yerlesimler_ek29.js
eretna,1381-01-01,2,Erzurum[1360-01-01→1385-01-01]@yerlesimler.js | Aşkale[1360-01-01→1385-01-01]@yerlesimler_ek29.js
burhaneddin,1398-01-01,4,Kayseri[1381-01-01→1398-07-15]@yerlesimler.js | Samsun[1381-01-01→1398-07-01]@yerlesimler.js | Sivas[1381-01-01→1398-07-15]@yerlesimler.js | Kırşehir[1381-01-01→1398-07-15]@yerlesimler.js
artuklu,1409-01-01,1,Palu[1353-01-01→1465-01-01]@yerlesimler.js
ahiler,1354-01-01,1,Ankara[1281-01-01→1354-08-01]@yerlesimler.js
esrefogullari,1326-01-01,2,Beyşehir[1281-01-01→1326-10-09]@yerlesimler.js | Seydişehir[1281-01-01→1326-10-09]@yerlesimler.js
kazak-hanligi,1847-01-01,6,Aral kuzeyi[1500-01-01→1868-01-01]@yerlesimler_ortaasya2.js | Üstyurt kuzeyi[1644-01-01→1868-01-01]@yerlesimler_ortaasya2.js | Emba (Cem)[1644-01-01→1868-01-01]@yerlesimler_ortaasya2.js | Kazak bozkırı (İşim)[1500-01-01→1868-01-01]@yerlesimler_ek9.js | Kazak bozkırı (Turgay)[1500-01-01→1868-01-01]@yerlesimler_sibirya.js | Kazak bozkırı (Sarısu)[1500-01-01→1868-01-01]@yerlesimler_sibirya.js
ferrara,1859-01-01,1,Modena[1281-01-01→1860-03-18]@yerlesimler_avrupa.js
maratha,1818-06-03,4,Ecmîr (Ajmer)[1756-01-01→1818-06-25]@yerlesimler_asya.js | Mandu (Mândû)[1732-01-01→1923-10-29]@yerlesimler_asya.js | Nagpûr[1743-01-01→1853-12-11]@yerlesimler_asya.js | Satâra[1674-06-06→1848-04-05]@yerlesimler_asya.js
qing-hanedani,1912-02-12,1,Kobdo (Hovd)[1755-01-01→1912-08-20]@yerlesimler_asya.js
toungoo,1752-01-01,19,Pagan[1555-01-01→1752-04-23]@yerlesimler_asya.js | Ava (İnwa)[1555-01-01→1752-04-23]@yerlesimler_asya.js | Toungoo[1510-10-16→1752-04-23]@yerlesimler_asya.js | Prome (Pyay)[1542-05-19→1752-04-23]@yerlesimler_asya.js | Chiang Mai[1558-04-02→1752-04-23]@yerlesimler_asya.js | Bhamo[1555-01-01→1752-04-23]@yerlesimler_gdasya.js | Shwebo[1555-01-01→1752-04-23]@yerlesimler_gdasya.js | Taungdwingyi[1542-05-19→1752-04-23]@yerlesimler_gdasya.js | Myingyan[1555-01-01→1752-04-23]@yerlesimler_gdasya.js | Yenangyaung[1555-01-01→1752-04-23]@yerlesimler_gdasya.js | Katha[1555-01-01→1752-04-23]@yerlesimler_gdasya.js | Meiktila[1555-01-01→1752-04-23]@yerlesimler_gdasya.js | Chiang Rai[1558-04-02→1752-04-23]@yerlesimler_gdasya.js | Nan[1558-04-02→1752-04-23]@yerlesimler_gdasya.js | Minbu[1555-01-01→1752-04-23]@yerlesimler_gdasya.js | Pakokku[1555-01-01→1752-04-23]@yerlesimler_gdasya.js | Myitkyina[1555-01-01→1752-04-23]@yerlesimler_gdasya.js | Pyinmana[1555-01-01→1752-04-23]@yerlesimler_gdasya.js | Mogok[1555-01-01→1752-04-23]@yerlesimler_gdasya.js
yuan-hanedani,1368-09-14,3,Kunming[1281-01-01→1382-01-06]@yerlesimler_asya.js | Dali[1281-01-01→1382-01-06]@yerlesimler_asya.js | Guiyang[1281-01-01→1382-01-06]@yerlesimler_asya.js
cungar,1758-01-01,10,Kaşgar[1705-01-01→1759-01-01]@yerlesimler_asya.js | Yarkent (Şaçe)[1705-01-01→1759-01-01]@yerlesimler_asya.js | Hotan[1705-01-01→1759-01-01]@yerlesimler_asya.js | Kuça (Kuqa)[1705-01-01→1759-01-01]@yerlesimler_asya.js | Aksu (Tarım)[1705-01-01→1759-01-01]@yerlesimler_ortaasya3.js | Uçturfan (Uç Turfan)[1705-01-01→1759-01-01]@yerlesimler_ortaasya3.js | Karaşar (Yanqi)[1705-01-01→1759-01-01]@yerlesimler_ortaasya3.js | Keriya (Yutian)[1705-01-01→1759-01-01]@yerlesimler_ortaasya3.js | Çerçen (Qiemo)[1705-01-01→1759-01-01]@yerlesimler_ortaasya3.js | Çarklık (Ruoqiang)[1705-01-01→1759-01-01]@yerlesimler_ortaasya3.js
ryukyu,1879-03-27,1,Şuri (Naha)[1281-01-01→1879-04-04]@yerlesimler_asya.js
ace-sultanligi,1903-01-01,6,Samudra Pasai[1524-01-01→1903-01-10]@yerlesimler_asya.js | Banda Açe[1496-01-01→1903-01-10]@yerlesimler_asya.js | Barus[1496-01-01→1903-01-10]@yerlesimler_gdasya.js | Meulaboh[1496-01-01→1903-01-10]@yerlesimler_gdasya.js | Sibolga[1496-01-01→1903-01-10]@yerlesimler_gdasya.js | Kuala Simpang[1496-01-01→1903-01-10]@yerlesimler_gdasya.js
malaka-sultanligi,1511-08-10,7,Johor[1400-01-01→1528-01-01]@yerlesimler_asya.js | Bintan (Riau)[1400-01-01→1528-01-01]@yerlesimler_gdasya.js | Muar[1400-01-01→1528-01-01]@yerlesimler_gdasya.js | Jambi[1400-01-01→1528-01-01]@yerlesimler_gdasya.js | Siak Sri Indrapura[1400-01-01→1528-01-01]@yerlesimler_gdasya.js | Medan (Deli)[1400-01-01→1528-01-01]@yerlesimler_gdasya.js | Rengat (Indragiri)[1400-01-01→1528-01-01]@yerlesimler_gdasya.js
ming-hanedani,1644-04-25,17,Tiencin (Tianjin)[1404-01-01→1644-06-06]@yerlesimler_asya.js | Baoding[1368-09-14→1644-06-06]@yerlesimler_asya.js | Zhengding[1368-09-14→1644-06-06]@yerlesimler_asya.js | Kalgan (Zhangjiakou)[1429-01-01→1644-06-06]@yerlesimler_asya.js | Datong[1368-09-14→1644-05-31]@yerlesimler_asya.js | Anyang[1368-09-14→1644-06-06]@yerlesimler_asya.js | Jinan[1368-09-14→1644-06-06]@yerlesimler_asya.js | Qufu[1368-09-14→1644-06-06]@yerlesimler_asya.js | Yantai (Chefoo)[1368-09-14→1644-06-06]@yerlesimler_asya.js | Çengdu (Chengdu)[1368-01-23→1644-09-09]@yerlesimler_asya.js | Çongqing (Chongqing)[1368-01-23→1644-07-01]@yerlesimler_asya.js | Lanzhou[1368-04-01→1644-10-01]@yerlesimler_asya.js | Zhangye (Ganzhou)[1368-04-01→1644-10-01]@yerlesimler_asya.js | Ciyayuguan (Jiayuguan)[1372-01-01→1644-10-01]@yerlesimler_asya.js | Yinchuan (Ningxia)[1368-04-01→1644-10-01]@yerlesimler_asya.js | Penghu (Pescadores)[1624-08-26→1661-04-30]@yerlesimler_asya.js | Şanhayguan[1381-01-01→1644-05-27]@yerlesimler_asya.js
mataram-sultanligi,1755-02-13,1,Surakarta (Solo)[1745-02-17→1811-08-18]@yerlesimler_asya.js
meysur,1799-05-04,0,
vijayanagara,1646-01-01,2,Vellor (Vellore)[1378-01-01→1656-01-01]@yerlesimler_asya.js | Arkot (Arcot)[1378-01-01→1656-01-01]@yerlesimler_asya.js
babur-imparatorlugu,1857-09-21,2,Asîrgarh[1601-01-01→1860-01-01]@yerlesimler_hindistan.js | Burhânpûr[1601-01-01→1860-01-01]@yerlesimler_hindistan.js
galzay,1738-01-01,1,Kandehar[1709-04-21→1738-03-24]@yerlesimler_asya.js
afgan-durrani,1823-01-01,6,Peşâver[1747-06-20→1834-05-06]@yerlesimler_asya.js | Kâbil[1747-06-20→1826-01-01]@yerlesimler_asya.js | Gazne[1747-06-20→1826-01-01]@yerlesimler_asya.js | Kandehar[1747-06-20→1826-01-01]@yerlesimler_asya.js | Herat[1747-06-20→1826-01-01]@yerlesimler_ek16.js | Belh[1751-01-01→1826-01-01]@yerlesimler_ek16.js
gucerat-sultanligi,1573-01-01,6,Sûrat[1407-01-01→1573-02-26]@yerlesimler_asya.js | Kanbâyet (Khambhat)[1407-01-01→1573-02-26]@yerlesimler_asya.js | Cûnâgadh[1472-01-01→1573-02-26]@yerlesimler_asya.js | Çampâner[1484-01-01→1573-02-26]@yerlesimler_asya.js | Broaç (Bharuch)[1407-01-01→1573-02-26]@yerlesimler_asya.js | Baroda (Vadodara)[1407-01-01→1573-02-26]@yerlesimler_hint0912.js
bicapur,1686-09-22,3,Bangalor[1565-01-26→1687-01-01]@yerlesimler_asya.js | Vellor (Vellore)[1656-01-01→1687-09-21]@yerlesimler_asya.js | Arkot (Arcot)[1656-01-01→1687-09-21]@yerlesimler_asya.js
kuzey-yuan,1691-05-30,1,Dunhuang[1524-01-01→1720-01-01]@yerlesimler_asya.js
filipin-racaliklari,1571-06-24,7,Vigan[1281-01-01→1572-01-01]@yerlesimler_gdasya.js | Zamboanga[1281-01-01→1635-01-01]@yerlesimler_gdasya.js | Butuan[1281-01-01→1622-01-01]@yerlesimler_gdasya.js | Naga (Camarines)[1281-01-01→1573-01-01]@yerlesimler_gdasya.js | Legazpi[1281-01-01→1573-01-01]@yerlesimler_gdasya.js | Tuguegarao[1281-01-01→1581-01-01]@yerlesimler_gdasya.js | Puerto Princesa (Palawan)[1281-01-01→1622-01-01]@yerlesimler_gdasya.js
hersek,1482-01-01,0,
piombino,1548-01-01,0,
