yuzyil,anlik,bolge,kara_km2,var_motor,boyayan_anlik,boyayan_yuzyil_herhangi,yogunluk_100bin_km2
-3500..-3401 (MÖ 3501–3402),-3450-06-15,Anadolu,749317,224,0,0,0.0
-3500..-3401 (MÖ 3501–3402),-3450-06-15,Balkanlar,802443,291,0,0,0.0
-3500..-3401 (MÖ 3501–3402),-3450-06-15,Kafkasya,184852,34,0,0,0.0
-3500..-3401 (MÖ 3501–3402),-3450-06-15,Mezopotamya/Irak,439874,37,0,0,0.0
-3500..-3401 (MÖ 3501–3402),-3450-06-15,Levant/Suriye,318722,37,0,0,0.0
-3500..-3401 (MÖ 3501–3402),-3450-06-15,Mısır,991971,56,0,0,0.0
-3500..-3401 (MÖ 3501–3402),-3450-06-15,İran,1541799,98,0,0,0.0
-3500..-3401 (MÖ 3501–3402),-3450-06-15,Orta Asya,4331249,88,0,0,0.0
-3500..-3401 (MÖ 3501–3402),-3450-06-15,Arabistan,2081513,74,0,0,0.0
-3500..-3401 (MÖ 3501–3402),-3450-06-15,Kuzey Afrika,4155603,174,0,0,0.0
-3500..-3401 (MÖ 3501–3402),-3450-06-15,Avrupa-Batı,3033678,317,0,0,0.0
-3500..-3401 (MÖ 3501–3402),-3450-06-15,Avrupa-Orta,987748,103,0,0,0.0
-3500..-3401 (MÖ 3501–3402),-3450-06-15,Avrupa-Doğu,935152,52,0,0,0.0
-3500..-3401 (MÖ 3501–3402),-3450-06-15,Rusya,9332572,170,0,0,0.0
-3500..-3401 (MÖ 3501–3402),-3450-06-15,Hindistan,3463170,99,0,0,0.0
-3500..-3401 (MÖ 3501–3402),-3450-06-15,Çin (+Kore),5299496,121,0,0,0.0
-3500..-3401 (MÖ 3501–3402),-3450-06-15,Japonya,320746,20,0,0,0.0
-3500..-3401 (MÖ 3501–3402),-3450-06-15,Güneydoğu Asya,3705091,195,0,0,0.0
-3500..-3401 (MÖ 3501–3402),-3450-06-15,Sahra-altı Afrika,22181606,353,0,0,0.0
-3500..-3401 (MÖ 3501–3402),-3450-06-15,Amerika-Kuzey,16597931,159,0,0,0.0
-3500..-3401 (MÖ 3501–3402),-3450-06-15,Amerika-Güney,14697488,61,0,0,0.0
-3500..-3401 (MÖ 3501–3402),-3450-06-15,Okyanusya,7649448,60,0,0,0.0
-3400..-3301 (MÖ 3401–3302),-3350-06-15,Anadolu,749317,224,0,0,0.0
-3400..-3301 (MÖ 3401–3302),-3350-06-15,Balkanlar,802443,291,0,0,0.0
-3400..-3301 (MÖ 3401–3302),-3350-06-15,Kafkasya,184852,34,0,0,0.0
-3400..-3301 (MÖ 3401–3302),-3350-06-15,Mezopotamya/Irak,439874,37,0,0,0.0
-3400..-3301 (MÖ 3401–3302),-3350-06-15,Levant/Suriye,318722,37,0,0,0.0
-3400..-3301 (MÖ 3401–3302),-3350-06-15,Mısır,991971,56,0,0,0.0
-3400..-3301 (MÖ 3401–3302),-3350-06-15,İran,1541799,98,0,0,0.0
-3400..-3301 (MÖ 3401–3302),-3350-06-15,Orta Asya,4331249,88,0,0,0.0
-3400..-3301 (MÖ 3401–3302),-3350-06-15,Arabistan,2081513,74,0,0,0.0
-3400..-3301 (MÖ 3401–3302),-3350-06-15,Kuzey Afrika,4155603,174,0,0,0.0
-3400..-3301 (MÖ 3401–3302),-3350-06-15,Avrupa-Batı,3033678,317,0,0,0.0
-3400..-3301 (MÖ 3401–3302),-3350-06-15,Avrupa-Orta,987748,103,0,0,0.0
-3400..-3301 (MÖ 3401–3302),-3350-06-15,Avrupa-Doğu,935152,52,0,0,0.0
-3400..-3301 (MÖ 3401–3302),-3350-06-15,Rusya,9332572,170,0,0,0.0
-3400..-3301 (MÖ 3401–3302),-3350-06-15,Hindistan,3463170,99,0,0,0.0
-3400..-3301 (MÖ 3401–3302),-3350-06-15,Çin (+Kore),5299496,121,0,0,0.0
-3400..-3301 (MÖ 3401–3302),-3350-06-15,Japonya,320746,20,0,0,0.0
-3400..-3301 (MÖ 3401–3302),-3350-06-15,Güneydoğu Asya,3705091,195,0,0,0.0
-3400..-3301 (MÖ 3401–3302),-3350-06-15,Sahra-altı Afrika,22181606,353,0,0,0.0
-3400..-3301 (MÖ 3401–3302),-3350-06-15,Amerika-Kuzey,16597931,159,0,0,0.0
-3400..-3301 (MÖ 3401–3302),-3350-06-15,Amerika-Güney,14697488,61,0,0,0.0
-3400..-3301 (MÖ 3401–3302),-3350-06-15,Okyanusya,7649448,60,0,0,0.0
-3300..-3201 (MÖ 3301–3202),-3250-06-15,Anadolu,749317,224,0,0,0.0
-3300..-3201 (MÖ 3301–3202),-3250-06-15,Balkanlar,802443,291,0,0,0.0
-3300..-3201 (MÖ 3301–3202),-3250-06-15,Kafkasya,184852,34,0,0,0.0
-3300..-3201 (MÖ 3301–3202),-3250-06-15,Mezopotamya/Irak,439874,37,0,0,0.0
-3300..-3201 (MÖ 3301–3202),-3250-06-15,Levant/Suriye,318722,37,0,0,0.0
-3300..-3201 (MÖ 3301–3202),-3250-06-15,Mısır,991971,56,0,0,0.0
-3300..-3201 (MÖ 3301–3202),-3250-06-15,İran,1541799,98,0,0,0.0
-3300..-3201 (MÖ 3301–3202),-3250-06-15,Orta Asya,4331249,88,0,0,0.0
-3300..-3201 (MÖ 3301–3202),-3250-06-15,Arabistan,2081513,74,0,0,0.0
-3300..-3201 (MÖ 3301–3202),-3250-06-15,Kuzey Afrika,4155603,174,0,0,0.0
-3300..-3201 (MÖ 3301–3202),-3250-06-15,Avrupa-Batı,3033678,317,0,0,0.0
-3300..-3201 (MÖ 3301–3202),-3250-06-15,Avrupa-Orta,987748,103,0,0,0.0
-3300..-3201 (MÖ 3301–3202),-3250-06-15,Avrupa-Doğu,935152,52,0,0,0.0
-3300..-3201 (MÖ 3301–3202),-3250-06-15,Rusya,9332572,170,0,0,0.0
-3300..-3201 (MÖ 3301–3202),-3250-06-15,Hindistan,3463170,99,0,0,0.0
-3300..-3201 (MÖ 3301–3202),-3250-06-15,Çin (+Kore),5299496,121,0,0,0.0
-3300..-3201 (MÖ 3301–3202),-3250-06-15,Japonya,320746,20,0,0,0.0
-3300..-3201 (MÖ 3301–3202),-3250-06-15,Güneydoğu Asya,3705091,195,0,0,0.0
-3300..-3201 (MÖ 3301–3202),-3250-06-15,Sahra-altı Afrika,22181606,353,0,0,0.0
-3300..-3201 (MÖ 3301–3202),-3250-06-15,Amerika-Kuzey,16597931,159,0,0,0.0
-3300..-3201 (MÖ 3301–3202),-3250-06-15,Amerika-Güney,14697488,61,0,0,0.0
-3300..-3201 (MÖ 3301–3202),-3250-06-15,Okyanusya,7649448,60,0,0,0.0
-3200..-3101 (MÖ 3201–3102),-3150-06-15,Anadolu,749317,224,0,0,0.0
-3200..-3101 (MÖ 3201–3102),-3150-06-15,Balkanlar,802443,291,0,0,0.0
-3200..-3101 (MÖ 3201–3102),-3150-06-15,Kafkasya,184852,34,0,0,0.0
-3200..-3101 (MÖ 3201–3102),-3150-06-15,Mezopotamya/Irak,439874,37,0,0,0.0
-3200..-3101 (MÖ 3201–3102),-3150-06-15,Levant/Suriye,318722,37,0,0,0.0
-3200..-3101 (MÖ 3201–3102),-3150-06-15,Mısır,991971,56,0,0,0.0
-3200..-3101 (MÖ 3201–3102),-3150-06-15,İran,1541799,98,0,0,0.0
-3200..-3101 (MÖ 3201–3102),-3150-06-15,Orta Asya,4331249,88,0,0,0.0
-3200..-3101 (MÖ 3201–3102),-3150-06-15,Arabistan,2081513,74,0,0,0.0
-3200..-3101 (MÖ 3201–3102),-3150-06-15,Kuzey Afrika,4155603,174,0,0,0.0
-3200..-3101 (MÖ 3201–3102),-3150-06-15,Avrupa-Batı,3033678,317,0,0,0.0
-3200..-3101 (MÖ 3201–3102),-3150-06-15,Avrupa-Orta,987748,103,0,0,0.0
-3200..-3101 (MÖ 3201–3102),-3150-06-15,Avrupa-Doğu,935152,52,0,0,0.0
-3200..-3101 (MÖ 3201–3102),-3150-06-15,Rusya,9332572,170,0,0,0.0
-3200..-3101 (MÖ 3201–3102),-3150-06-15,Hindistan,3463170,99,0,0,0.0
-3200..-3101 (MÖ 3201–3102),-3150-06-15,Çin (+Kore),5299496,121,0,0,0.0
-3200..-3101 (MÖ 3201–3102),-3150-06-15,Japonya,320746,20,0,0,0.0
-3200..-3101 (MÖ 3201–3102),-3150-06-15,Güneydoğu Asya,3705091,195,0,0,0.0
-3200..-3101 (MÖ 3201–3102),-3150-06-15,Sahra-altı Afrika,22181606,353,0,0,0.0
-3200..-3101 (MÖ 3201–3102),-3150-06-15,Amerika-Kuzey,16597931,159,0,0,0.0
-3200..-3101 (MÖ 3201–3102),-3150-06-15,Amerika-Güney,14697488,61,0,0,0.0
-3200..-3101 (MÖ 3201–3102),-3150-06-15,Okyanusya,7649448,60,0,0,0.0
-3100..-3001 (MÖ 3101–3002),-3050-06-15,Anadolu,749317,224,0,0,0.0
-3100..-3001 (MÖ 3101–3002),-3050-06-15,Balkanlar,802443,291,0,0,0.0
-3100..-3001 (MÖ 3101–3002),-3050-06-15,Kafkasya,184852,34,0,0,0.0
-3100..-3001 (MÖ 3101–3002),-3050-06-15,Mezopotamya/Irak,439874,37,0,0,0.0
-3100..-3001 (MÖ 3101–3002),-3050-06-15,Levant/Suriye,318722,37,0,0,0.0
-3100..-3001 (MÖ 3101–3002),-3050-06-15,Mısır,991971,56,0,0,0.0
-3100..-3001 (MÖ 3101–3002),-3050-06-15,İran,1541799,98,0,0,0.0
-3100..-3001 (MÖ 3101–3002),-3050-06-15,Orta Asya,4331249,88,0,0,0.0
-3100..-3001 (MÖ 3101–3002),-3050-06-15,Arabistan,2081513,74,0,0,0.0
-3100..-3001 (MÖ 3101–3002),-3050-06-15,Kuzey Afrika,4155603,174,0,0,0.0
-3100..-3001 (MÖ 3101–3002),-3050-06-15,Avrupa-Batı,3033678,317,0,0,0.0
-3100..-3001 (MÖ 3101–3002),-3050-06-15,Avrupa-Orta,987748,103,0,0,0.0
-3100..-3001 (MÖ 3101–3002),-3050-06-15,Avrupa-Doğu,935152,52,0,0,0.0
-3100..-3001 (MÖ 3101–3002),-3050-06-15,Rusya,9332572,170,0,0,0.0
-3100..-3001 (MÖ 3101–3002),-3050-06-15,Hindistan,3463170,99,0,0,0.0
-3100..-3001 (MÖ 3101–3002),-3050-06-15,Çin (+Kore),5299496,121,0,0,0.0
-3100..-3001 (MÖ 3101–3002),-3050-06-15,Japonya,320746,20,0,0,0.0
-3100..-3001 (MÖ 3101–3002),-3050-06-15,Güneydoğu Asya,3705091,195,0,0,0.0
-3100..-3001 (MÖ 3101–3002),-3050-06-15,Sahra-altı Afrika,22181606,353,0,0,0.0
-3100..-3001 (MÖ 3101–3002),-3050-06-15,Amerika-Kuzey,16597931,159,0,0,0.0
-3100..-3001 (MÖ 3101–3002),-3050-06-15,Amerika-Güney,14697488,61,0,0,0.0
-3100..-3001 (MÖ 3101–3002),-3050-06-15,Okyanusya,7649448,60,0,0,0.0
-3000..-2901 (MÖ 3001–2902),-2950-06-15,Anadolu,749317,224,0,0,0.0
-3000..-2901 (MÖ 3001–2902),-2950-06-15,Balkanlar,802443,291,0,0,0.0
-3000..-2901 (MÖ 3001–2902),-2950-06-15,Kafkasya,184852,34,0,0,0.0
-3000..-2901 (MÖ 3001–2902),-2950-06-15,Mezopotamya/Irak,439874,37,0,0,0.0
-3000..-2901 (MÖ 3001–2902),-2950-06-15,Levant/Suriye,318722,37,0,0,0.0
-3000..-2901 (MÖ 3001–2902),-2950-06-15,Mısır,991971,56,0,0,0.0
-3000..-2901 (MÖ 3001–2902),-2950-06-15,İran,1541799,98,0,0,0.0
-3000..-2901 (MÖ 3001–2902),-2950-06-15,Orta Asya,4331249,88,0,0,0.0
-3000..-2901 (MÖ 3001–2902),-2950-06-15,Arabistan,2081513,74,0,0,0.0
-3000..-2901 (MÖ 3001–2902),-2950-06-15,Kuzey Afrika,4155603,174,0,0,0.0
-3000..-2901 (MÖ 3001–2902),-2950-06-15,Avrupa-Batı,3033678,317,0,0,0.0
-3000..-2901 (MÖ 3001–2902),-2950-06-15,Avrupa-Orta,987748,103,0,0,0.0
-3000..-2901 (MÖ 3001–2902),-2950-06-15,Avrupa-Doğu,935152,52,0,0,0.0
-3000..-2901 (MÖ 3001–2902),-2950-06-15,Rusya,9332572,170,0,0,0.0
-3000..-2901 (MÖ 3001–2902),-2950-06-15,Hindistan,3463170,99,0,0,0.0
-3000..-2901 (MÖ 3001–2902),-2950-06-15,Çin (+Kore),5299496,121,0,0,0.0
-3000..-2901 (MÖ 3001–2902),-2950-06-15,Japonya,320746,20,0,0,0.0
-3000..-2901 (MÖ 3001–2902),-2950-06-15,Güneydoğu Asya,3705091,195,0,0,0.0
-3000..-2901 (MÖ 3001–2902),-2950-06-15,Sahra-altı Afrika,22181606,353,0,0,0.0
-3000..-2901 (MÖ 3001–2902),-2950-06-15,Amerika-Kuzey,16597931,159,0,0,0.0
-3000..-2901 (MÖ 3001–2902),-2950-06-15,Amerika-Güney,14697488,61,0,0,0.0
-3000..-2901 (MÖ 3001–2902),-2950-06-15,Okyanusya,7649448,60,0,0,0.0
-2900..-2801 (MÖ 2901–2802),-2850-06-15,Anadolu,749317,224,0,0,0.0
-2900..-2801 (MÖ 2901–2802),-2850-06-15,Balkanlar,802443,291,0,0,0.0
-2900..-2801 (MÖ 2901–2802),-2850-06-15,Kafkasya,184852,34,0,0,0.0
-2900..-2801 (MÖ 2901–2802),-2850-06-15,Mezopotamya/Irak,439874,37,0,0,0.0
-2900..-2801 (MÖ 2901–2802),-2850-06-15,Levant/Suriye,318722,37,0,0,0.0
-2900..-2801 (MÖ 2901–2802),-2850-06-15,Mısır,991971,56,0,0,0.0
-2900..-2801 (MÖ 2901–2802),-2850-06-15,İran,1541799,98,0,0,0.0
-2900..-2801 (MÖ 2901–2802),-2850-06-15,Orta Asya,4331249,88,0,0,0.0
-2900..-2801 (MÖ 2901–2802),-2850-06-15,Arabistan,2081513,74,0,0,0.0
-2900..-2801 (MÖ 2901–2802),-2850-06-15,Kuzey Afrika,4155603,174,0,0,0.0
-2900..-2801 (MÖ 2901–2802),-2850-06-15,Avrupa-Batı,3033678,317,0,0,0.0
-2900..-2801 (MÖ 2901–2802),-2850-06-15,Avrupa-Orta,987748,103,0,0,0.0
-2900..-2801 (MÖ 2901–2802),-2850-06-15,Avrupa-Doğu,935152,52,0,0,0.0
-2900..-2801 (MÖ 2901–2802),-2850-06-15,Rusya,9332572,170,0,0,0.0
-2900..-2801 (MÖ 2901–2802),-2850-06-15,Hindistan,3463170,99,0,0,0.0
-2900..-2801 (MÖ 2901–2802),-2850-06-15,Çin (+Kore),5299496,121,0,0,0.0
-2900..-2801 (MÖ 2901–2802),-2850-06-15,Japonya,320746,20,0,0,0.0
-2900..-2801 (MÖ 2901–2802),-2850-06-15,Güneydoğu Asya,3705091,195,0,0,0.0
-2900..-2801 (MÖ 2901–2802),-2850-06-15,Sahra-altı Afrika,22181606,353,0,0,0.0
-2900..-2801 (MÖ 2901–2802),-2850-06-15,Amerika-Kuzey,16597931,159,0,0,0.0
-2900..-2801 (MÖ 2901–2802),-2850-06-15,Amerika-Güney,14697488,61,0,0,0.0
-2900..-2801 (MÖ 2901–2802),-2850-06-15,Okyanusya,7649448,60,0,0,0.0
-2800..-2701 (MÖ 2801–2702),-2750-06-15,Anadolu,749317,224,0,0,0.0
-2800..-2701 (MÖ 2801–2702),-2750-06-15,Balkanlar,802443,291,0,0,0.0
-2800..-2701 (MÖ 2801–2702),-2750-06-15,Kafkasya,184852,34,0,0,0.0
-2800..-2701 (MÖ 2801–2702),-2750-06-15,Mezopotamya/Irak,439874,37,0,0,0.0
-2800..-2701 (MÖ 2801–2702),-2750-06-15,Levant/Suriye,318722,37,0,0,0.0
-2800..-2701 (MÖ 2801–2702),-2750-06-15,Mısır,991971,56,0,0,0.0
-2800..-2701 (MÖ 2801–2702),-2750-06-15,İran,1541799,98,0,0,0.0
-2800..-2701 (MÖ 2801–2702),-2750-06-15,Orta Asya,4331249,88,0,0,0.0
-2800..-2701 (MÖ 2801–2702),-2750-06-15,Arabistan,2081513,74,0,0,0.0
-2800..-2701 (MÖ 2801–2702),-2750-06-15,Kuzey Afrika,4155603,174,0,0,0.0
-2800..-2701 (MÖ 2801–2702),-2750-06-15,Avrupa-Batı,3033678,317,0,0,0.0
-2800..-2701 (MÖ 2801–2702),-2750-06-15,Avrupa-Orta,987748,103,0,0,0.0
-2800..-2701 (MÖ 2801–2702),-2750-06-15,Avrupa-Doğu,935152,52,0,0,0.0
-2800..-2701 (MÖ 2801–2702),-2750-06-15,Rusya,9332572,170,0,0,0.0
-2800..-2701 (MÖ 2801–2702),-2750-06-15,Hindistan,3463170,99,0,0,0.0
-2800..-2701 (MÖ 2801–2702),-2750-06-15,Çin (+Kore),5299496,121,0,0,0.0
-2800..-2701 (MÖ 2801–2702),-2750-06-15,Japonya,320746,20,0,0,0.0
-2800..-2701 (MÖ 2801–2702),-2750-06-15,Güneydoğu Asya,3705091,195,0,0,0.0
-2800..-2701 (MÖ 2801–2702),-2750-06-15,Sahra-altı Afrika,22181606,353,0,0,0.0
-2800..-2701 (MÖ 2801–2702),-2750-06-15,Amerika-Kuzey,16597931,159,0,0,0.0
-2800..-2701 (MÖ 2801–2702),-2750-06-15,Amerika-Güney,14697488,61,0,0,0.0
-2800..-2701 (MÖ 2801–2702),-2750-06-15,Okyanusya,7649448,60,0,0,0.0
-2700..-2601 (MÖ 2701–2602),-2650-06-15,Anadolu,749317,224,0,0,0.0
-2700..-2601 (MÖ 2701–2602),-2650-06-15,Balkanlar,802443,291,0,0,0.0
-2700..-2601 (MÖ 2701–2602),-2650-06-15,Kafkasya,184852,34,0,0,0.0
-2700..-2601 (MÖ 2701–2602),-2650-06-15,Mezopotamya/Irak,439874,37,0,0,0.0
-2700..-2601 (MÖ 2701–2602),-2650-06-15,Levant/Suriye,318722,37,0,0,0.0
-2700..-2601 (MÖ 2701–2602),-2650-06-15,Mısır,991971,56,0,0,0.0
-2700..-2601 (MÖ 2701–2602),-2650-06-15,İran,1541799,98,0,0,0.0
-2700..-2601 (MÖ 2701–2602),-2650-06-15,Orta Asya,4331249,88,0,0,0.0
-2700..-2601 (MÖ 2701–2602),-2650-06-15,Arabistan,2081513,74,0,0,0.0
-2700..-2601 (MÖ 2701–2602),-2650-06-15,Kuzey Afrika,4155603,174,0,0,0.0
-2700..-2601 (MÖ 2701–2602),-2650-06-15,Avrupa-Batı,3033678,317,0,0,0.0
-2700..-2601 (MÖ 2701–2602),-2650-06-15,Avrupa-Orta,987748,103,0,0,0.0
-2700..-2601 (MÖ 2701–2602),-2650-06-15,Avrupa-Doğu,935152,52,0,0,0.0
-2700..-2601 (MÖ 2701–2602),-2650-06-15,Rusya,9332572,170,0,0,0.0
-2700..-2601 (MÖ 2701–2602),-2650-06-15,Hindistan,3463170,99,0,0,0.0
-2700..-2601 (MÖ 2701–2602),-2650-06-15,Çin (+Kore),5299496,121,0,0,0.0
-2700..-2601 (MÖ 2701–2602),-2650-06-15,Japonya,320746,20,0,0,0.0
-2700..-2601 (MÖ 2701–2602),-2650-06-15,Güneydoğu Asya,3705091,195,0,0,0.0
-2700..-2601 (MÖ 2701–2602),-2650-06-15,Sahra-altı Afrika,22181606,353,0,0,0.0
-2700..-2601 (MÖ 2701–2602),-2650-06-15,Amerika-Kuzey,16597931,159,0,0,0.0
-2700..-2601 (MÖ 2701–2602),-2650-06-15,Amerika-Güney,14697488,61,0,0,0.0
-2700..-2601 (MÖ 2701–2602),-2650-06-15,Okyanusya,7649448,60,0,0,0.0
-2600..-2501 (MÖ 2601–2502),-2550-06-15,Anadolu,749317,224,0,0,0.0
-2600..-2501 (MÖ 2601–2502),-2550-06-15,Balkanlar,802443,291,0,0,0.0
-2600..-2501 (MÖ 2601–2502),-2550-06-15,Kafkasya,184852,34,0,0,0.0
-2600..-2501 (MÖ 2601–2502),-2550-06-15,Mezopotamya/Irak,439874,37,0,0,0.0
-2600..-2501 (MÖ 2601–2502),-2550-06-15,Levant/Suriye,318722,37,0,0,0.0
-2600..-2501 (MÖ 2601–2502),-2550-06-15,Mısır,991971,56,0,0,0.0
-2600..-2501 (MÖ 2601–2502),-2550-06-15,İran,1541799,98,0,0,0.0
-2600..-2501 (MÖ 2601–2502),-2550-06-15,Orta Asya,4331249,88,0,0,0.0
-2600..-2501 (MÖ 2601–2502),-2550-06-15,Arabistan,2081513,74,0,0,0.0
-2600..-2501 (MÖ 2601–2502),-2550-06-15,Kuzey Afrika,4155603,174,0,0,0.0
-2600..-2501 (MÖ 2601–2502),-2550-06-15,Avrupa-Batı,3033678,317,0,0,0.0
-2600..-2501 (MÖ 2601–2502),-2550-06-15,Avrupa-Orta,987748,103,0,0,0.0
-2600..-2501 (MÖ 2601–2502),-2550-06-15,Avrupa-Doğu,935152,52,0,0,0.0
-2600..-2501 (MÖ 2601–2502),-2550-06-15,Rusya,9332572,170,0,0,0.0
-2600..-2501 (MÖ 2601–2502),-2550-06-15,Hindistan,3463170,99,0,0,0.0
-2600..-2501 (MÖ 2601–2502),-2550-06-15,Çin (+Kore),5299496,121,0,0,0.0
-2600..-2501 (MÖ 2601–2502),-2550-06-15,Japonya,320746,20,0,0,0.0
-2600..-2501 (MÖ 2601–2502),-2550-06-15,Güneydoğu Asya,3705091,195,0,0,0.0
-2600..-2501 (MÖ 2601–2502),-2550-06-15,Sahra-altı Afrika,22181606,353,0,0,0.0
-2600..-2501 (MÖ 2601–2502),-2550-06-15,Amerika-Kuzey,16597931,159,0,0,0.0
-2600..-2501 (MÖ 2601–2502),-2550-06-15,Amerika-Güney,14697488,61,0,0,0.0
-2600..-2501 (MÖ 2601–2502),-2550-06-15,Okyanusya,7649448,60,0,0,0.0
-2500..-2401 (MÖ 2501–2402),-2450-06-15,Anadolu,749317,224,0,0,0.0
-2500..-2401 (MÖ 2501–2402),-2450-06-15,Balkanlar,802443,291,0,0,0.0
-2500..-2401 (MÖ 2501–2402),-2450-06-15,Kafkasya,184852,34,0,0,0.0
-2500..-2401 (MÖ 2501–2402),-2450-06-15,Mezopotamya/Irak,439874,37,0,0,0.0
-2500..-2401 (MÖ 2501–2402),-2450-06-15,Levant/Suriye,318722,37,0,0,0.0
-2500..-2401 (MÖ 2501–2402),-2450-06-15,Mısır,991971,56,0,0,0.0
-2500..-2401 (MÖ 2501–2402),-2450-06-15,İran,1541799,98,0,0,0.0
-2500..-2401 (MÖ 2501–2402),-2450-06-15,Orta Asya,4331249,88,0,0,0.0
-2500..-2401 (MÖ 2501–2402),-2450-06-15,Arabistan,2081513,74,0,0,0.0
-2500..-2401 (MÖ 2501–2402),-2450-06-15,Kuzey Afrika,4155603,174,0,0,0.0
-2500..-2401 (MÖ 2501–2402),-2450-06-15,Avrupa-Batı,3033678,317,0,0,0.0
-2500..-2401 (MÖ 2501–2402),-2450-06-15,Avrupa-Orta,987748,103,0,0,0.0
-2500..-2401 (MÖ 2501–2402),-2450-06-15,Avrupa-Doğu,935152,52,0,0,0.0
-2500..-2401 (MÖ 2501–2402),-2450-06-15,Rusya,9332572,170,0,0,0.0
-2500..-2401 (MÖ 2501–2402),-2450-06-15,Hindistan,3463170,99,0,0,0.0
-2500..-2401 (MÖ 2501–2402),-2450-06-15,Çin (+Kore),5299496,121,0,0,0.0
-2500..-2401 (MÖ 2501–2402),-2450-06-15,Japonya,320746,20,0,0,0.0
-2500..-2401 (MÖ 2501–2402),-2450-06-15,Güneydoğu Asya,3705091,195,0,0,0.0
-2500..-2401 (MÖ 2501–2402),-2450-06-15,Sahra-altı Afrika,22181606,353,0,0,0.0
-2500..-2401 (MÖ 2501–2402),-2450-06-15,Amerika-Kuzey,16597931,159,0,0,0.0
-2500..-2401 (MÖ 2501–2402),-2450-06-15,Amerika-Güney,14697488,61,0,0,0.0
-2500..-2401 (MÖ 2501–2402),-2450-06-15,Okyanusya,7649448,60,0,0,0.0
-2400..-2301 (MÖ 2401–2302),-2350-06-15,Anadolu,749317,224,0,0,0.0
-2400..-2301 (MÖ 2401–2302),-2350-06-15,Balkanlar,802443,291,0,0,0.0
-2400..-2301 (MÖ 2401–2302),-2350-06-15,Kafkasya,184852,34,0,0,0.0
-2400..-2301 (MÖ 2401–2302),-2350-06-15,Mezopotamya/Irak,439874,37,0,0,0.0
-2400..-2301 (MÖ 2401–2302),-2350-06-15,Levant/Suriye,318722,37,0,0,0.0
-2400..-2301 (MÖ 2401–2302),-2350-06-15,Mısır,991971,56,0,0,0.0
-2400..-2301 (MÖ 2401–2302),-2350-06-15,İran,1541799,98,0,0,0.0
-2400..-2301 (MÖ 2401–2302),-2350-06-15,Orta Asya,4331249,88,0,0,0.0
-2400..-2301 (MÖ 2401–2302),-2350-06-15,Arabistan,2081513,74,0,0,0.0
-2400..-2301 (MÖ 2401–2302),-2350-06-15,Kuzey Afrika,4155603,174,0,0,0.0
-2400..-2301 (MÖ 2401–2302),-2350-06-15,Avrupa-Batı,3033678,317,0,0,0.0
-2400..-2301 (MÖ 2401–2302),-2350-06-15,Avrupa-Orta,987748,103,0,0,0.0
-2400..-2301 (MÖ 2401–2302),-2350-06-15,Avrupa-Doğu,935152,52,0,0,0.0
-2400..-2301 (MÖ 2401–2302),-2350-06-15,Rusya,9332572,170,0,0,0.0
-2400..-2301 (MÖ 2401–2302),-2350-06-15,Hindistan,3463170,99,0,0,0.0
-2400..-2301 (MÖ 2401–2302),-2350-06-15,Çin (+Kore),5299496,121,0,0,0.0
-2400..-2301 (MÖ 2401–2302),-2350-06-15,Japonya,320746,20,0,0,0.0
-2400..-2301 (MÖ 2401–2302),-2350-06-15,Güneydoğu Asya,3705091,195,0,0,0.0
-2400..-2301 (MÖ 2401–2302),-2350-06-15,Sahra-altı Afrika,22181606,353,0,0,0.0
-2400..-2301 (MÖ 2401–2302),-2350-06-15,Amerika-Kuzey,16597931,159,0,0,0.0
-2400..-2301 (MÖ 2401–2302),-2350-06-15,Amerika-Güney,14697488,61,0,0,0.0
-2400..-2301 (MÖ 2401–2302),-2350-06-15,Okyanusya,7649448,60,0,0,0.0
-2300..-2201 (MÖ 2301–2202),-2250-06-15,Anadolu,749317,224,0,0,0.0
-2300..-2201 (MÖ 2301–2202),-2250-06-15,Balkanlar,802443,291,0,0,0.0
-2300..-2201 (MÖ 2301–2202),-2250-06-15,Kafkasya,184852,34,0,0,0.0
-2300..-2201 (MÖ 2301–2202),-2250-06-15,Mezopotamya/Irak,439874,37,0,0,0.0
-2300..-2201 (MÖ 2301–2202),-2250-06-15,Levant/Suriye,318722,37,0,0,0.0
-2300..-2201 (MÖ 2301–2202),-2250-06-15,Mısır,991971,56,0,0,0.0
-2300..-2201 (MÖ 2301–2202),-2250-06-15,İran,1541799,98,0,0,0.0
-2300..-2201 (MÖ 2301–2202),-2250-06-15,Orta Asya,4331249,88,0,0,0.0
-2300..-2201 (MÖ 2301–2202),-2250-06-15,Arabistan,2081513,74,0,0,0.0
-2300..-2201 (MÖ 2301–2202),-2250-06-15,Kuzey Afrika,4155603,174,0,0,0.0
-2300..-2201 (MÖ 2301–2202),-2250-06-15,Avrupa-Batı,3033678,317,0,0,0.0
-2300..-2201 (MÖ 2301–2202),-2250-06-15,Avrupa-Orta,987748,103,0,0,0.0
-2300..-2201 (MÖ 2301–2202),-2250-06-15,Avrupa-Doğu,935152,52,0,0,0.0
-2300..-2201 (MÖ 2301–2202),-2250-06-15,Rusya,9332572,170,0,0,0.0
-2300..-2201 (MÖ 2301–2202),-2250-06-15,Hindistan,3463170,99,0,0,0.0
-2300..-2201 (MÖ 2301–2202),-2250-06-15,Çin (+Kore),5299496,121,0,0,0.0
-2300..-2201 (MÖ 2301–2202),-2250-06-15,Japonya,320746,20,0,0,0.0
-2300..-2201 (MÖ 2301–2202),-2250-06-15,Güneydoğu Asya,3705091,195,0,0,0.0
-2300..-2201 (MÖ 2301–2202),-2250-06-15,Sahra-altı Afrika,22181606,353,0,0,0.0
-2300..-2201 (MÖ 2301–2202),-2250-06-15,Amerika-Kuzey,16597931,159,0,0,0.0
-2300..-2201 (MÖ 2301–2202),-2250-06-15,Amerika-Güney,14697488,61,0,0,0.0
-2300..-2201 (MÖ 2301–2202),-2250-06-15,Okyanusya,7649448,60,0,0,0.0
-2200..-2101 (MÖ 2201–2102),-2150-06-15,Anadolu,749317,224,0,0,0.0
-2200..-2101 (MÖ 2201–2102),-2150-06-15,Balkanlar,802443,291,0,0,0.0
-2200..-2101 (MÖ 2201–2102),-2150-06-15,Kafkasya,184852,34,0,0,0.0
-2200..-2101 (MÖ 2201–2102),-2150-06-15,Mezopotamya/Irak,439874,37,0,0,0.0
-2200..-2101 (MÖ 2201–2102),-2150-06-15,Levant/Suriye,318722,37,0,0,0.0
-2200..-2101 (MÖ 2201–2102),-2150-06-15,Mısır,991971,56,0,0,0.0
-2200..-2101 (MÖ 2201–2102),-2150-06-15,İran,1541799,98,0,0,0.0
-2200..-2101 (MÖ 2201–2102),-2150-06-15,Orta Asya,4331249,88,0,0,0.0
-2200..-2101 (MÖ 2201–2102),-2150-06-15,Arabistan,2081513,74,0,0,0.0
-2200..-2101 (MÖ 2201–2102),-2150-06-15,Kuzey Afrika,4155603,174,0,0,0.0
-2200..-2101 (MÖ 2201–2102),-2150-06-15,Avrupa-Batı,3033678,317,0,0,0.0
-2200..-2101 (MÖ 2201–2102),-2150-06-15,Avrupa-Orta,987748,103,0,0,0.0
-2200..-2101 (MÖ 2201–2102),-2150-06-15,Avrupa-Doğu,935152,52,0,0,0.0
-2200..-2101 (MÖ 2201–2102),-2150-06-15,Rusya,9332572,170,0,0,0.0
-2200..-2101 (MÖ 2201–2102),-2150-06-15,Hindistan,3463170,99,0,0,0.0
-2200..-2101 (MÖ 2201–2102),-2150-06-15,Çin (+Kore),5299496,121,0,0,0.0
-2200..-2101 (MÖ 2201–2102),-2150-06-15,Japonya,320746,20,0,0,0.0
-2200..-2101 (MÖ 2201–2102),-2150-06-15,Güneydoğu Asya,3705091,195,0,0,0.0
-2200..-2101 (MÖ 2201–2102),-2150-06-15,Sahra-altı Afrika,22181606,353,0,0,0.0
-2200..-2101 (MÖ 2201–2102),-2150-06-15,Amerika-Kuzey,16597931,159,0,0,0.0
-2200..-2101 (MÖ 2201–2102),-2150-06-15,Amerika-Güney,14697488,61,0,0,0.0
-2200..-2101 (MÖ 2201–2102),-2150-06-15,Okyanusya,7649448,60,0,0,0.0
-2100..-2001 (MÖ 2101–2002),-2050-06-15,Anadolu,749317,224,0,0,0.0
-2100..-2001 (MÖ 2101–2002),-2050-06-15,Balkanlar,802443,291,0,0,0.0
-2100..-2001 (MÖ 2101–2002),-2050-06-15,Kafkasya,184852,34,0,0,0.0
-2100..-2001 (MÖ 2101–2002),-2050-06-15,Mezopotamya/Irak,439874,37,0,0,0.0
-2100..-2001 (MÖ 2101–2002),-2050-06-15,Levant/Suriye,318722,37,0,0,0.0
-2100..-2001 (MÖ 2101–2002),-2050-06-15,Mısır,991971,56,0,0,0.0
-2100..-2001 (MÖ 2101–2002),-2050-06-15,İran,1541799,98,0,0,0.0
-2100..-2001 (MÖ 2101–2002),-2050-06-15,Orta Asya,4331249,88,0,0,0.0
-2100..-2001 (MÖ 2101–2002),-2050-06-15,Arabistan,2081513,74,0,0,0.0
-2100..-2001 (MÖ 2101–2002),-2050-06-15,Kuzey Afrika,4155603,174,0,0,0.0
-2100..-2001 (MÖ 2101–2002),-2050-06-15,Avrupa-Batı,3033678,317,0,0,0.0
-2100..-2001 (MÖ 2101–2002),-2050-06-15,Avrupa-Orta,987748,103,0,0,0.0
-2100..-2001 (MÖ 2101–2002),-2050-06-15,Avrupa-Doğu,935152,52,0,0,0.0
-2100..-2001 (MÖ 2101–2002),-2050-06-15,Rusya,9332572,170,0,0,0.0
-2100..-2001 (MÖ 2101–2002),-2050-06-15,Hindistan,3463170,99,0,0,0.0
-2100..-2001 (MÖ 2101–2002),-2050-06-15,Çin (+Kore),5299496,121,0,0,0.0
-2100..-2001 (MÖ 2101–2002),-2050-06-15,Japonya,320746,20,0,0,0.0
-2100..-2001 (MÖ 2101–2002),-2050-06-15,Güneydoğu Asya,3705091,195,0,0,0.0
-2100..-2001 (MÖ 2101–2002),-2050-06-15,Sahra-altı Afrika,22181606,353,0,0,0.0
-2100..-2001 (MÖ 2101–2002),-2050-06-15,Amerika-Kuzey,16597931,159,0,0,0.0
-2100..-2001 (MÖ 2101–2002),-2050-06-15,Amerika-Güney,14697488,61,0,0,0.0
-2100..-2001 (MÖ 2101–2002),-2050-06-15,Okyanusya,7649448,60,0,0,0.0
-2000..-1901 (MÖ 2001–1902),-1950-06-15,Anadolu,749317,224,0,0,0.0
-2000..-1901 (MÖ 2001–1902),-1950-06-15,Balkanlar,802443,291,0,0,0.0
-2000..-1901 (MÖ 2001–1902),-1950-06-15,Kafkasya,184852,34,0,0,0.0
-2000..-1901 (MÖ 2001–1902),-1950-06-15,Mezopotamya/Irak,439874,37,0,0,0.0
-2000..-1901 (MÖ 2001–1902),-1950-06-15,Levant/Suriye,318722,37,0,0,0.0
-2000..-1901 (MÖ 2001–1902),-1950-06-15,Mısır,991971,56,0,0,0.0
-2000..-1901 (MÖ 2001–1902),-1950-06-15,İran,1541799,98,0,0,0.0
-2000..-1901 (MÖ 2001–1902),-1950-06-15,Orta Asya,4331249,88,0,0,0.0
-2000..-1901 (MÖ 2001–1902),-1950-06-15,Arabistan,2081513,74,0,0,0.0
-2000..-1901 (MÖ 2001–1902),-1950-06-15,Kuzey Afrika,4155603,174,0,0,0.0
-2000..-1901 (MÖ 2001–1902),-1950-06-15,Avrupa-Batı,3033678,317,0,0,0.0
-2000..-1901 (MÖ 2001–1902),-1950-06-15,Avrupa-Orta,987748,103,0,0,0.0
-2000..-1901 (MÖ 2001–1902),-1950-06-15,Avrupa-Doğu,935152,52,0,0,0.0
-2000..-1901 (MÖ 2001–1902),-1950-06-15,Rusya,9332572,170,0,0,0.0
-2000..-1901 (MÖ 2001–1902),-1950-06-15,Hindistan,3463170,99,0,0,0.0
-2000..-1901 (MÖ 2001–1902),-1950-06-15,Çin (+Kore),5299496,121,0,0,0.0
-2000..-1901 (MÖ 2001–1902),-1950-06-15,Japonya,320746,20,0,0,0.0
-2000..-1901 (MÖ 2001–1902),-1950-06-15,Güneydoğu Asya,3705091,195,0,0,0.0
-2000..-1901 (MÖ 2001–1902),-1950-06-15,Sahra-altı Afrika,22181606,353,0,0,0.0
-2000..-1901 (MÖ 2001–1902),-1950-06-15,Amerika-Kuzey,16597931,159,0,0,0.0
-2000..-1901 (MÖ 2001–1902),-1950-06-15,Amerika-Güney,14697488,61,0,0,0.0
-2000..-1901 (MÖ 2001–1902),-1950-06-15,Okyanusya,7649448,60,0,0,0.0
-1900..-1801 (MÖ 1901–1802),-1850-06-15,Anadolu,749317,224,0,0,0.0
-1900..-1801 (MÖ 1901–1802),-1850-06-15,Balkanlar,802443,291,0,0,0.0
-1900..-1801 (MÖ 1901–1802),-1850-06-15,Kafkasya,184852,34,0,0,0.0
-1900..-1801 (MÖ 1901–1802),-1850-06-15,Mezopotamya/Irak,439874,37,0,0,0.0
-1900..-1801 (MÖ 1901–1802),-1850-06-15,Levant/Suriye,318722,37,0,0,0.0
-1900..-1801 (MÖ 1901–1802),-1850-06-15,Mısır,991971,56,0,0,0.0
-1900..-1801 (MÖ 1901–1802),-1850-06-15,İran,1541799,98,0,0,0.0
-1900..-1801 (MÖ 1901–1802),-1850-06-15,Orta Asya,4331249,88,0,0,0.0
-1900..-1801 (MÖ 1901–1802),-1850-06-15,Arabistan,2081513,74,0,0,0.0
-1900..-1801 (MÖ 1901–1802),-1850-06-15,Kuzey Afrika,4155603,174,0,0,0.0
-1900..-1801 (MÖ 1901–1802),-1850-06-15,Avrupa-Batı,3033678,317,0,0,0.0
-1900..-1801 (MÖ 1901–1802),-1850-06-15,Avrupa-Orta,987748,103,0,0,0.0
-1900..-1801 (MÖ 1901–1802),-1850-06-15,Avrupa-Doğu,935152,52,0,0,0.0
-1900..-1801 (MÖ 1901–1802),-1850-06-15,Rusya,9332572,170,0,0,0.0
-1900..-1801 (MÖ 1901–1802),-1850-06-15,Hindistan,3463170,99,0,0,0.0
-1900..-1801 (MÖ 1901–1802),-1850-06-15,Çin (+Kore),5299496,121,0,0,0.0
-1900..-1801 (MÖ 1901–1802),-1850-06-15,Japonya,320746,20,0,0,0.0
-1900..-1801 (MÖ 1901–1802),-1850-06-15,Güneydoğu Asya,3705091,195,0,0,0.0
-1900..-1801 (MÖ 1901–1802),-1850-06-15,Sahra-altı Afrika,22181606,353,0,0,0.0
-1900..-1801 (MÖ 1901–1802),-1850-06-15,Amerika-Kuzey,16597931,159,0,0,0.0
-1900..-1801 (MÖ 1901–1802),-1850-06-15,Amerika-Güney,14697488,61,0,0,0.0
-1900..-1801 (MÖ 1901–1802),-1850-06-15,Okyanusya,7649448,60,0,0,0.0
-1800..-1701 (MÖ 1801–1702),-1750-06-15,Anadolu,749317,224,0,0,0.0
-1800..-1701 (MÖ 1801–1702),-1750-06-15,Balkanlar,802443,291,0,0,0.0
-1800..-1701 (MÖ 1801–1702),-1750-06-15,Kafkasya,184852,34,0,0,0.0
-1800..-1701 (MÖ 1801–1702),-1750-06-15,Mezopotamya/Irak,439874,37,0,0,0.0
-1800..-1701 (MÖ 1801–1702),-1750-06-15,Levant/Suriye,318722,37,0,0,0.0
-1800..-1701 (MÖ 1801–1702),-1750-06-15,Mısır,991971,56,0,0,0.0
-1800..-1701 (MÖ 1801–1702),-1750-06-15,İran,1541799,98,0,0,0.0
-1800..-1701 (MÖ 1801–1702),-1750-06-15,Orta Asya,4331249,88,0,0,0.0
-1800..-1701 (MÖ 1801–1702),-1750-06-15,Arabistan,2081513,74,0,0,0.0
-1800..-1701 (MÖ 1801–1702),-1750-06-15,Kuzey Afrika,4155603,174,0,0,0.0
-1800..-1701 (MÖ 1801–1702),-1750-06-15,Avrupa-Batı,3033678,317,0,0,0.0
-1800..-1701 (MÖ 1801–1702),-1750-06-15,Avrupa-Orta,987748,103,0,0,0.0
-1800..-1701 (MÖ 1801–1702),-1750-06-15,Avrupa-Doğu,935152,52,0,0,0.0
-1800..-1701 (MÖ 1801–1702),-1750-06-15,Rusya,9332572,170,0,0,0.0
-1800..-1701 (MÖ 1801–1702),-1750-06-15,Hindistan,3463170,99,0,0,0.0
-1800..-1701 (MÖ 1801–1702),-1750-06-15,Çin (+Kore),5299496,121,0,0,0.0
-1800..-1701 (MÖ 1801–1702),-1750-06-15,Japonya,320746,20,0,0,0.0
-1800..-1701 (MÖ 1801–1702),-1750-06-15,Güneydoğu Asya,3705091,195,0,0,0.0
-1800..-1701 (MÖ 1801–1702),-1750-06-15,Sahra-altı Afrika,22181606,353,0,0,0.0
-1800..-1701 (MÖ 1801–1702),-1750-06-15,Amerika-Kuzey,16597931,159,0,0,0.0
-1800..-1701 (MÖ 1801–1702),-1750-06-15,Amerika-Güney,14697488,61,0,0,0.0
-1800..-1701 (MÖ 1801–1702),-1750-06-15,Okyanusya,7649448,60,0,0,0.0
-1700..-1601 (MÖ 1701–1602),-1650-06-15,Anadolu,749317,224,0,0,0.0
-1700..-1601 (MÖ 1701–1602),-1650-06-15,Balkanlar,802443,291,0,0,0.0
-1700..-1601 (MÖ 1701–1602),-1650-06-15,Kafkasya,184852,34,0,0,0.0
-1700..-1601 (MÖ 1701–1602),-1650-06-15,Mezopotamya/Irak,439874,37,0,0,0.0
-1700..-1601 (MÖ 1701–1602),-1650-06-15,Levant/Suriye,318722,37,0,0,0.0
-1700..-1601 (MÖ 1701–1602),-1650-06-15,Mısır,991971,56,0,0,0.0
-1700..-1601 (MÖ 1701–1602),-1650-06-15,İran,1541799,98,0,0,0.0
-1700..-1601 (MÖ 1701–1602),-1650-06-15,Orta Asya,4331249,88,0,0,0.0
-1700..-1601 (MÖ 1701–1602),-1650-06-15,Arabistan,2081513,74,0,0,0.0
-1700..-1601 (MÖ 1701–1602),-1650-06-15,Kuzey Afrika,4155603,174,0,0,0.0
-1700..-1601 (MÖ 1701–1602),-1650-06-15,Avrupa-Batı,3033678,317,0,0,0.0
-1700..-1601 (MÖ 1701–1602),-1650-06-15,Avrupa-Orta,987748,103,0,0,0.0
-1700..-1601 (MÖ 1701–1602),-1650-06-15,Avrupa-Doğu,935152,52,0,0,0.0
-1700..-1601 (MÖ 1701–1602),-1650-06-15,Rusya,9332572,170,0,0,0.0
-1700..-1601 (MÖ 1701–1602),-1650-06-15,Hindistan,3463170,99,0,0,0.0
-1700..-1601 (MÖ 1701–1602),-1650-06-15,Çin (+Kore),5299496,121,0,0,0.0
-1700..-1601 (MÖ 1701–1602),-1650-06-15,Japonya,320746,20,0,0,0.0
-1700..-1601 (MÖ 1701–1602),-1650-06-15,Güneydoğu Asya,3705091,195,0,0,0.0
-1700..-1601 (MÖ 1701–1602),-1650-06-15,Sahra-altı Afrika,22181606,353,0,0,0.0
-1700..-1601 (MÖ 1701–1602),-1650-06-15,Amerika-Kuzey,16597931,159,0,0,0.0
-1700..-1601 (MÖ 1701–1602),-1650-06-15,Amerika-Güney,14697488,61,0,0,0.0
-1700..-1601 (MÖ 1701–1602),-1650-06-15,Okyanusya,7649448,60,0,0,0.0
-1600..-1501 (MÖ 1601–1502),-1550-06-15,Anadolu,749317,224,0,0,0.0
-1600..-1501 (MÖ 1601–1502),-1550-06-15,Balkanlar,802443,291,0,0,0.0
-1600..-1501 (MÖ 1601–1502),-1550-06-15,Kafkasya,184852,34,0,0,0.0
-1600..-1501 (MÖ 1601–1502),-1550-06-15,Mezopotamya/Irak,439874,37,0,0,0.0
-1600..-1501 (MÖ 1601–1502),-1550-06-15,Levant/Suriye,318722,37,0,0,0.0
-1600..-1501 (MÖ 1601–1502),-1550-06-15,Mısır,991971,56,0,0,0.0
-1600..-1501 (MÖ 1601–1502),-1550-06-15,İran,1541799,98,0,0,0.0
-1600..-1501 (MÖ 1601–1502),-1550-06-15,Orta Asya,4331249,88,0,0,0.0
-1600..-1501 (MÖ 1601–1502),-1550-06-15,Arabistan,2081513,74,0,0,0.0
-1600..-1501 (MÖ 1601–1502),-1550-06-15,Kuzey Afrika,4155603,174,0,0,0.0
-1600..-1501 (MÖ 1601–1502),-1550-06-15,Avrupa-Batı,3033678,317,0,0,0.0
-1600..-1501 (MÖ 1601–1502),-1550-06-15,Avrupa-Orta,987748,103,0,0,0.0
-1600..-1501 (MÖ 1601–1502),-1550-06-15,Avrupa-Doğu,935152,52,0,0,0.0
-1600..-1501 (MÖ 1601–1502),-1550-06-15,Rusya,9332572,170,0,0,0.0
-1600..-1501 (MÖ 1601–1502),-1550-06-15,Hindistan,3463170,99,0,0,0.0
-1600..-1501 (MÖ 1601–1502),-1550-06-15,Çin (+Kore),5299496,121,0,0,0.0
-1600..-1501 (MÖ 1601–1502),-1550-06-15,Japonya,320746,20,0,0,0.0
-1600..-1501 (MÖ 1601–1502),-1550-06-15,Güneydoğu Asya,3705091,195,0,0,0.0
-1600..-1501 (MÖ 1601–1502),-1550-06-15,Sahra-altı Afrika,22181606,353,0,0,0.0
-1600..-1501 (MÖ 1601–1502),-1550-06-15,Amerika-Kuzey,16597931,159,0,0,0.0
-1600..-1501 (MÖ 1601–1502),-1550-06-15,Amerika-Güney,14697488,61,0,0,0.0
-1600..-1501 (MÖ 1601–1502),-1550-06-15,Okyanusya,7649448,60,0,0,0.0
-1500..-1401 (MÖ 1501–1402),-1450-06-15,Anadolu,749317,224,0,0,0.0
-1500..-1401 (MÖ 1501–1402),-1450-06-15,Balkanlar,802443,291,0,0,0.0
-1500..-1401 (MÖ 1501–1402),-1450-06-15,Kafkasya,184852,34,0,0,0.0
-1500..-1401 (MÖ 1501–1402),-1450-06-15,Mezopotamya/Irak,439874,37,0,0,0.0
-1500..-1401 (MÖ 1501–1402),-1450-06-15,Levant/Suriye,318722,37,0,0,0.0
-1500..-1401 (MÖ 1501–1402),-1450-06-15,Mısır,991971,56,0,0,0.0
-1500..-1401 (MÖ 1501–1402),-1450-06-15,İran,1541799,98,0,0,0.0
-1500..-1401 (MÖ 1501–1402),-1450-06-15,Orta Asya,4331249,88,0,0,0.0
-1500..-1401 (MÖ 1501–1402),-1450-06-15,Arabistan,2081513,74,0,0,0.0
-1500..-1401 (MÖ 1501–1402),-1450-06-15,Kuzey Afrika,4155603,174,0,0,0.0
-1500..-1401 (MÖ 1501–1402),-1450-06-15,Avrupa-Batı,3033678,317,0,0,0.0
-1500..-1401 (MÖ 1501–1402),-1450-06-15,Avrupa-Orta,987748,103,0,0,0.0
-1500..-1401 (MÖ 1501–1402),-1450-06-15,Avrupa-Doğu,935152,52,0,0,0.0
-1500..-1401 (MÖ 1501–1402),-1450-06-15,Rusya,9332572,170,0,0,0.0
-1500..-1401 (MÖ 1501–1402),-1450-06-15,Hindistan,3463170,99,0,0,0.0
-1500..-1401 (MÖ 1501–1402),-1450-06-15,Çin (+Kore),5299496,121,0,0,0.0
-1500..-1401 (MÖ 1501–1402),-1450-06-15,Japonya,320746,20,0,0,0.0
-1500..-1401 (MÖ 1501–1402),-1450-06-15,Güneydoğu Asya,3705091,195,0,0,0.0
-1500..-1401 (MÖ 1501–1402),-1450-06-15,Sahra-altı Afrika,22181606,353,0,0,0.0
-1500..-1401 (MÖ 1501–1402),-1450-06-15,Amerika-Kuzey,16597931,159,0,0,0.0
-1500..-1401 (MÖ 1501–1402),-1450-06-15,Amerika-Güney,14697488,61,0,0,0.0
-1500..-1401 (MÖ 1501–1402),-1450-06-15,Okyanusya,7649448,60,0,0,0.0
-1400..-1301 (MÖ 1401–1302),-1350-06-15,Anadolu,749317,224,0,0,0.0
-1400..-1301 (MÖ 1401–1302),-1350-06-15,Balkanlar,802443,291,0,0,0.0
-1400..-1301 (MÖ 1401–1302),-1350-06-15,Kafkasya,184852,34,0,0,0.0
-1400..-1301 (MÖ 1401–1302),-1350-06-15,Mezopotamya/Irak,439874,37,0,0,0.0
-1400..-1301 (MÖ 1401–1302),-1350-06-15,Levant/Suriye,318722,37,0,0,0.0
-1400..-1301 (MÖ 1401–1302),-1350-06-15,Mısır,991971,56,0,0,0.0
-1400..-1301 (MÖ 1401–1302),-1350-06-15,İran,1541799,98,0,0,0.0
-1400..-1301 (MÖ 1401–1302),-1350-06-15,Orta Asya,4331249,88,0,0,0.0
-1400..-1301 (MÖ 1401–1302),-1350-06-15,Arabistan,2081513,74,0,0,0.0
-1400..-1301 (MÖ 1401–1302),-1350-06-15,Kuzey Afrika,4155603,174,0,0,0.0
-1400..-1301 (MÖ 1401–1302),-1350-06-15,Avrupa-Batı,3033678,317,0,0,0.0
-1400..-1301 (MÖ 1401–1302),-1350-06-15,Avrupa-Orta,987748,103,0,0,0.0
-1400..-1301 (MÖ 1401–1302),-1350-06-15,Avrupa-Doğu,935152,52,0,0,0.0
-1400..-1301 (MÖ 1401–1302),-1350-06-15,Rusya,9332572,170,0,0,0.0
-1400..-1301 (MÖ 1401–1302),-1350-06-15,Hindistan,3463170,99,0,0,0.0
-1400..-1301 (MÖ 1401–1302),-1350-06-15,Çin (+Kore),5299496,121,0,0,0.0
-1400..-1301 (MÖ 1401–1302),-1350-06-15,Japonya,320746,20,0,0,0.0
-1400..-1301 (MÖ 1401–1302),-1350-06-15,Güneydoğu Asya,3705091,195,0,0,0.0
-1400..-1301 (MÖ 1401–1302),-1350-06-15,Sahra-altı Afrika,22181606,353,0,0,0.0
-1400..-1301 (MÖ 1401–1302),-1350-06-15,Amerika-Kuzey,16597931,159,0,0,0.0
-1400..-1301 (MÖ 1401–1302),-1350-06-15,Amerika-Güney,14697488,61,0,0,0.0
-1400..-1301 (MÖ 1401–1302),-1350-06-15,Okyanusya,7649448,60,0,0,0.0
-1300..-1201 (MÖ 1301–1202),-1250-06-15,Anadolu,749317,224,0,0,0.0
-1300..-1201 (MÖ 1301–1202),-1250-06-15,Balkanlar,802443,291,0,0,0.0
-1300..-1201 (MÖ 1301–1202),-1250-06-15,Kafkasya,184852,34,0,0,0.0
-1300..-1201 (MÖ 1301–1202),-1250-06-15,Mezopotamya/Irak,439874,37,0,0,0.0
-1300..-1201 (MÖ 1301–1202),-1250-06-15,Levant/Suriye,318722,37,0,0,0.0
-1300..-1201 (MÖ 1301–1202),-1250-06-15,Mısır,991971,56,0,0,0.0
-1300..-1201 (MÖ 1301–1202),-1250-06-15,İran,1541799,98,0,0,0.0
-1300..-1201 (MÖ 1301–1202),-1250-06-15,Orta Asya,4331249,88,0,0,0.0
-1300..-1201 (MÖ 1301–1202),-1250-06-15,Arabistan,2081513,74,0,0,0.0
-1300..-1201 (MÖ 1301–1202),-1250-06-15,Kuzey Afrika,4155603,174,0,0,0.0
-1300..-1201 (MÖ 1301–1202),-1250-06-15,Avrupa-Batı,3033678,317,0,0,0.0
-1300..-1201 (MÖ 1301–1202),-1250-06-15,Avrupa-Orta,987748,103,0,0,0.0
-1300..-1201 (MÖ 1301–1202),-1250-06-15,Avrupa-Doğu,935152,52,0,0,0.0
-1300..-1201 (MÖ 1301–1202),-1250-06-15,Rusya,9332572,170,0,0,0.0
-1300..-1201 (MÖ 1301–1202),-1250-06-15,Hindistan,3463170,99,0,0,0.0
-1300..-1201 (MÖ 1301–1202),-1250-06-15,Çin (+Kore),5299496,121,0,0,0.0
-1300..-1201 (MÖ 1301–1202),-1250-06-15,Japonya,320746,20,0,0,0.0
-1300..-1201 (MÖ 1301–1202),-1250-06-15,Güneydoğu Asya,3705091,195,0,0,0.0
-1300..-1201 (MÖ 1301–1202),-1250-06-15,Sahra-altı Afrika,22181606,353,0,0,0.0
-1300..-1201 (MÖ 1301–1202),-1250-06-15,Amerika-Kuzey,16597931,159,0,0,0.0
-1300..-1201 (MÖ 1301–1202),-1250-06-15,Amerika-Güney,14697488,61,0,0,0.0
-1300..-1201 (MÖ 1301–1202),-1250-06-15,Okyanusya,7649448,60,0,0,0.0
-1200..-1101 (MÖ 1201–1102),-1150-06-15,Anadolu,749317,224,0,0,0.0
-1200..-1101 (MÖ 1201–1102),-1150-06-15,Balkanlar,802443,291,0,0,0.0
-1200..-1101 (MÖ 1201–1102),-1150-06-15,Kafkasya,184852,34,0,0,0.0
-1200..-1101 (MÖ 1201–1102),-1150-06-15,Mezopotamya/Irak,439874,37,0,0,0.0
-1200..-1101 (MÖ 1201–1102),-1150-06-15,Levant/Suriye,318722,37,0,0,0.0
-1200..-1101 (MÖ 1201–1102),-1150-06-15,Mısır,991971,56,0,0,0.0
-1200..-1101 (MÖ 1201–1102),-1150-06-15,İran,1541799,98,0,0,0.0
-1200..-1101 (MÖ 1201–1102),-1150-06-15,Orta Asya,4331249,88,0,0,0.0
-1200..-1101 (MÖ 1201–1102),-1150-06-15,Arabistan,2081513,74,0,0,0.0
-1200..-1101 (MÖ 1201–1102),-1150-06-15,Kuzey Afrika,4155603,174,0,0,0.0
-1200..-1101 (MÖ 1201–1102),-1150-06-15,Avrupa-Batı,3033678,317,0,0,0.0
-1200..-1101 (MÖ 1201–1102),-1150-06-15,Avrupa-Orta,987748,103,0,0,0.0
-1200..-1101 (MÖ 1201–1102),-1150-06-15,Avrupa-Doğu,935152,52,0,0,0.0
-1200..-1101 (MÖ 1201–1102),-1150-06-15,Rusya,9332572,170,0,0,0.0
-1200..-1101 (MÖ 1201–1102),-1150-06-15,Hindistan,3463170,99,0,0,0.0
-1200..-1101 (MÖ 1201–1102),-1150-06-15,Çin (+Kore),5299496,121,0,0,0.0
-1200..-1101 (MÖ 1201–1102),-1150-06-15,Japonya,320746,20,0,0,0.0
-1200..-1101 (MÖ 1201–1102),-1150-06-15,Güneydoğu Asya,3705091,195,0,0,0.0
-1200..-1101 (MÖ 1201–1102),-1150-06-15,Sahra-altı Afrika,22181606,353,0,0,0.0
-1200..-1101 (MÖ 1201–1102),-1150-06-15,Amerika-Kuzey,16597931,159,0,0,0.0
-1200..-1101 (MÖ 1201–1102),-1150-06-15,Amerika-Güney,14697488,61,0,0,0.0
-1200..-1101 (MÖ 1201–1102),-1150-06-15,Okyanusya,7649448,60,0,0,0.0
-1100..-1001 (MÖ 1101–1002),-1050-06-15,Anadolu,749317,224,0,0,0.0
-1100..-1001 (MÖ 1101–1002),-1050-06-15,Balkanlar,802443,291,0,0,0.0
-1100..-1001 (MÖ 1101–1002),-1050-06-15,Kafkasya,184852,34,0,0,0.0
-1100..-1001 (MÖ 1101–1002),-1050-06-15,Mezopotamya/Irak,439874,37,0,0,0.0
-1100..-1001 (MÖ 1101–1002),-1050-06-15,Levant/Suriye,318722,37,0,0,0.0
-1100..-1001 (MÖ 1101–1002),-1050-06-15,Mısır,991971,56,0,0,0.0
-1100..-1001 (MÖ 1101–1002),-1050-06-15,İran,1541799,98,0,0,0.0
-1100..-1001 (MÖ 1101–1002),-1050-06-15,Orta Asya,4331249,88,0,0,0.0
-1100..-1001 (MÖ 1101–1002),-1050-06-15,Arabistan,2081513,74,0,0,0.0
-1100..-1001 (MÖ 1101–1002),-1050-06-15,Kuzey Afrika,4155603,174,0,0,0.0
-1100..-1001 (MÖ 1101–1002),-1050-06-15,Avrupa-Batı,3033678,317,0,0,0.0
-1100..-1001 (MÖ 1101–1002),-1050-06-15,Avrupa-Orta,987748,103,0,0,0.0
-1100..-1001 (MÖ 1101–1002),-1050-06-15,Avrupa-Doğu,935152,52,0,0,0.0
-1100..-1001 (MÖ 1101–1002),-1050-06-15,Rusya,9332572,170,0,0,0.0
-1100..-1001 (MÖ 1101–1002),-1050-06-15,Hindistan,3463170,99,0,0,0.0
-1100..-1001 (MÖ 1101–1002),-1050-06-15,Çin (+Kore),5299496,121,0,0,0.0
-1100..-1001 (MÖ 1101–1002),-1050-06-15,Japonya,320746,20,0,0,0.0
-1100..-1001 (MÖ 1101–1002),-1050-06-15,Güneydoğu Asya,3705091,195,0,0,0.0
-1100..-1001 (MÖ 1101–1002),-1050-06-15,Sahra-altı Afrika,22181606,353,0,0,0.0
-1100..-1001 (MÖ 1101–1002),-1050-06-15,Amerika-Kuzey,16597931,159,0,0,0.0
-1100..-1001 (MÖ 1101–1002),-1050-06-15,Amerika-Güney,14697488,61,0,0,0.0
-1100..-1001 (MÖ 1101–1002),-1050-06-15,Okyanusya,7649448,60,0,0,0.0
-1000..-901 (MÖ 1001–902),-950-06-15,Anadolu,749317,224,0,0,0.0
-1000..-901 (MÖ 1001–902),-950-06-15,Balkanlar,802443,291,0,0,0.0
-1000..-901 (MÖ 1001–902),-950-06-15,Kafkasya,184852,34,0,0,0.0
-1000..-901 (MÖ 1001–902),-950-06-15,Mezopotamya/Irak,439874,37,0,0,0.0
-1000..-901 (MÖ 1001–902),-950-06-15,Levant/Suriye,318722,37,0,0,0.0
-1000..-901 (MÖ 1001–902),-950-06-15,Mısır,991971,56,0,0,0.0
-1000..-901 (MÖ 1001–902),-950-06-15,İran,1541799,98,0,0,0.0
-1000..-901 (MÖ 1001–902),-950-06-15,Orta Asya,4331249,88,0,0,0.0
-1000..-901 (MÖ 1001–902),-950-06-15,Arabistan,2081513,74,0,0,0.0
-1000..-901 (MÖ 1001–902),-950-06-15,Kuzey Afrika,4155603,174,0,0,0.0
-1000..-901 (MÖ 1001–902),-950-06-15,Avrupa-Batı,3033678,317,0,0,0.0
-1000..-901 (MÖ 1001–902),-950-06-15,Avrupa-Orta,987748,103,0,0,0.0
-1000..-901 (MÖ 1001–902),-950-06-15,Avrupa-Doğu,935152,52,0,0,0.0
-1000..-901 (MÖ 1001–902),-950-06-15,Rusya,9332572,170,0,0,0.0
-1000..-901 (MÖ 1001–902),-950-06-15,Hindistan,3463170,99,0,0,0.0
-1000..-901 (MÖ 1001–902),-950-06-15,Çin (+Kore),5299496,121,0,0,0.0
-1000..-901 (MÖ 1001–902),-950-06-15,Japonya,320746,20,0,0,0.0
-1000..-901 (MÖ 1001–902),-950-06-15,Güneydoğu Asya,3705091,195,0,0,0.0
-1000..-901 (MÖ 1001–902),-950-06-15,Sahra-altı Afrika,22181606,353,0,0,0.0
-1000..-901 (MÖ 1001–902),-950-06-15,Amerika-Kuzey,16597931,159,0,0,0.0
-1000..-901 (MÖ 1001–902),-950-06-15,Amerika-Güney,14697488,61,0,0,0.0
-1000..-901 (MÖ 1001–902),-950-06-15,Okyanusya,7649448,60,0,0,0.0
-900..-801 (MÖ 901–802),-850-06-15,Anadolu,749317,224,0,0,0.0
-900..-801 (MÖ 901–802),-850-06-15,Balkanlar,802443,291,0,0,0.0
-900..-801 (MÖ 901–802),-850-06-15,Kafkasya,184852,34,0,0,0.0
-900..-801 (MÖ 901–802),-850-06-15,Mezopotamya/Irak,439874,37,0,0,0.0
-900..-801 (MÖ 901–802),-850-06-15,Levant/Suriye,318722,37,0,0,0.0
-900..-801 (MÖ 901–802),-850-06-15,Mısır,991971,56,0,0,0.0
-900..-801 (MÖ 901–802),-850-06-15,İran,1541799,98,0,0,0.0
-900..-801 (MÖ 901–802),-850-06-15,Orta Asya,4331249,88,0,0,0.0
-900..-801 (MÖ 901–802),-850-06-15,Arabistan,2081513,74,0,0,0.0
-900..-801 (MÖ 901–802),-850-06-15,Kuzey Afrika,4155603,174,0,0,0.0
-900..-801 (MÖ 901–802),-850-06-15,Avrupa-Batı,3033678,317,0,0,0.0
-900..-801 (MÖ 901–802),-850-06-15,Avrupa-Orta,987748,103,0,0,0.0
-900..-801 (MÖ 901–802),-850-06-15,Avrupa-Doğu,935152,52,0,0,0.0
-900..-801 (MÖ 901–802),-850-06-15,Rusya,9332572,170,0,0,0.0
-900..-801 (MÖ 901–802),-850-06-15,Hindistan,3463170,99,0,0,0.0
-900..-801 (MÖ 901–802),-850-06-15,Çin (+Kore),5299496,121,0,0,0.0
-900..-801 (MÖ 901–802),-850-06-15,Japonya,320746,20,0,0,0.0
-900..-801 (MÖ 901–802),-850-06-15,Güneydoğu Asya,3705091,195,0,0,0.0
-900..-801 (MÖ 901–802),-850-06-15,Sahra-altı Afrika,22181606,353,0,0,0.0
-900..-801 (MÖ 901–802),-850-06-15,Amerika-Kuzey,16597931,159,0,0,0.0
-900..-801 (MÖ 901–802),-850-06-15,Amerika-Güney,14697488,61,0,0,0.0
-900..-801 (MÖ 901–802),-850-06-15,Okyanusya,7649448,60,0,0,0.0
-800..-701 (MÖ 801–702),-750-06-15,Anadolu,749317,224,0,0,0.0
-800..-701 (MÖ 801–702),-750-06-15,Balkanlar,802443,291,0,0,0.0
-800..-701 (MÖ 801–702),-750-06-15,Kafkasya,184852,34,0,0,0.0
-800..-701 (MÖ 801–702),-750-06-15,Mezopotamya/Irak,439874,37,0,0,0.0
-800..-701 (MÖ 801–702),-750-06-15,Levant/Suriye,318722,37,0,0,0.0
-800..-701 (MÖ 801–702),-750-06-15,Mısır,991971,56,0,0,0.0
-800..-701 (MÖ 801–702),-750-06-15,İran,1541799,98,0,0,0.0
-800..-701 (MÖ 801–702),-750-06-15,Orta Asya,4331249,88,0,0,0.0
-800..-701 (MÖ 801–702),-750-06-15,Arabistan,2081513,74,0,0,0.0
-800..-701 (MÖ 801–702),-750-06-15,Kuzey Afrika,4155603,174,0,0,0.0
-800..-701 (MÖ 801–702),-750-06-15,Avrupa-Batı,3033678,317,0,0,0.0
-800..-701 (MÖ 801–702),-750-06-15,Avrupa-Orta,987748,103,0,0,0.0
-800..-701 (MÖ 801–702),-750-06-15,Avrupa-Doğu,935152,52,0,0,0.0
-800..-701 (MÖ 801–702),-750-06-15,Rusya,9332572,170,0,0,0.0
-800..-701 (MÖ 801–702),-750-06-15,Hindistan,3463170,99,0,0,0.0
-800..-701 (MÖ 801–702),-750-06-15,Çin (+Kore),5299496,121,0,0,0.0
-800..-701 (MÖ 801–702),-750-06-15,Japonya,320746,20,0,0,0.0
-800..-701 (MÖ 801–702),-750-06-15,Güneydoğu Asya,3705091,195,0,0,0.0
-800..-701 (MÖ 801–702),-750-06-15,Sahra-altı Afrika,22181606,353,0,0,0.0
-800..-701 (MÖ 801–702),-750-06-15,Amerika-Kuzey,16597931,159,0,0,0.0
-800..-701 (MÖ 801–702),-750-06-15,Amerika-Güney,14697488,61,0,0,0.0
-800..-701 (MÖ 801–702),-750-06-15,Okyanusya,7649448,60,0,0,0.0
-700..-601 (MÖ 701–602),-650-06-15,Anadolu,749317,224,0,0,0.0
-700..-601 (MÖ 701–602),-650-06-15,Balkanlar,802443,291,0,0,0.0
-700..-601 (MÖ 701–602),-650-06-15,Kafkasya,184852,34,0,0,0.0
-700..-601 (MÖ 701–602),-650-06-15,Mezopotamya/Irak,439874,37,0,0,0.0
-700..-601 (MÖ 701–602),-650-06-15,Levant/Suriye,318722,37,0,0,0.0
-700..-601 (MÖ 701–602),-650-06-15,Mısır,991971,56,0,0,0.0
-700..-601 (MÖ 701–602),-650-06-15,İran,1541799,98,0,0,0.0
-700..-601 (MÖ 701–602),-650-06-15,Orta Asya,4331249,88,0,0,0.0
-700..-601 (MÖ 701–602),-650-06-15,Arabistan,2081513,74,0,0,0.0
-700..-601 (MÖ 701–602),-650-06-15,Kuzey Afrika,4155603,174,0,0,0.0
-700..-601 (MÖ 701–602),-650-06-15,Avrupa-Batı,3033678,317,0,0,0.0
-700..-601 (MÖ 701–602),-650-06-15,Avrupa-Orta,987748,103,0,0,0.0
-700..-601 (MÖ 701–602),-650-06-15,Avrupa-Doğu,935152,52,0,0,0.0
-700..-601 (MÖ 701–602),-650-06-15,Rusya,9332572,170,0,0,0.0
-700..-601 (MÖ 701–602),-650-06-15,Hindistan,3463170,99,0,0,0.0
-700..-601 (MÖ 701–602),-650-06-15,Çin (+Kore),5299496,121,0,0,0.0
-700..-601 (MÖ 701–602),-650-06-15,Japonya,320746,20,0,0,0.0
-700..-601 (MÖ 701–602),-650-06-15,Güneydoğu Asya,3705091,195,0,0,0.0
-700..-601 (MÖ 701–602),-650-06-15,Sahra-altı Afrika,22181606,353,0,0,0.0
-700..-601 (MÖ 701–602),-650-06-15,Amerika-Kuzey,16597931,159,0,0,0.0
-700..-601 (MÖ 701–602),-650-06-15,Amerika-Güney,14697488,61,0,0,0.0
-700..-601 (MÖ 701–602),-650-06-15,Okyanusya,7649448,60,0,0,0.0
-600..-501 (MÖ 601–502),-550-06-15,Anadolu,749317,224,0,0,0.0
-600..-501 (MÖ 601–502),-550-06-15,Balkanlar,802443,291,0,0,0.0
-600..-501 (MÖ 601–502),-550-06-15,Kafkasya,184852,34,0,0,0.0
-600..-501 (MÖ 601–502),-550-06-15,Mezopotamya/Irak,439874,37,0,0,0.0
-600..-501 (MÖ 601–502),-550-06-15,Levant/Suriye,318722,37,0,0,0.0
-600..-501 (MÖ 601–502),-550-06-15,Mısır,991971,56,0,0,0.0
-600..-501 (MÖ 601–502),-550-06-15,İran,1541799,98,0,0,0.0
-600..-501 (MÖ 601–502),-550-06-15,Orta Asya,4331249,88,0,0,0.0
-600..-501 (MÖ 601–502),-550-06-15,Arabistan,2081513,74,0,0,0.0
-600..-501 (MÖ 601–502),-550-06-15,Kuzey Afrika,4155603,174,0,0,0.0
-600..-501 (MÖ 601–502),-550-06-15,Avrupa-Batı,3033678,317,0,0,0.0
-600..-501 (MÖ 601–502),-550-06-15,Avrupa-Orta,987748,103,0,0,0.0
-600..-501 (MÖ 601–502),-550-06-15,Avrupa-Doğu,935152,52,0,0,0.0
-600..-501 (MÖ 601–502),-550-06-15,Rusya,9332572,170,0,0,0.0
-600..-501 (MÖ 601–502),-550-06-15,Hindistan,3463170,99,0,0,0.0
-600..-501 (MÖ 601–502),-550-06-15,Çin (+Kore),5299496,121,0,0,0.0
-600..-501 (MÖ 601–502),-550-06-15,Japonya,320746,20,0,0,0.0
-600..-501 (MÖ 601–502),-550-06-15,Güneydoğu Asya,3705091,195,0,0,0.0
-600..-501 (MÖ 601–502),-550-06-15,Sahra-altı Afrika,22181606,353,0,0,0.0
-600..-501 (MÖ 601–502),-550-06-15,Amerika-Kuzey,16597931,159,0,0,0.0
-600..-501 (MÖ 601–502),-550-06-15,Amerika-Güney,14697488,61,0,0,0.0
-600..-501 (MÖ 601–502),-550-06-15,Okyanusya,7649448,60,0,0,0.0
-500..-401 (MÖ 501–402),-450-06-15,Anadolu,749317,224,0,0,0.0
-500..-401 (MÖ 501–402),-450-06-15,Balkanlar,802443,291,0,0,0.0
-500..-401 (MÖ 501–402),-450-06-15,Kafkasya,184852,34,0,0,0.0
-500..-401 (MÖ 501–402),-450-06-15,Mezopotamya/Irak,439874,37,0,0,0.0
-500..-401 (MÖ 501–402),-450-06-15,Levant/Suriye,318722,37,0,0,0.0
-500..-401 (MÖ 501–402),-450-06-15,Mısır,991971,56,0,0,0.0
-500..-401 (MÖ 501–402),-450-06-15,İran,1541799,98,0,0,0.0
-500..-401 (MÖ 501–402),-450-06-15,Orta Asya,4331249,88,0,0,0.0
-500..-401 (MÖ 501–402),-450-06-15,Arabistan,2081513,74,0,0,0.0
-500..-401 (MÖ 501–402),-450-06-15,Kuzey Afrika,4155603,174,0,0,0.0
-500..-401 (MÖ 501–402),-450-06-15,Avrupa-Batı,3033678,317,0,0,0.0
-500..-401 (MÖ 501–402),-450-06-15,Avrupa-Orta,987748,103,0,0,0.0
-500..-401 (MÖ 501–402),-450-06-15,Avrupa-Doğu,935152,52,0,0,0.0
-500..-401 (MÖ 501–402),-450-06-15,Rusya,9332572,170,0,0,0.0
-500..-401 (MÖ 501–402),-450-06-15,Hindistan,3463170,99,0,0,0.0
-500..-401 (MÖ 501–402),-450-06-15,Çin (+Kore),5299496,121,0,0,0.0
-500..-401 (MÖ 501–402),-450-06-15,Japonya,320746,20,0,0,0.0
-500..-401 (MÖ 501–402),-450-06-15,Güneydoğu Asya,3705091,195,0,0,0.0
-500..-401 (MÖ 501–402),-450-06-15,Sahra-altı Afrika,22181606,353,0,0,0.0
-500..-401 (MÖ 501–402),-450-06-15,Amerika-Kuzey,16597931,159,0,0,0.0
-500..-401 (MÖ 501–402),-450-06-15,Amerika-Güney,14697488,61,0,0,0.0
-500..-401 (MÖ 501–402),-450-06-15,Okyanusya,7649448,60,0,0,0.0
-400..-301 (MÖ 401–302),-350-06-15,Anadolu,749317,224,0,0,0.0
-400..-301 (MÖ 401–302),-350-06-15,Balkanlar,802443,291,0,0,0.0
-400..-301 (MÖ 401–302),-350-06-15,Kafkasya,184852,34,0,0,0.0
-400..-301 (MÖ 401–302),-350-06-15,Mezopotamya/Irak,439874,37,0,0,0.0
-400..-301 (MÖ 401–302),-350-06-15,Levant/Suriye,318722,37,0,0,0.0
-400..-301 (MÖ 401–302),-350-06-15,Mısır,991971,56,0,0,0.0
-400..-301 (MÖ 401–302),-350-06-15,İran,1541799,98,0,0,0.0
-400..-301 (MÖ 401–302),-350-06-15,Orta Asya,4331249,88,0,0,0.0
-400..-301 (MÖ 401–302),-350-06-15,Arabistan,2081513,74,0,0,0.0
-400..-301 (MÖ 401–302),-350-06-15,Kuzey Afrika,4155603,174,0,0,0.0
-400..-301 (MÖ 401–302),-350-06-15,Avrupa-Batı,3033678,317,0,0,0.0
-400..-301 (MÖ 401–302),-350-06-15,Avrupa-Orta,987748,103,0,0,0.0
-400..-301 (MÖ 401–302),-350-06-15,Avrupa-Doğu,935152,52,0,0,0.0
-400..-301 (MÖ 401–302),-350-06-15,Rusya,9332572,170,0,0,0.0
-400..-301 (MÖ 401–302),-350-06-15,Hindistan,3463170,99,0,0,0.0
-400..-301 (MÖ 401–302),-350-06-15,Çin (+Kore),5299496,121,0,0,0.0
-400..-301 (MÖ 401–302),-350-06-15,Japonya,320746,20,0,0,0.0
-400..-301 (MÖ 401–302),-350-06-15,Güneydoğu Asya,3705091,195,0,0,0.0
-400..-301 (MÖ 401–302),-350-06-15,Sahra-altı Afrika,22181606,353,0,0,0.0
-400..-301 (MÖ 401–302),-350-06-15,Amerika-Kuzey,16597931,159,0,0,0.0
-400..-301 (MÖ 401–302),-350-06-15,Amerika-Güney,14697488,61,0,0,0.0
-400..-301 (MÖ 401–302),-350-06-15,Okyanusya,7649448,60,0,0,0.0
-300..-201 (MÖ 301–202),-250-06-15,Anadolu,749317,224,0,0,0.0
-300..-201 (MÖ 301–202),-250-06-15,Balkanlar,802443,291,0,0,0.0
-300..-201 (MÖ 301–202),-250-06-15,Kafkasya,184852,34,0,0,0.0
-300..-201 (MÖ 301–202),-250-06-15,Mezopotamya/Irak,439874,37,0,0,0.0
-300..-201 (MÖ 301–202),-250-06-15,Levant/Suriye,318722,37,0,0,0.0
-300..-201 (MÖ 301–202),-250-06-15,Mısır,991971,56,0,0,0.0
-300..-201 (MÖ 301–202),-250-06-15,İran,1541799,98,0,0,0.0
-300..-201 (MÖ 301–202),-250-06-15,Orta Asya,4331249,88,0,0,0.0
-300..-201 (MÖ 301–202),-250-06-15,Arabistan,2081513,74,0,0,0.0
-300..-201 (MÖ 301–202),-250-06-15,Kuzey Afrika,4155603,174,0,0,0.0
-300..-201 (MÖ 301–202),-250-06-15,Avrupa-Batı,3033678,317,0,0,0.0
-300..-201 (MÖ 301–202),-250-06-15,Avrupa-Orta,987748,103,0,0,0.0
-300..-201 (MÖ 301–202),-250-06-15,Avrupa-Doğu,935152,52,0,0,0.0
-300..-201 (MÖ 301–202),-250-06-15,Rusya,9332572,170,0,0,0.0
-300..-201 (MÖ 301–202),-250-06-15,Hindistan,3463170,99,0,0,0.0
-300..-201 (MÖ 301–202),-250-06-15,Çin (+Kore),5299496,121,0,0,0.0
-300..-201 (MÖ 301–202),-250-06-15,Japonya,320746,20,0,0,0.0
-300..-201 (MÖ 301–202),-250-06-15,Güneydoğu Asya,3705091,195,0,0,0.0
-300..-201 (MÖ 301–202),-250-06-15,Sahra-altı Afrika,22181606,353,0,0,0.0
-300..-201 (MÖ 301–202),-250-06-15,Amerika-Kuzey,16597931,159,0,0,0.0
-300..-201 (MÖ 301–202),-250-06-15,Amerika-Güney,14697488,61,0,0,0.0
-300..-201 (MÖ 301–202),-250-06-15,Okyanusya,7649448,60,0,0,0.0
-200..-101 (MÖ 201–102),-150-06-15,Anadolu,749317,224,0,0,0.0
-200..-101 (MÖ 201–102),-150-06-15,Balkanlar,802443,291,0,0,0.0
-200..-101 (MÖ 201–102),-150-06-15,Kafkasya,184852,34,0,0,0.0
-200..-101 (MÖ 201–102),-150-06-15,Mezopotamya/Irak,439874,37,0,0,0.0
-200..-101 (MÖ 201–102),-150-06-15,Levant/Suriye,318722,37,0,0,0.0
-200..-101 (MÖ 201–102),-150-06-15,Mısır,991971,56,0,0,0.0
-200..-101 (MÖ 201–102),-150-06-15,İran,1541799,98,0,0,0.0
-200..-101 (MÖ 201–102),-150-06-15,Orta Asya,4331249,88,0,0,0.0
-200..-101 (MÖ 201–102),-150-06-15,Arabistan,2081513,74,0,0,0.0
-200..-101 (MÖ 201–102),-150-06-15,Kuzey Afrika,4155603,174,0,0,0.0
-200..-101 (MÖ 201–102),-150-06-15,Avrupa-Batı,3033678,317,0,0,0.0
-200..-101 (MÖ 201–102),-150-06-15,Avrupa-Orta,987748,103,0,0,0.0
-200..-101 (MÖ 201–102),-150-06-15,Avrupa-Doğu,935152,52,0,0,0.0
-200..-101 (MÖ 201–102),-150-06-15,Rusya,9332572,170,0,0,0.0
-200..-101 (MÖ 201–102),-150-06-15,Hindistan,3463170,99,0,0,0.0
-200..-101 (MÖ 201–102),-150-06-15,Çin (+Kore),5299496,121,0,0,0.0
-200..-101 (MÖ 201–102),-150-06-15,Japonya,320746,20,0,0,0.0
-200..-101 (MÖ 201–102),-150-06-15,Güneydoğu Asya,3705091,195,0,0,0.0
-200..-101 (MÖ 201–102),-150-06-15,Sahra-altı Afrika,22181606,353,0,0,0.0
-200..-101 (MÖ 201–102),-150-06-15,Amerika-Kuzey,16597931,159,0,0,0.0
-200..-101 (MÖ 201–102),-150-06-15,Amerika-Güney,14697488,61,0,0,0.0
-200..-101 (MÖ 201–102),-150-06-15,Okyanusya,7649448,60,0,0,0.0
-100..-1 (MÖ 101–2),-50-06-15,Anadolu,749317,224,0,0,0.0
-100..-1 (MÖ 101–2),-50-06-15,Balkanlar,802443,291,0,0,0.0
-100..-1 (MÖ 101–2),-50-06-15,Kafkasya,184852,34,0,0,0.0
-100..-1 (MÖ 101–2),-50-06-15,Mezopotamya/Irak,439874,37,0,0,0.0
-100..-1 (MÖ 101–2),-50-06-15,Levant/Suriye,318722,37,0,0,0.0
-100..-1 (MÖ 101–2),-50-06-15,Mısır,991971,56,0,0,0.0
-100..-1 (MÖ 101–2),-50-06-15,İran,1541799,98,0,0,0.0
-100..-1 (MÖ 101–2),-50-06-15,Orta Asya,4331249,88,0,0,0.0
-100..-1 (MÖ 101–2),-50-06-15,Arabistan,2081513,74,0,0,0.0
-100..-1 (MÖ 101–2),-50-06-15,Kuzey Afrika,4155603,174,0,0,0.0
-100..-1 (MÖ 101–2),-50-06-15,Avrupa-Batı,3033678,317,0,0,0.0
-100..-1 (MÖ 101–2),-50-06-15,Avrupa-Orta,987748,103,0,0,0.0
-100..-1 (MÖ 101–2),-50-06-15,Avrupa-Doğu,935152,52,0,0,0.0
-100..-1 (MÖ 101–2),-50-06-15,Rusya,9332572,170,0,0,0.0
-100..-1 (MÖ 101–2),-50-06-15,Hindistan,3463170,99,0,0,0.0
-100..-1 (MÖ 101–2),-50-06-15,Çin (+Kore),5299496,121,0,0,0.0
-100..-1 (MÖ 101–2),-50-06-15,Japonya,320746,20,0,0,0.0
-100..-1 (MÖ 101–2),-50-06-15,Güneydoğu Asya,3705091,195,0,0,0.0
-100..-1 (MÖ 101–2),-50-06-15,Sahra-altı Afrika,22181606,353,0,0,0.0
-100..-1 (MÖ 101–2),-50-06-15,Amerika-Kuzey,16597931,159,0,0,0.0
-100..-1 (MÖ 101–2),-50-06-15,Amerika-Güney,14697488,61,0,0,0.0
-100..-1 (MÖ 101–2),-50-06-15,Okyanusya,7649448,60,0,0,0.0
0..99,50-06-15,Anadolu,749317,224,0,0,0.0
0..99,50-06-15,Balkanlar,802443,291,0,0,0.0
0..99,50-06-15,Kafkasya,184852,34,0,0,0.0
0..99,50-06-15,Mezopotamya/Irak,439874,37,0,0,0.0
0..99,50-06-15,Levant/Suriye,318722,37,0,0,0.0
0..99,50-06-15,Mısır,991971,56,0,0,0.0
0..99,50-06-15,İran,1541799,98,0,0,0.0
0..99,50-06-15,Orta Asya,4331249,88,0,0,0.0
0..99,50-06-15,Arabistan,2081513,74,0,0,0.0
0..99,50-06-15,Kuzey Afrika,4155603,174,0,0,0.0
0..99,50-06-15,Avrupa-Batı,3033678,317,0,0,0.0
0..99,50-06-15,Avrupa-Orta,987748,103,0,0,0.0
0..99,50-06-15,Avrupa-Doğu,935152,52,0,0,0.0
0..99,50-06-15,Rusya,9332572,170,0,0,0.0
0..99,50-06-15,Hindistan,3463170,99,0,0,0.0
0..99,50-06-15,Çin (+Kore),5299496,121,0,0,0.0
0..99,50-06-15,Japonya,320746,20,0,0,0.0
0..99,50-06-15,Güneydoğu Asya,3705091,195,0,0,0.0
0..99,50-06-15,Sahra-altı Afrika,22181606,353,0,0,0.0
0..99,50-06-15,Amerika-Kuzey,16597931,159,0,0,0.0
0..99,50-06-15,Amerika-Güney,14697488,61,0,0,0.0
0..99,50-06-15,Okyanusya,7649448,60,0,0,0.0
100..199,150-06-15,Anadolu,749317,224,0,0,0.0
100..199,150-06-15,Balkanlar,802443,291,0,0,0.0
100..199,150-06-15,Kafkasya,184852,34,0,0,0.0
100..199,150-06-15,Mezopotamya/Irak,439874,37,0,0,0.0
100..199,150-06-15,Levant/Suriye,318722,37,0,0,0.0
100..199,150-06-15,Mısır,991971,56,0,0,0.0
100..199,150-06-15,İran,1541799,98,0,0,0.0
100..199,150-06-15,Orta Asya,4331249,88,0,0,0.0
100..199,150-06-15,Arabistan,2081513,74,0,0,0.0
100..199,150-06-15,Kuzey Afrika,4155603,174,0,0,0.0
100..199,150-06-15,Avrupa-Batı,3033678,317,0,0,0.0
100..199,150-06-15,Avrupa-Orta,987748,103,0,0,0.0
100..199,150-06-15,Avrupa-Doğu,935152,52,0,0,0.0
100..199,150-06-15,Rusya,9332572,170,0,0,0.0
100..199,150-06-15,Hindistan,3463170,99,0,0,0.0
100..199,150-06-15,Çin (+Kore),5299496,121,0,0,0.0
100..199,150-06-15,Japonya,320746,20,0,0,0.0
100..199,150-06-15,Güneydoğu Asya,3705091,195,0,0,0.0
100..199,150-06-15,Sahra-altı Afrika,22181606,353,0,0,0.0
100..199,150-06-15,Amerika-Kuzey,16597931,159,0,0,0.0
100..199,150-06-15,Amerika-Güney,14697488,61,0,0,0.0
100..199,150-06-15,Okyanusya,7649448,60,0,0,0.0
200..299,250-06-15,Anadolu,749317,224,0,0,0.0
200..299,250-06-15,Balkanlar,802443,291,0,0,0.0
200..299,250-06-15,Kafkasya,184852,34,0,0,0.0
200..299,250-06-15,Mezopotamya/Irak,439874,37,0,0,0.0
200..299,250-06-15,Levant/Suriye,318722,37,0,0,0.0
200..299,250-06-15,Mısır,991971,56,0,0,0.0
200..299,250-06-15,İran,1541799,98,0,0,0.0
200..299,250-06-15,Orta Asya,4331249,88,0,0,0.0
200..299,250-06-15,Arabistan,2081513,74,0,0,0.0
200..299,250-06-15,Kuzey Afrika,4155603,174,0,0,0.0
200..299,250-06-15,Avrupa-Batı,3033678,317,0,0,0.0
200..299,250-06-15,Avrupa-Orta,987748,103,0,0,0.0
200..299,250-06-15,Avrupa-Doğu,935152,52,0,0,0.0
200..299,250-06-15,Rusya,9332572,170,0,0,0.0
200..299,250-06-15,Hindistan,3463170,99,0,0,0.0
200..299,250-06-15,Çin (+Kore),5299496,121,0,0,0.0
200..299,250-06-15,Japonya,320746,20,0,0,0.0
200..299,250-06-15,Güneydoğu Asya,3705091,195,0,0,0.0
200..299,250-06-15,Sahra-altı Afrika,22181606,353,0,0,0.0
200..299,250-06-15,Amerika-Kuzey,16597931,159,0,0,0.0
200..299,250-06-15,Amerika-Güney,14697488,61,0,0,0.0
200..299,250-06-15,Okyanusya,7649448,60,0,0,0.0
300..399,350-06-15,Anadolu,749317,224,0,0,0.0
300..399,350-06-15,Balkanlar,802443,291,0,0,0.0
300..399,350-06-15,Kafkasya,184852,34,0,0,0.0
300..399,350-06-15,Mezopotamya/Irak,439874,37,0,0,0.0
300..399,350-06-15,Levant/Suriye,318722,37,0,0,0.0
300..399,350-06-15,Mısır,991971,56,0,0,0.0
300..399,350-06-15,İran,1541799,98,0,0,0.0
300..399,350-06-15,Orta Asya,4331249,88,0,0,0.0
300..399,350-06-15,Arabistan,2081513,74,0,0,0.0
300..399,350-06-15,Kuzey Afrika,4155603,174,0,0,0.0
300..399,350-06-15,Avrupa-Batı,3033678,317,0,0,0.0
300..399,350-06-15,Avrupa-Orta,987748,103,0,0,0.0
300..399,350-06-15,Avrupa-Doğu,935152,52,0,0,0.0
300..399,350-06-15,Rusya,9332572,170,0,0,0.0
300..399,350-06-15,Hindistan,3463170,99,0,0,0.0
300..399,350-06-15,Çin (+Kore),5299496,121,0,0,0.0
300..399,350-06-15,Japonya,320746,20,0,0,0.0
300..399,350-06-15,Güneydoğu Asya,3705091,195,0,0,0.0
300..399,350-06-15,Sahra-altı Afrika,22181606,353,0,0,0.0
300..399,350-06-15,Amerika-Kuzey,16597931,159,0,0,0.0
300..399,350-06-15,Amerika-Güney,14697488,61,0,0,0.0
300..399,350-06-15,Okyanusya,7649448,60,0,0,0.0
400..499,450-06-15,Anadolu,749317,224,0,0,0.0
400..499,450-06-15,Balkanlar,802443,291,0,0,0.0
400..499,450-06-15,Kafkasya,184852,34,0,0,0.0
400..499,450-06-15,Mezopotamya/Irak,439874,37,0,0,0.0
400..499,450-06-15,Levant/Suriye,318722,37,0,0,0.0
400..499,450-06-15,Mısır,991971,56,0,0,0.0
400..499,450-06-15,İran,1541799,98,0,0,0.0
400..499,450-06-15,Orta Asya,4331249,88,0,0,0.0
400..499,450-06-15,Arabistan,2081513,74,0,0,0.0
400..499,450-06-15,Kuzey Afrika,4155603,174,0,0,0.0
400..499,450-06-15,Avrupa-Batı,3033678,317,0,0,0.0
400..499,450-06-15,Avrupa-Orta,987748,103,0,0,0.0
400..499,450-06-15,Avrupa-Doğu,935152,52,0,0,0.0
400..499,450-06-15,Rusya,9332572,170,0,0,0.0
400..499,450-06-15,Hindistan,3463170,99,0,0,0.0
400..499,450-06-15,Çin (+Kore),5299496,121,0,0,0.0
400..499,450-06-15,Japonya,320746,20,0,0,0.0
400..499,450-06-15,Güneydoğu Asya,3705091,195,0,0,0.0
400..499,450-06-15,Sahra-altı Afrika,22181606,353,0,0,0.0
400..499,450-06-15,Amerika-Kuzey,16597931,159,0,0,0.0
400..499,450-06-15,Amerika-Güney,14697488,61,0,0,0.0
400..499,450-06-15,Okyanusya,7649448,60,0,0,0.0
500..599,550-06-15,Anadolu,749317,224,0,0,0.0
500..599,550-06-15,Balkanlar,802443,291,0,0,0.0
500..599,550-06-15,Kafkasya,184852,34,0,0,0.0
500..599,550-06-15,Mezopotamya/Irak,439874,37,0,0,0.0
500..599,550-06-15,Levant/Suriye,318722,37,0,0,0.0
500..599,550-06-15,Mısır,991971,56,0,0,0.0
500..599,550-06-15,İran,1541799,98,0,0,0.0
500..599,550-06-15,Orta Asya,4331249,88,0,0,0.0
500..599,550-06-15,Arabistan,2081513,74,0,0,0.0
500..599,550-06-15,Kuzey Afrika,4155603,174,0,0,0.0
500..599,550-06-15,Avrupa-Batı,3033678,317,0,0,0.0
500..599,550-06-15,Avrupa-Orta,987748,103,0,0,0.0
500..599,550-06-15,Avrupa-Doğu,935152,52,0,0,0.0
500..599,550-06-15,Rusya,9332572,170,0,0,0.0
500..599,550-06-15,Hindistan,3463170,99,0,0,0.0
500..599,550-06-15,Çin (+Kore),5299496,121,0,0,0.0
500..599,550-06-15,Japonya,320746,20,0,0,0.0
500..599,550-06-15,Güneydoğu Asya,3705091,195,0,0,0.0
500..599,550-06-15,Sahra-altı Afrika,22181606,353,0,0,0.0
500..599,550-06-15,Amerika-Kuzey,16597931,159,0,0,0.0
500..599,550-06-15,Amerika-Güney,14697488,61,0,0,0.0
500..599,550-06-15,Okyanusya,7649448,60,0,0,0.0
600..699,650-06-15,Anadolu,749317,224,0,0,0.0
600..699,650-06-15,Balkanlar,802443,291,0,0,0.0
600..699,650-06-15,Kafkasya,184852,34,0,0,0.0
600..699,650-06-15,Mezopotamya/Irak,439874,37,0,0,0.0
600..699,650-06-15,Levant/Suriye,318722,37,0,0,0.0
600..699,650-06-15,Mısır,991971,56,0,0,0.0
600..699,650-06-15,İran,1541799,98,0,0,0.0
600..699,650-06-15,Orta Asya,4331249,88,0,0,0.0
600..699,650-06-15,Arabistan,2081513,74,0,0,0.0
600..699,650-06-15,Kuzey Afrika,4155603,174,0,0,0.0
600..699,650-06-15,Avrupa-Batı,3033678,317,0,0,0.0
600..699,650-06-15,Avrupa-Orta,987748,103,0,0,0.0
600..699,650-06-15,Avrupa-Doğu,935152,52,0,0,0.0
600..699,650-06-15,Rusya,9332572,170,0,0,0.0
600..699,650-06-15,Hindistan,3463170,99,0,0,0.0
600..699,650-06-15,Çin (+Kore),5299496,121,0,0,0.0
600..699,650-06-15,Japonya,320746,20,0,0,0.0
600..699,650-06-15,Güneydoğu Asya,3705091,195,0,0,0.0
600..699,650-06-15,Sahra-altı Afrika,22181606,353,0,0,0.0
600..699,650-06-15,Amerika-Kuzey,16597931,159,0,0,0.0
600..699,650-06-15,Amerika-Güney,14697488,61,0,0,0.0
600..699,650-06-15,Okyanusya,7649448,60,0,0,0.0
700..799,750-06-15,Anadolu,749317,224,0,0,0.0
700..799,750-06-15,Balkanlar,802443,291,0,0,0.0
700..799,750-06-15,Kafkasya,184852,34,0,0,0.0
700..799,750-06-15,Mezopotamya/Irak,439874,37,0,0,0.0
700..799,750-06-15,Levant/Suriye,318722,37,0,0,0.0
700..799,750-06-15,Mısır,991971,56,0,0,0.0
700..799,750-06-15,İran,1541799,98,0,0,0.0
700..799,750-06-15,Orta Asya,4331249,88,0,0,0.0
700..799,750-06-15,Arabistan,2081513,74,0,0,0.0
700..799,750-06-15,Kuzey Afrika,4155603,174,0,0,0.0
700..799,750-06-15,Avrupa-Batı,3033678,317,0,0,0.0
700..799,750-06-15,Avrupa-Orta,987748,103,0,0,0.0
700..799,750-06-15,Avrupa-Doğu,935152,52,0,0,0.0
700..799,750-06-15,Rusya,9332572,170,0,0,0.0
700..799,750-06-15,Hindistan,3463170,99,0,0,0.0
700..799,750-06-15,Çin (+Kore),5299496,121,0,0,0.0
700..799,750-06-15,Japonya,320746,20,0,0,0.0
700..799,750-06-15,Güneydoğu Asya,3705091,195,0,0,0.0
700..799,750-06-15,Sahra-altı Afrika,22181606,353,0,0,0.0
700..799,750-06-15,Amerika-Kuzey,16597931,159,0,0,0.0
700..799,750-06-15,Amerika-Güney,14697488,61,0,0,0.0
700..799,750-06-15,Okyanusya,7649448,60,0,0,0.0
800..899,850-06-15,Anadolu,749317,224,0,0,0.0
800..899,850-06-15,Balkanlar,802443,291,0,0,0.0
800..899,850-06-15,Kafkasya,184852,34,0,0,0.0
800..899,850-06-15,Mezopotamya/Irak,439874,37,0,0,0.0
800..899,850-06-15,Levant/Suriye,318722,37,0,0,0.0
800..899,850-06-15,Mısır,991971,56,0,0,0.0
800..899,850-06-15,İran,1541799,98,0,0,0.0
800..899,850-06-15,Orta Asya,4331249,88,0,0,0.0
800..899,850-06-15,Arabistan,2081513,74,0,0,0.0
800..899,850-06-15,Kuzey Afrika,4155603,174,0,0,0.0
800..899,850-06-15,Avrupa-Batı,3033678,317,0,0,0.0
800..899,850-06-15,Avrupa-Orta,987748,103,0,0,0.0
800..899,850-06-15,Avrupa-Doğu,935152,52,0,0,0.0
800..899,850-06-15,Rusya,9332572,170,0,0,0.0
800..899,850-06-15,Hindistan,3463170,99,0,0,0.0
800..899,850-06-15,Çin (+Kore),5299496,121,0,0,0.0
800..899,850-06-15,Japonya,320746,20,0,0,0.0
800..899,850-06-15,Güneydoğu Asya,3705091,195,0,0,0.0
800..899,850-06-15,Sahra-altı Afrika,22181606,353,0,0,0.0
800..899,850-06-15,Amerika-Kuzey,16597931,159,0,0,0.0
800..899,850-06-15,Amerika-Güney,14697488,61,0,0,0.0
800..899,850-06-15,Okyanusya,7649448,60,0,0,0.0
900..999,950-06-15,Anadolu,749317,224,0,0,0.0
900..999,950-06-15,Balkanlar,802443,291,0,0,0.0
900..999,950-06-15,Kafkasya,184852,34,0,0,0.0
900..999,950-06-15,Mezopotamya/Irak,439874,37,0,0,0.0
900..999,950-06-15,Levant/Suriye,318722,37,0,0,0.0
900..999,950-06-15,Mısır,991971,56,0,0,0.0
900..999,950-06-15,İran,1541799,98,0,0,0.0
900..999,950-06-15,Orta Asya,4331249,88,0,0,0.0
900..999,950-06-15,Arabistan,2081513,74,0,0,0.0
900..999,950-06-15,Kuzey Afrika,4155603,174,0,0,0.0
900..999,950-06-15,Avrupa-Batı,3033678,317,0,0,0.0
900..999,950-06-15,Avrupa-Orta,987748,103,0,0,0.0
900..999,950-06-15,Avrupa-Doğu,935152,52,0,0,0.0
900..999,950-06-15,Rusya,9332572,170,0,0,0.0
900..999,950-06-15,Hindistan,3463170,99,0,0,0.0
900..999,950-06-15,Çin (+Kore),5299496,121,0,0,0.0
900..999,950-06-15,Japonya,320746,20,0,0,0.0
900..999,950-06-15,Güneydoğu Asya,3705091,195,0,0,0.0
900..999,950-06-15,Sahra-altı Afrika,22181606,353,0,0,0.0
900..999,950-06-15,Amerika-Kuzey,16597931,159,0,0,0.0
900..999,950-06-15,Amerika-Güney,14697488,61,0,0,0.0
900..999,950-06-15,Okyanusya,7649448,60,0,0,0.0
1000..1099,1050-06-15,Anadolu,749317,224,0,0,0.0
1000..1099,1050-06-15,Balkanlar,802443,291,0,0,0.0
1000..1099,1050-06-15,Kafkasya,184852,34,0,0,0.0
1000..1099,1050-06-15,Mezopotamya/Irak,439874,37,0,0,0.0
1000..1099,1050-06-15,Levant/Suriye,318722,37,0,0,0.0
1000..1099,1050-06-15,Mısır,991971,56,0,0,0.0
1000..1099,1050-06-15,İran,1541799,98,0,0,0.0
1000..1099,1050-06-15,Orta Asya,4331249,88,0,0,0.0
1000..1099,1050-06-15,Arabistan,2081513,74,0,0,0.0
1000..1099,1050-06-15,Kuzey Afrika,4155603,174,0,0,0.0
1000..1099,1050-06-15,Avrupa-Batı,3033678,317,0,0,0.0
1000..1099,1050-06-15,Avrupa-Orta,987748,103,0,0,0.0
1000..1099,1050-06-15,Avrupa-Doğu,935152,52,0,0,0.0
1000..1099,1050-06-15,Rusya,9332572,170,0,0,0.0
1000..1099,1050-06-15,Hindistan,3463170,99,0,0,0.0
1000..1099,1050-06-15,Çin (+Kore),5299496,121,0,0,0.0
1000..1099,1050-06-15,Japonya,320746,20,0,0,0.0
1000..1099,1050-06-15,Güneydoğu Asya,3705091,195,0,0,0.0
1000..1099,1050-06-15,Sahra-altı Afrika,22181606,353,0,0,0.0
1000..1099,1050-06-15,Amerika-Kuzey,16597931,159,0,0,0.0
1000..1099,1050-06-15,Amerika-Güney,14697488,61,0,0,0.0
1000..1099,1050-06-15,Okyanusya,7649448,60,0,0,0.0
1100..1199,1150-06-15,Anadolu,749317,224,0,0,0.0
1100..1199,1150-06-15,Balkanlar,802443,291,0,0,0.0
1100..1199,1150-06-15,Kafkasya,184852,34,0,0,0.0
1100..1199,1150-06-15,Mezopotamya/Irak,439874,37,0,0,0.0
1100..1199,1150-06-15,Levant/Suriye,318722,37,0,0,0.0
1100..1199,1150-06-15,Mısır,991971,56,0,0,0.0
1100..1199,1150-06-15,İran,1541799,98,0,0,0.0
1100..1199,1150-06-15,Orta Asya,4331249,88,0,0,0.0
1100..1199,1150-06-15,Arabistan,2081513,74,0,0,0.0
1100..1199,1150-06-15,Kuzey Afrika,4155603,174,0,0,0.0
1100..1199,1150-06-15,Avrupa-Batı,3033678,317,0,0,0.0
1100..1199,1150-06-15,Avrupa-Orta,987748,103,0,0,0.0
1100..1199,1150-06-15,Avrupa-Doğu,935152,52,0,0,0.0
1100..1199,1150-06-15,Rusya,9332572,170,0,0,0.0
1100..1199,1150-06-15,Hindistan,3463170,99,0,0,0.0
1100..1199,1150-06-15,Çin (+Kore),5299496,121,0,0,0.0
1100..1199,1150-06-15,Japonya,320746,20,0,0,0.0
1100..1199,1150-06-15,Güneydoğu Asya,3705091,195,0,0,0.0
1100..1199,1150-06-15,Sahra-altı Afrika,22181606,353,0,0,0.0
1100..1199,1150-06-15,Amerika-Kuzey,16597931,159,0,0,0.0
1100..1199,1150-06-15,Amerika-Güney,14697488,61,0,0,0.0
1100..1199,1150-06-15,Okyanusya,7649448,60,0,0,0.0
1200..1299,1290-06-15 (pencere kırpık),Anadolu,749317,224,224,224,29.894
1200..1299,1290-06-15 (pencere kırpık),Balkanlar,802443,291,289,289,36.015
1200..1299,1290-06-15 (pencere kırpık),Kafkasya,184852,33,33,33,17.852
1200..1299,1290-06-15 (pencere kırpık),Mezopotamya/Irak,439874,37,35,35,7.957
1200..1299,1290-06-15 (pencere kırpık),Levant/Suriye,318722,36,36,36,11.295
1200..1299,1290-06-15 (pencere kırpık),Mısır,991971,56,55,55,5.545
1200..1299,1290-06-15 (pencere kırpık),İran,1541799,98,98,98,6.356
1200..1299,1290-06-15 (pencere kırpık),Orta Asya,4331249,88,73,73,1.685
1200..1299,1290-06-15 (pencere kırpık),Arabistan,2081513,74,52,52,2.498
1200..1299,1290-06-15 (pencere kırpık),Kuzey Afrika,4155603,174,152,152,3.658
1200..1299,1290-06-15 (pencere kırpık),Avrupa-Batı,3033678,317,311,311,10.252
1200..1299,1290-06-15 (pencere kırpık),Avrupa-Orta,987748,103,103,103,10.428
1200..1299,1290-06-15 (pencere kırpık),Avrupa-Doğu,935152,52,52,52,5.561
1200..1299,1290-06-15 (pencere kırpık),Rusya,9332572,170,135,135,1.447
1200..1299,1290-06-15 (pencere kırpık),Hindistan,3463170,99,95,95,2.743
1200..1299,1290-06-15 (pencere kırpık),Çin (+Kore),5299496,121,119,119,2.245
1200..1299,1290-06-15 (pencere kırpık),Japonya,320746,20,18,18,5.612
1200..1299,1290-06-15 (pencere kırpık),Güneydoğu Asya,3705091,195,172,174,4.642
1200..1299,1290-06-15 (pencere kırpık),Sahra-altı Afrika,22181606,354,277,277,1.249
1200..1299,1290-06-15 (pencere kırpık),Amerika-Kuzey,16597931,159,133,133,0.801
1200..1299,1290-06-15 (pencere kırpık),Amerika-Güney,14697488,62,12,12,0.082
1200..1299,1290-06-15 (pencere kırpık),Okyanusya,7649448,61,1,1,0.013
1300..1399,1350-06-15,Anadolu,749317,225,225,226,30.027
1300..1399,1350-06-15,Balkanlar,802443,291,289,292,36.015
1300..1399,1350-06-15,Kafkasya,184852,33,33,33,17.852
1300..1399,1350-06-15,Mezopotamya/Irak,439874,37,35,35,7.957
1300..1399,1350-06-15,Levant/Suriye,318722,36,36,36,11.295
1300..1399,1350-06-15,Mısır,991971,56,55,55,5.545
1300..1399,1350-06-15,İran,1541799,99,99,99,6.421
1300..1399,1350-06-15,Orta Asya,4331249,88,73,73,1.685
1300..1399,1350-06-15,Arabistan,2081513,74,52,52,2.498
1300..1399,1350-06-15,Kuzey Afrika,4155603,174,152,152,3.658
1300..1399,1350-06-15,Avrupa-Batı,3033678,317,311,316,10.252
1300..1399,1350-06-15,Avrupa-Orta,987748,103,103,103,10.428
1300..1399,1350-06-15,Avrupa-Doğu,935152,52,52,53,5.561
1300..1399,1350-06-15,Rusya,9332572,171,136,137,1.457
1300..1399,1350-06-15,Hindistan,3463170,100,97,100,2.801
1300..1399,1350-06-15,Çin (+Kore),5299496,121,120,122,2.264
1300..1399,1350-06-15,Japonya,320746,20,18,19,5.612
1300..1399,1350-06-15,Güneydoğu Asya,3705091,200,177,189,4.777
1300..1399,1350-06-15,Sahra-altı Afrika,22181606,359,283,288,1.276
1300..1399,1350-06-15,Amerika-Kuzey,16597931,162,136,137,0.819
1300..1399,1350-06-15,Amerika-Güney,14697488,62,12,12,0.082
1300..1399,1350-06-15,Okyanusya,7649448,63,1,1,0.013
1400..1499,1450-06-15,Anadolu,749317,227,227,229,30.294
1400..1499,1450-06-15,Balkanlar,802443,294,294,298,36.638
1400..1499,1450-06-15,Kafkasya,184852,33,33,33,17.852
1400..1499,1450-06-15,Mezopotamya/Irak,439874,37,35,35,7.957
1400..1499,1450-06-15,Levant/Suriye,318722,36,36,36,11.295
1400..1499,1450-06-15,Mısır,991971,56,55,55,5.545
1400..1499,1450-06-15,İran,1541799,98,98,98,6.356
1400..1499,1450-06-15,Orta Asya,4331249,86,71,71,1.639
1400..1499,1450-06-15,Arabistan,2081513,74,53,53,2.546
1400..1499,1450-06-15,Kuzey Afrika,4155603,174,152,154,3.658
1400..1499,1450-06-15,Avrupa-Batı,3033678,317,316,316,10.416
1400..1499,1450-06-15,Avrupa-Orta,987748,103,103,103,10.428
1400..1499,1450-06-15,Avrupa-Doğu,935152,55,53,55,5.668
1400..1499,1450-06-15,Rusya,9332572,174,135,140,1.447
1400..1499,1450-06-15,Hindistan,3463170,104,101,105,2.916
1400..1499,1450-06-15,Çin (+Kore),5299496,126,125,125,2.359
1400..1499,1450-06-15,Japonya,320746,21,19,20,5.924
1400..1499,1450-06-15,Güneydoğu Asya,3705091,207,194,199,5.236
1400..1499,1450-06-15,Sahra-altı Afrika,22181606,372,299,305,1.348
1400..1499,1450-06-15,Amerika-Kuzey,16597931,163,142,145,0.856
1400..1499,1450-06-15,Amerika-Güney,14697488,64,14,18,0.095
1400..1499,1450-06-15,Okyanusya,7649448,63,1,1,0.013
1500..1599,1550-06-15,Anadolu,749317,230,230,230,30.695
1500..1599,1550-06-15,Balkanlar,802443,299,299,300,37.261
1500..1599,1550-06-15,Kafkasya,184852,33,33,33,17.852
1500..1599,1550-06-15,Mezopotamya/Irak,439874,37,35,35,7.957
1500..1599,1550-06-15,Levant/Suriye,318722,36,36,36,11.295
1500..1599,1550-06-15,Mısır,991971,56,55,55,5.545
1500..1599,1550-06-15,İran,1541799,101,101,101,6.551
1500..1599,1550-06-15,Orta Asya,4331249,87,71,72,1.639
1500..1599,1550-06-15,Arabistan,2081513,74,53,54,2.546
1500..1599,1550-06-15,Kuzey Afrika,4155603,176,154,162,3.706
1500..1599,1550-06-15,Avrupa-Batı,3033678,319,318,318,10.482
1500..1599,1550-06-15,Avrupa-Orta,987748,103,103,104,10.428
1500..1599,1550-06-15,Avrupa-Doğu,935152,56,54,56,5.774
1500..1599,1550-06-15,Rusya,9332572,175,137,159,1.468
1500..1599,1550-06-15,Hindistan,3463170,112,108,114,3.119
1500..1599,1550-06-15,Çin (+Kore),5299496,126,125,126,2.359
1500..1599,1550-06-15,Japonya,320746,23,23,27,7.171
1500..1599,1550-06-15,Güneydoğu Asya,3705091,214,202,203,5.452
1500..1599,1550-06-15,Sahra-altı Afrika,22181606,393,324,328,1.461
1500..1599,1550-06-15,Amerika-Kuzey,16597931,187,169,185,1.018
1500..1599,1550-06-15,Amerika-Güney,14697488,89,42,71,0.286
1500..1599,1550-06-15,Okyanusya,7649448,63,1,1,0.013
1600..1699,1650-06-15,Anadolu,749317,230,230,231,30.695
1600..1699,1650-06-15,Balkanlar,802443,300,300,300,37.386
1600..1699,1650-06-15,Kafkasya,184852,33,33,33,17.852
1600..1699,1650-06-15,Mezopotamya/Irak,439874,37,35,35,7.957
1600..1699,1650-06-15,Levant/Suriye,318722,36,36,36,11.295
1600..1699,1650-06-15,Mısır,991971,56,55,55,5.545
1600..1699,1650-06-15,İran,1541799,104,104,104,6.745
1600..1699,1650-06-15,Orta Asya,4331249,89,77,78,1.778
1600..1699,1650-06-15,Arabistan,2081513,74,54,54,2.594
1600..1699,1650-06-15,Kuzey Afrika,4155603,176,162,162,3.898
1600..1699,1650-06-15,Avrupa-Batı,3033678,321,320,320,10.548
1600..1699,1650-06-15,Avrupa-Orta,987748,104,104,104,10.529
1600..1699,1650-06-15,Avrupa-Doğu,935152,60,58,62,6.202
1600..1699,1650-06-15,Rusya,9332572,235,208,244,2.229
1600..1699,1650-06-15,Hindistan,3463170,118,114,117,3.292
1600..1699,1650-06-15,Çin (+Kore),5299496,128,127,132,2.396
1600..1699,1650-06-15,Japonya,320746,33,33,33,10.289
1600..1699,1650-06-15,Güneydoğu Asya,3705091,218,206,207,5.56
1600..1699,1650-06-15,Sahra-altı Afrika,22181606,438,369,392,1.664
1600..1699,1650-06-15,Amerika-Kuzey,16597931,220,204,237,1.229
1600..1699,1650-06-15,Amerika-Güney,14697488,133,86,108,0.585
1600..1699,1650-06-15,Okyanusya,7649448,63,1,3,0.013
1700..1799,1750-06-15,Anadolu,749317,231,231,231,30.828
1700..1799,1750-06-15,Balkanlar,802443,300,300,300,37.386
1700..1799,1750-06-15,Kafkasya,184852,33,33,34,17.852
1700..1799,1750-06-15,Mezopotamya/Irak,439874,38,36,36,8.184
1700..1799,1750-06-15,Levant/Suriye,318722,36,36,36,11.295
1700..1799,1750-06-15,Mısır,991971,56,55,55,5.545
1700..1799,1750-06-15,İran,1541799,105,105,105,6.81
1700..1799,1750-06-15,Orta Asya,4331249,90,77,77,1.778
1700..1799,1750-06-15,Arabistan,2081513,74,59,64,2.834
1700..1799,1750-06-15,Kuzey Afrika,4155603,176,162,163,3.898
1700..1799,1750-06-15,Avrupa-Batı,3033678,321,320,320,10.548
1700..1799,1750-06-15,Avrupa-Orta,987748,104,104,104,10.529
1700..1799,1750-06-15,Avrupa-Doğu,935152,63,63,64,6.737
1700..1799,1750-06-15,Rusya,9332572,292,272,279,2.915
1700..1799,1750-06-15,Hindistan,3463170,130,129,131,3.725
1700..1799,1750-06-15,Çin (+Kore),5299496,138,137,140,2.585
1700..1799,1750-06-15,Japonya,320746,33,33,33,10.289
1700..1799,1750-06-15,Güneydoğu Asya,3705091,222,210,214,5.668
1700..1799,1750-06-15,Sahra-altı Afrika,22181606,509,435,442,1.961
1700..1799,1750-06-15,Amerika-Kuzey,16597931,287,274,336,1.651
1700..1799,1750-06-15,Amerika-Güney,14697488,178,141,178,0.959
1700..1799,1750-06-15,Okyanusya,7649448,63,3,4,0.039
1800..1899,1850-06-15,Anadolu,749317,231,231,232,30.828
1800..1899,1850-06-15,Balkanlar,802443,300,300,300,37.386
1800..1899,1850-06-15,Kafkasya,184852,34,34,34,18.393
1800..1899,1850-06-15,Mezopotamya/Irak,439874,38,36,38,8.184
1800..1899,1850-06-15,Levant/Suriye,318722,36,36,36,11.295
1800..1899,1850-06-15,Mısır,991971,56,55,57,5.545
1800..1899,1850-06-15,İran,1541799,108,108,108,7.005
1800..1899,1850-06-15,Orta Asya,4331249,91,77,91,1.778
1800..1899,1850-06-15,Arabistan,2081513,76,67,71,3.219
1800..1899,1850-06-15,Kuzey Afrika,4155603,177,163,165,3.922
1800..1899,1850-06-15,Avrupa-Batı,3033678,321,320,320,10.548
1800..1899,1850-06-15,Avrupa-Orta,987748,104,104,104,10.529
1800..1899,1850-06-15,Avrupa-Doğu,935152,65,65,65,6.951
1800..1899,1850-06-15,Rusya,9332572,302,282,303,3.022
1800..1899,1850-06-15,Hindistan,3463170,132,130,132,3.754
1800..1899,1850-06-15,Çin (+Kore),5299496,142,142,144,2.68
1800..1899,1850-06-15,Japonya,320746,33,33,34,10.289
1800..1899,1850-06-15,Güneydoğu Asya,3705091,227,208,229,5.614
1800..1899,1850-06-15,Sahra-altı Afrika,22181606,571,498,628,2.245
1800..1899,1850-06-15,Amerika-Kuzey,16597931,442,432,489,2.603
1800..1899,1850-06-15,Amerika-Güney,14697488,241,205,296,1.395
1800..1899,1850-06-15,Okyanusya,7649448,96,36,130,0.471
1900..1999,1911-06-15 (pencere kırpık),Anadolu,749317,232,232,232,30.962
1900..1999,1911-06-15 (pencere kırpık),Balkanlar,802443,300,300,300,37.386
1900..1999,1911-06-15 (pencere kırpık),Kafkasya,184852,34,34,34,18.393
1900..1999,1911-06-15 (pencere kırpık),Mezopotamya/Irak,439874,40,38,38,8.639
1900..1999,1911-06-15 (pencere kırpık),Levant/Suriye,318722,36,36,36,11.295
1900..1999,1911-06-15 (pencere kırpık),Mısır,991971,58,57,57,5.746
1900..1999,1911-06-15 (pencere kırpık),İran,1541799,108,108,108,7.005
1900..1999,1911-06-15 (pencere kırpık),Orta Asya,4331249,95,91,91,2.101
1900..1999,1911-06-15 (pencere kırpık),Arabistan,2081513,76,71,71,3.411
1900..1999,1911-06-15 (pencere kırpık),Kuzey Afrika,4155603,180,166,168,3.995
1900..1999,1911-06-15 (pencere kırpık),Avrupa-Batı,3033678,321,320,320,10.548
1900..1999,1911-06-15 (pencere kırpık),Avrupa-Orta,987748,104,104,104,10.529
1900..1999,1911-06-15 (pencere kırpık),Avrupa-Doğu,935152,65,65,65,6.951
1900..1999,1911-06-15 (pencere kırpık),Rusya,9332572,314,303,303,3.247
1900..1999,1911-06-15 (pencere kırpık),Hindistan,3463170,132,132,132,3.812
1900..1999,1911-06-15 (pencere kırpık),Çin (+Kore),5299496,144,144,144,2.717
1900..1999,1911-06-15 (pencere kırpık),Japonya,320746,34,34,34,10.6
1900..1999,1911-06-15 (pencere kırpık),Güneydoğu Asya,3705091,239,230,230,6.208
1900..1999,1911-06-15 (pencere kırpık),Sahra-altı Afrika,22181606,707,679,682,3.061
1900..1999,1911-06-15 (pencere kırpık),Amerika-Kuzey,16597931,503,493,499,2.97
1900..1999,1911-06-15 (pencere kırpık),Amerika-Güney,14697488,338,316,331,2.15
1900..1999,1911-06-15 (pencere kırpık),Okyanusya,7649448,193,144,145,1.882
