sehir,aile,uyusmazlik,d205,etiket,kanit,kaynak,notlar
Astara,A Azerbaycan/Arrân/Talış,"`zend` 1747-06-20'de başlıyor; TDV Zend iktidarını 1750 (İsfahan) / 1751 başına koyuyor, künye `zend` f:1751-01-01 (künye aşımı)",①,fazla (zend erken),hanedan maddesi,https://islamansiklopedisi.org.tr/zendler,"1747-1750/51 arası sahibin kimliği bu şehir için kaynakta yok — dönemin KISALMASI ölçüldü, yerine ne geleceği ölçülmedi"
Astara,A Azerbaycan/Arrân/Talış,`celayirli` 1340-01-01'de başlıyor; TDV Celâyirli'nin Azerbaycan/Tebriz'i 1358'de aldığını yazıyor,③,fazla (celayirli ~18 yıl erken),bölge cümlesi (D208),https://islamansiklopedisi.org.tr/celayirliler,1340-1358 sahibi (Çobanîler beklenir) kaynakta DOĞRULANMADI; İran Çobanî künyesi YOK (`cobanogullari` = Kastamonu beyliği 1211-1309) ⇒ ③ ADAY
Astara,A Azerbaycan/Arrân/Talış,1747-1794 `zend` + 1794-… `kacar`: kaynak bu dönemde Talış Hanlığı (aday) diyor; TDV zendler Kafkas'ta Zend hâkimiyeti anlatmıyor,③,"eksik (hanlık) / fazla (zend, kacar)",komşu madde (Lenkeran) — gün devralınmadı (D207),https://islamansiklopedisi.org.tr/lenkeran ; https://islamansiklopedisi.org.tr/zendler,hanlık künyesi YOK (`revan-hanligi` 1747-1828 hariç) ⇒ ③ ama BLOKE (D205: ardıl künye yok)
Astara,A Azerbaycan/Arrân/Talış,Kimlik belirsiz: koordinat İran Astara'sı ile Azerbaycan Astara'sı arasında; zincir 1828'den sonra `rusya` diyor (Azerbaycan yakası),ÖLÇ,—,—,kaynak doğrulanmadı,kaynak doğrulanmadı; zincir Lenkeran'la birebir aynı (şablon)
Lenkeran,A Azerbaycan/Arrân/Talış,"`zend` 1747-06-20'de başlıyor; TDV Zend iktidarını 1750 (İsfahan) / 1751 başına koyuyor, künye `zend` f:1751-01-01 (künye aşımı)",①,fazla (zend erken),hanedan maddesi,https://islamansiklopedisi.org.tr/zendler,"1747-1750/51 arası sahibin kimliği bu şehir için kaynakta yok — dönemin KISALMASI ölçüldü, yerine ne geleceği ölçülmedi"
Lenkeran,A Azerbaycan/Arrân/Talış,`celayirli` 1340-01-01'de başlıyor; TDV Celâyirli'nin Azerbaycan/Tebriz'i 1358'de aldığını yazıyor,③,fazla (celayirli ~18 yıl erken),bölge cümlesi (D208),https://islamansiklopedisi.org.tr/celayirliler,1340-1358 sahibi (Çobanîler beklenir) kaynakta DOĞRULANMADI; İran Çobanî künyesi YOK (`cobanogullari` = Kastamonu beyliği 1211-1309) ⇒ ③ ADAY
Lenkeran,A Azerbaycan/Arrân/Talış,1747-1794 `zend` + 1794-… `kacar`: kaynak bu dönemde Talış Hanlığı diyor; TDV zendler Kafkas'ta Zend hâkimiyeti anlatmıyor,③,"eksik (hanlık) / fazla (zend, kacar)",şehir,https://islamansiklopedisi.org.tr/lenkeran ; https://islamansiklopedisi.org.tr/zendler,hanlık künyesi YOK (`revan-hanligi` 1747-1828 hariç) ⇒ ③ ama BLOKE (D205: ardıl künye yok)
Lenkeran,A Azerbaycan/Arrân/Talış,"`kacar` 1794→1828-02-22 kesintisiz; TDV: Ruslar 1 Ocak 1813'te Lenkeran'ı aldı, 1826'da İran döndü, 1828 Türkmençay",③,eksik (rusya 1813-1826),şehir,https://islamansiklopedisi.org.tr/lenkeran,"künye `rusya` 1547-1917 VAR, pencere tutuyor"
Bakü,B Şirvan,"`zend` 1747-06-20'de başlıyor; TDV Zend iktidarını 1750 (İsfahan) / 1751 başına koyuyor, künye `zend` f:1751-01-01 (künye aşımı)",①,fazla (zend erken),hanedan maddesi,https://islamansiklopedisi.org.tr/zendler,"1747-1750/51 arası sahibin kimliği bu şehir için kaynakta yok — dönemin KISALMASI ölçüldü, yerine ne geleceği ölçülmedi"
Bakü,B Şirvan,1747-1813 `zend`→`kacar`; TDV: 'Bağımsız Bakü Hanlığı kurulduğunda (1747)' — Gülistan 1813'e dek,③,"eksik (Bakü Hanlığı) / fazla (zend, kacar)",şehir,https://islamansiklopedisi.org.tr/baku ; https://islamansiklopedisi.org.tr/zendler,Bakü Hanlığı künyesi YOK (`kuba-hanligi` 1735-1813 ayrı kimlik) ⇒ BLOKE
Bakü,B Şirvan,`sirvansah` →1538-10-01; TDV baku '1501 … Şah İsmâil tarafından ele geçirildi',ÖLÇ,—,şehir,https://islamansiklopedisi.org.tr/baku,"1501 zapt mı, 1538 ilhak mı: tâbiiyet/sahiplik ayrımı kaynak cümlesinden çıkmıyor"
Bakü,B Şirvan,`rusya` →1735-03-21; TDV baku 'Nâdir Şah zamanında yeniden İran'ın eline geçti (1734)',ÖLÇ,—,şehir,https://islamansiklopedisi.org.tr/baku,Gence Antl. 1735 ile TDV 1734 — D211⑥ tipi; çelişki ilan edilmedi
Berde (Karabağ),A Azerbaycan/Arrân/Talış,"`zend` 1747-06-20'de başlıyor; TDV Zend iktidarını 1750 (İsfahan) / 1751 başına koyuyor, künye `zend` f:1751-01-01 (künye aşımı)",①,fazla (zend erken),hanedan maddesi,https://islamansiklopedisi.org.tr/zendler,"1747-1750/51 arası sahibin kimliği bu şehir için kaynakta yok — dönemin KISALMASI ölçüldü, yerine ne geleceği ölçülmedi"
Berde (Karabağ),A Azerbaycan/Arrân/Talış,`celayirli` 1340-01-01'de başlıyor; TDV Celâyirli'nin Azerbaycan/Tebriz'i 1358'de aldığını yazıyor,③,fazla (celayirli ~18 yıl erken),bölge cümlesi (D208),https://islamansiklopedisi.org.tr/celayirliler,1340-1358 sahibi (Çobanîler beklenir) kaynakta DOĞRULANMADI; İran Çobanî künyesi YOK (`cobanogullari` = Kastamonu beyliği 1211-1309) ⇒ ③ ADAY
Berde (Karabağ),A Azerbaycan/Arrân/Talış,"1747-1794 `zend` + 1794-… `kacar`: kaynak bu dönemde Karabağ Hanlığı (Penah Ali, 1747/48 → 1822 lağv) diyor; TDV zendler Kafkas'ta Zend hâkimiyeti anlatmıyor",③,"eksik (hanlık) / fazla (zend, kacar)",bölge maddesi,https://islamansiklopedisi.org.tr/karabag ; https://islamansiklopedisi.org.tr/zendler,hanlık künyesi YOK (`revan-hanligi` 1747-1828 hariç) ⇒ ③ ama BLOKE (D205: ardıl künye yok)
Berde (Karabağ),A Azerbaycan/Arrân/Talış,1757: TDV kacarlar Muhammed Hasan Han'ın Arrân/Karabağ'ı itaat altına aldığını yazıyor — zincirde yok,ÖLÇ,eksik (?),bölge cümlesi (D208),https://islamansiklopedisi.org.tr/kacarlar,süre/biçim (tâbiiyet mi sahiplik mi) kaynakta yok
Nahçıvan,A Azerbaycan/Arrân/Talış,"`zend` 1747-06-20'de başlıyor; TDV Zend iktidarını 1750 (İsfahan) / 1751 başına koyuyor, künye `zend` f:1751-01-01 (künye aşımı)",①,fazla (zend erken),hanedan maddesi,https://islamansiklopedisi.org.tr/zendler,"1747-1750/51 arası sahibin kimliği bu şehir için kaynakta yok — dönemin KISALMASI ölçüldü, yerine ne geleceği ölçülmedi"
Nahçıvan,A Azerbaycan/Arrân/Talış,`celayirli` 1340-01-01'de başlıyor; TDV Celâyirli'nin Azerbaycan/Tebriz'i 1358'de aldığını yazıyor,③,fazla (celayirli ~18 yıl erken),bölge cümlesi (D208),https://islamansiklopedisi.org.tr/celayirliler,1340-1358 sahibi (Çobanîler beklenir) kaynakta DOĞRULANMADI; İran Çobanî künyesi YOK (`cobanogullari` = Kastamonu beyliği 1211-1309) ⇒ ③ ADAY
Nahçıvan,A Azerbaycan/Arrân/Talış,1747-1794 `zend` + 1794-… `kacar`: kaynak bu dönemde Nahçıvan Hanlığı diyor; TDV zendler Kafkas'ta Zend hâkimiyeti anlatmıyor,③,"eksik (hanlık) / fazla (zend, kacar)",şehir,https://islamansiklopedisi.org.tr/nahcivan ; https://islamansiklopedisi.org.tr/zendler,hanlık künyesi YOK (`revan-hanligi` 1747-1828 hariç) ⇒ ③ ama BLOKE (D205: ardıl künye yok)
Nahçıvan,A Azerbaycan/Arrân/Talış,`timurlu` 1386-01-01; TDV 789 (1387),②,fazla (timurlu ~1 yıl erken),şehir,https://islamansiklopedisi.org.tr/nahcivan,önceki sahip `celayirli` sürer; yuvarlak yıl
Nahçıvan,A Azerbaycan/Arrân/Talış,`karakoyunlu` 1408-04-13 (Serdrûd; D208 bölge notu kayıtta zaten var); TDV şehir maddesi 815/1412,ÖLÇ,fazla (karakoyunlu ~4 yıl erken),şehir,https://islamansiklopedisi.org.tr/nahcivan,1408-1412 sahibi kaynakta yok
Ordubad,A Azerbaycan/Arrân/Talış,"`zend` 1747-06-20'de başlıyor; TDV Zend iktidarını 1750 (İsfahan) / 1751 başına koyuyor, künye `zend` f:1751-01-01 (künye aşımı)",①,fazla (zend erken),hanedan maddesi,https://islamansiklopedisi.org.tr/zendler,"1747-1750/51 arası sahibin kimliği bu şehir için kaynakta yok — dönemin KISALMASI ölçüldü, yerine ne geleceği ölçülmedi"
Ordubad,A Azerbaycan/Arrân/Talış,`celayirli` 1340-01-01'de başlıyor; TDV Celâyirli'nin Azerbaycan/Tebriz'i 1358'de aldığını yazıyor,③,fazla (celayirli ~18 yıl erken),bölge cümlesi (D208),https://islamansiklopedisi.org.tr/celayirliler,1340-1358 sahibi (Çobanîler beklenir) kaynakta DOĞRULANMADI; İran Çobanî künyesi YOK (`cobanogullari` = Kastamonu beyliği 1211-1309) ⇒ ③ ADAY
Ordubad,A Azerbaycan/Arrân/Talış,1747-1794 `zend` + 1794-… `kacar`: kaynak bu dönemde Nahçıvan Hanlığı (aday) diyor; TDV zendler Kafkas'ta Zend hâkimiyeti anlatmıyor,③,"eksik (hanlık) / fazla (zend, kacar)",bölge cümlesi (D208),https://islamansiklopedisi.org.tr/nahcivan ; https://islamansiklopedisi.org.tr/zendler,hanlık künyesi YOK (`revan-hanligi` 1747-1828 hariç) ⇒ ③ ama BLOKE (D205: ardıl künye yok)
Şerur (Sharur),A Azerbaycan/Arrân/Talış,"`zend` 1747-06-20'de başlıyor; TDV Zend iktidarını 1750 (İsfahan) / 1751 başına koyuyor, künye `zend` f:1751-01-01 (künye aşımı)",①,fazla (zend erken),hanedan maddesi,https://islamansiklopedisi.org.tr/zendler,"1747-1750/51 arası sahibin kimliği bu şehir için kaynakta yok — dönemin KISALMASI ölçüldü, yerine ne geleceği ölçülmedi"
Şerur (Sharur),A Azerbaycan/Arrân/Talış,`celayirli` 1340-01-01'de başlıyor; TDV Celâyirli'nin Azerbaycan/Tebriz'i 1358'de aldığını yazıyor,③,fazla (celayirli ~18 yıl erken),bölge cümlesi (D208),https://islamansiklopedisi.org.tr/celayirliler,1340-1358 sahibi (Çobanîler beklenir) kaynakta DOĞRULANMADI; İran Çobanî künyesi YOK (`cobanogullari` = Kastamonu beyliği 1211-1309) ⇒ ③ ADAY
Şerur (Sharur),A Azerbaycan/Arrân/Talış,1747-1794 `zend` + 1794-… `kacar`: kaynak bu dönemde Nahçıvan ya da Revan Hanlığı (aday) diyor; TDV zendler Kafkas'ta Zend hâkimiyeti anlatmıyor,③,"eksik (hanlık) / fazla (zend, kacar)",bölge cümlesi (D208),https://islamansiklopedisi.org.tr/nahcivan ; https://islamansiklopedisi.org.tr/zendler,hanlık künyesi YOK (`revan-hanligi` 1747-1828 hariç) ⇒ ③ ama BLOKE (D205: ardıl künye yok)
Bağdat,C Bağdat,`celayirli` 1335-12-01; TDV: 'Hasan-ı Büzürg 1339'da Bağdat'a yerleşti',②,fazla (celayirli ~4 yıl erken),şehir,https://islamansiklopedisi.org.tr/bagdat,önceki kimlik `ilhanli` (künye t:1353) pencereyi kapsıyor
Bağdat,C Bağdat,`karakoyunlu` 1411-01-01; TDV '1410-1467 yılları arasında Karakoyunlu',③,eksik (~1 yıl),şehir,https://islamansiklopedisi.org.tr/bagdat,yıl düzeyinde; künye `karakoyunlu` VAR
Bağdat,C Bağdat,"`akkoyunlu` 1469-01-01; TDV Karakoyunlu'yu 1467'de bitiriyor, 1467-1469 sahibini söylemiyor",ÖLÇ,—,şehir,https://islamansiklopedisi.org.tr/bagdat,boşluğun kimliği kaynakta yok
Bağdat,C Bağdat,"`ingiltere` 1917-03-11, `irak-kralligi` 1921-08-23: TDV bagdat maddesinde tarihli değil",ÖLÇ,—,—,https://islamansiklopedisi.org.tr/bagdat,kaynak doğrulanmadı (Britannica 403)
Mahmudâbâd,B Şirvan,"`zend` 1747-06-20'de başlıyor; TDV Zend iktidarını 1750 (İsfahan) / 1751 başına koyuyor, künye `zend` f:1751-01-01 (künye aşımı)",①,fazla (zend erken),hanedan maddesi,https://islamansiklopedisi.org.tr/zendler,"1747-1750/51 arası sahibin kimliği bu şehir için kaynakta yok — dönemin KISALMASI ölçüldü, yerine ne geleceği ölçülmedi"
Mahmudâbâd,B Şirvan,Şehir için kaynak bulunamadı; zincir Bakü ailesiyle aynı yapıda (1747 zend / 1794 kacar),ÖLÇ,—,—,kaynak doğrulanmadı,kaynak doğrulanmadı
Erdekân,D Irâk-ı Acem,"`zend` 1747-06-20'de başlıyor; TDV Zend iktidarını 1750 (İsfahan) / 1751 başına koyuyor, künye `zend` f:1751-01-01 (künye aşımı)",①,fazla (zend erken),hanedan maddesi,https://islamansiklopedisi.org.tr/zendler,"1747-1750/51 arası sahibin kimliği bu şehir için kaynakta yok — dönemin KISALMASI ölçüldü, yerine ne geleceği ölçülmedi"
Erdekân,D Irâk-ı Acem,`incu` 1335-1357 (şablon): TDV inculular 'Fars ve İsfahan'da'; bu şehir için madde çekilmedi,ÖLÇ,—,bölge cümlesi (D208),https://islamansiklopedisi.org.tr/inculular,kaynak doğrulanmadı
Erdekân,D Irâk-ı Acem,1722-1729 Afgan dönemi yok (şablon),ÖLÇ,eksik (?),—,kaynak doğrulanmadı,şehre ait kaynak çekilmedi; komşudan (İsfahan) devralınmadı (D207)
Erdistan,D Irâk-ı Acem,"`zend` 1747-06-20'de başlıyor; TDV Zend iktidarını 1750 (İsfahan) / 1751 başına koyuyor, künye `zend` f:1751-01-01 (künye aşımı)",①,fazla (zend erken),hanedan maddesi,https://islamansiklopedisi.org.tr/zendler,"1747-1750/51 arası sahibin kimliği bu şehir için kaynakta yok — dönemin KISALMASI ölçüldü, yerine ne geleceği ölçülmedi"
Erdistan,D Irâk-ı Acem,`incu` 1335-1357 (şablon): TDV inculular 'Fars ve İsfahan'da'; bu şehir için madde çekilmedi,ÖLÇ,—,bölge cümlesi (D208),https://islamansiklopedisi.org.tr/inculular,kaynak doğrulanmadı
Erdistan,D Irâk-ı Acem,1722-1729 Afgan dönemi yok (şablon),ÖLÇ,eksik (?),—,kaynak doğrulanmadı,şehre ait kaynak çekilmedi; komşudan (İsfahan) devralınmadı (D207)
Gulpâygân,D Irâk-ı Acem,"`zend` 1747-06-20'de başlıyor; TDV Zend iktidarını 1750 (İsfahan) / 1751 başına koyuyor, künye `zend` f:1751-01-01 (künye aşımı)",①,fazla (zend erken),hanedan maddesi,https://islamansiklopedisi.org.tr/zendler,"1747-1750/51 arası sahibin kimliği bu şehir için kaynakta yok — dönemin KISALMASI ölçüldü, yerine ne geleceği ölçülmedi"
Gulpâygân,D Irâk-ı Acem,`incu` 1335-1357 (şablon): TDV inculular 'Fars ve İsfahan'da'; bu şehir için madde çekilmedi,ÖLÇ,—,bölge cümlesi (D208),https://islamansiklopedisi.org.tr/inculular,kaynak doğrulanmadı
Gulpâygân,D Irâk-ı Acem,1722-1729 Afgan dönemi yok (şablon),ÖLÇ,eksik (?),—,kaynak doğrulanmadı,şehre ait kaynak çekilmedi; komşudan (İsfahan) devralınmadı (D207)
Isfahan,D Irâk-ı Acem,"`zend` 1747-06-20'de başlıyor; TDV Zend iktidarını 1750 (İsfahan) / 1751 başına koyuyor, künye `zend` f:1751-01-01 (künye aşımı)",①,fazla (zend erken),hanedan maddesi,https://islamansiklopedisi.org.tr/zendler,"1747-1750/51 arası sahibin kimliği bu şehir için kaynakta yok — dönemin KISALMASI ölçüldü, yerine ne geleceği ölçülmedi"
Isfahan,D Irâk-ı Acem,"`timurlu` 1387-11-01→1452; TDV muzafferiler: 'bütün Irak'a hâkim olan Şah Mansûr 793 (1391)', hanedan 1393'te biter",②,fazla (timurlu erken) / eksik (muzafferi ~1388-1393),bölge cümlesi (D208) + şehir (1387 katliamı),https://islamansiklopedisi.org.tr/muzafferiler ; https://islamansiklopedisi.org.tr/isfahan,künye `muzafferi` t:1393 pencereyi kapsıyor
Isfahan,D Irâk-ı Acem,1722-1729 Afgan (Hotakî/Galzay) dönemi zincirde YOK (`safevi` →1736 kesintisiz),③,eksik (galzay),şehir,https://islamansiklopedisi.org.tr/isfahan,"künye `galzay` 1709-04-21→1738 VAR, pencere tutuyor"
Isfahan,D Irâk-ı Acem,"`safevi` 1503; TDV isfahan 911 (1505), TDV safeviler 909 (1503) Hemedan",ÖLÇ,—,şehir,https://islamansiklopedisi.org.tr/isfahan,iki TDV maddesi farklı olayı tarihliyor (D211⑥); çelişki ilan edilmedi
Isfahan,D Irâk-ı Acem,1756-1759: TDV kacarlar Muhammed Hasan Han'ın Irâk-ı Acem'i ele geçirdiğini yazıyor; zincir `zend`,③,eksik (kaçar 1756-1759),bölge cümlesi (D208),https://islamansiklopedisi.org.tr/kacarlar,"künye `kacar` f:1789 ⇒ pencere TUTMAZ, BLOKE"
Kazvin,D Irâk-ı Acem,"`zend` 1747-06-20'de başlıyor; TDV Zend iktidarını 1750 (İsfahan) / 1751 başına koyuyor, künye `zend` f:1751-01-01 (künye aşımı)",①,fazla (zend erken),hanedan maddesi,https://islamansiklopedisi.org.tr/zendler,"1747-1750/51 arası sahibin kimliği bu şehir için kaynakta yok — dönemin KISALMASI ölçüldü, yerine ne geleceği ölçülmedi"
Kazvin,D Irâk-ı Acem,`incu` 1335-1357; TDV inculular 'Fars ve İsfahan'da' — Kazvin maddesi İncû/Muzafferî anmıyor,ÖLÇ,fazla (kimlik desteksiz),hanedan + şehir,https://islamansiklopedisi.org.tr/inculular ; https://islamansiklopedisi.org.tr/kazvin,doğru sahip kaynakta yok ⇒ sınıf belirlenemedi
Kazvin,D Irâk-ı Acem,"`karakoyunlu` 1452; TDV kazvin: Cihan Şah Kazvin'i 851/1447'de kattı (öncesinde Kara Yûsuf döneminde de bir Karakoyunlu dönemi, tarihsiz)",③,eksik (karakoyunlu 1447-1452) / fazla (timurlu),şehir,https://islamansiklopedisi.org.tr/kazvin,künye `karakoyunlu` 1351-1469 VAR
Kazvin,D Irâk-ı Acem,1722-1729 Afgan (Hotakî/Galzay) dönemi zincirde YOK (`safevi` →1736 kesintisiz),③,eksik (galzay),şehir,https://islamansiklopedisi.org.tr/kazvin,"künye `galzay` 1709-04-21→1738 VAR, pencere tutuyor · TDV: 1722'de girdiler, ertesi yıl çekildiler ⇒ ~1722-1723"
Kazvin,D Irâk-ı Acem,"1726 Osmanlı: TDV 'Osmanlılar'a boyun eğdi, fakat kısa sürede geri alındı'",ÖLÇ,eksik (?),şehir,https://islamansiklopedisi.org.tr/kazvin,süre yok; d:/isg: ayrımı kaynaktan çıkmıyor
Kum,D Irâk-ı Acem,"`zend` 1747-06-20'de başlıyor; TDV Zend iktidarını 1750 (İsfahan) / 1751 başına koyuyor, künye `zend` f:1751-01-01 (künye aşımı)",①,fazla (zend erken),hanedan maddesi,https://islamansiklopedisi.org.tr/zendler,"1747-1750/51 arası sahibin kimliği bu şehir için kaynakta yok — dönemin KISALMASI ölçüldü, yerine ne geleceği ölçülmedi"
Kum,D Irâk-ı Acem,Zincirin 1300-1700 kısmı: TDV kum hiçbir hanedanı tarihlemiyor; 'Afgan soygunları' bir sahiplik cümlesi değil,ÖLÇ,—,şehir,https://islamansiklopedisi.org.tr/kum ; https://islamansiklopedisi.org.tr/inculular,incu kimliği inculular ('Fars ve İsfahan') ile desteklenmiyor; sınıf belirlenemedi
Kâşân,D Irâk-ı Acem,"`zend` 1747-06-20'de başlıyor; TDV Zend iktidarını 1750 (İsfahan) / 1751 başına koyuyor, künye `zend` f:1751-01-01 (künye aşımı)",①,fazla (zend erken),hanedan maddesi,https://islamansiklopedisi.org.tr/zendler,"1747-1750/51 arası sahibin kimliği bu şehir için kaynakta yok — dönemin KISALMASI ölçüldü, yerine ne geleceği ölçülmedi"
Kâşân,D Irâk-ı Acem,`incu` 1335-1357 / `muzafferi`: TDV kasan anmıyor; inculular 'Fars ve İsfahan',ÖLÇ,fazla (kimlik desteksiz),hanedan + şehir,https://islamansiklopedisi.org.tr/inculular ; https://islamansiklopedisi.org.tr/kasan,doğru sahip kaynakta yok
Kâşân,D Irâk-ı Acem,1722-1729 Afgan (Hotakî/Galzay) dönemi zincirde YOK (`safevi` →1736 kesintisiz),③,eksik (galzay),şehir (tarihsiz),https://islamansiklopedisi.org.tr/kasan,"künye `galzay` 1709-04-21→1738 VAR, pencere tutuyor · TDV: 'Safevîler'den sonra Afgan ve Afşarlar zamanında' — yıl yok"
Nâin,D Irâk-ı Acem,"`zend` 1747-06-20'de başlıyor; TDV Zend iktidarını 1750 (İsfahan) / 1751 başına koyuyor, künye `zend` f:1751-01-01 (künye aşımı)",①,fazla (zend erken),hanedan maddesi,https://islamansiklopedisi.org.tr/zendler,"1747-1750/51 arası sahibin kimliği bu şehir için kaynakta yok — dönemin KISALMASI ölçüldü, yerine ne geleceği ölçülmedi"
Nâin,D Irâk-ı Acem,`incu` 1335-1357 (şablon): TDV inculular 'Fars ve İsfahan'da'; bu şehir için madde çekilmedi,ÖLÇ,—,bölge cümlesi (D208),https://islamansiklopedisi.org.tr/inculular,kaynak doğrulanmadı
Nâin,D Irâk-ı Acem,1722-1729 Afgan dönemi yok (şablon),ÖLÇ,eksik (?),—,kaynak doğrulanmadı,şehre ait kaynak çekilmedi; komşudan (İsfahan) devralınmadı (D207)
Tahran,D Irâk-ı Acem,"`zend` 1747-06-20'de başlıyor; TDV Zend iktidarını 1750 (İsfahan) / 1751 başına koyuyor, künye `zend` f:1751-01-01 (künye aşımı)",①,fazla (zend erken),hanedan maddesi,https://islamansiklopedisi.org.tr/zendler,"1747-1750/51 arası sahibin kimliği bu şehir için kaynakta yok — dönemin KISALMASI ölçüldü, yerine ne geleceği ölçülmedi"
Tahran,D Irâk-ı Acem,`incu` 1335-1357 ve `muzafferi` 1357-1387: TDV tahran bu hanedanları anmıyor; inculular 'Fars ve İsfahan',ÖLÇ,fazla (kimlik desteksiz),hanedan + şehir,https://islamansiklopedisi.org.tr/inculular ; https://islamansiklopedisi.org.tr/tahran,doğru sahip kaynakta yok
Tahran,D Irâk-ı Acem,1722-1729 Afgan (Hotakî/Galzay) dönemi zincirde YOK (`safevi` →1736 kesintisiz),③,eksik (galzay),şehir,https://islamansiklopedisi.org.tr/tahran,"künye `galzay` 1709-04-21→1738 VAR, pencere tutuyor · TDV: Afganlar 1728'de Tahran'dan çekildi"
Tahran,D Irâk-ı Acem,"`zend` →1794, `kacar` 1794→; TDV tahran: Kerim Han'ın ölümü (1779) ardından Ağa Muhammed Rey'de tahta çıktı, Tahran Kaçar başşehri; TDV kacarlar 1786'yı teyitsiz sayıyor",③,fazla (zend) / eksik (kacar ~1779/1786-1794),şehir,https://islamansiklopedisi.org.tr/tahran ; https://islamansiklopedisi.org.tr/kacarlar,"künye `kacar` f:1789-03-21 ⇒ 1779/1786-1789 penceresi TUTMAZ, BLOKE (D205 singhasari emsali)"
Bistâm,E Kûmis,"`zend` 1747-06-20'de başlıyor; TDV Zend iktidarını 1750 (İsfahan) / 1751 başına koyuyor, künye `zend` f:1751-01-01 (künye aşımı)",①,fazla (zend erken),hanedan maddesi,https://islamansiklopedisi.org.tr/zendler,"1747-1750/51 arası sahibin kimliği bu şehir için kaynakta yok — dönemin KISALMASI ölçüldü, yerine ne geleceği ölçülmedi"
Bistâm,E Kûmis,"`serbedariler` 1337-09-09 = TDV'nin SEBZEVÂR'ı alma günü; TDV Dâmgan/Simnân'ın alınışını TARİHSİZ, Togay Timur'un başşehriyle birlikte anlatıyor",②,fazla (serbedar erken; gün komşudan BEYANSIZ),bölge cümlesi (D208),https://islamansiklopedisi.org.tr/serbedariler,önceki kimlik `ilhanli` (Togay Timur; künye t:1353) — D207: Sebzevâr günü beyansız devralınmış
Bistâm,E Kûmis,"`timurlu` 1387-11-01: Serbedâr Timur'a 1381'de bağlandı, hanedan 1386'da bitti (TDV); 1387-11-01 Kûmis için kaynaksız",ÖLÇ,—,hanedan maddesi,https://islamansiklopedisi.org.tr/serbedariler,gün kaynakta yok
Dâmgan,E Kûmis,"`zend` 1747-06-20'de başlıyor; TDV Zend iktidarını 1750 (İsfahan) / 1751 başına koyuyor, künye `zend` f:1751-01-01 (künye aşımı)",①,fazla (zend erken),hanedan maddesi,https://islamansiklopedisi.org.tr/zendler,"1747-1750/51 arası sahibin kimliği bu şehir için kaynakta yok — dönemin KISALMASI ölçüldü, yerine ne geleceği ölçülmedi"
Dâmgan,E Kûmis,"`serbedariler` 1337-09-09 = TDV'nin SEBZEVÂR'ı alma günü; TDV Dâmgan/Simnân'ın alınışını TARİHSİZ, Togay Timur'un başşehriyle birlikte anlatıyor",②,fazla (serbedar erken; gün komşudan BEYANSIZ),"hanedan maddesi, şehir adıyla",https://islamansiklopedisi.org.tr/serbedariler,önceki kimlik `ilhanli` (Togay Timur; künye t:1353) — D207: Sebzevâr günü beyansız devralınmış
Dâmgan,E Kûmis,"`timurlu` 1387-11-01: Serbedâr Timur'a 1381'de bağlandı, hanedan 1386'da bitti (TDV); 1387-11-01 Kûmis için kaynaksız",ÖLÇ,—,hanedan maddesi,https://islamansiklopedisi.org.tr/serbedariler,gün kaynakta yok
Simnân,E Kûmis,"`zend` 1747-06-20'de başlıyor; TDV Zend iktidarını 1750 (İsfahan) / 1751 başına koyuyor, künye `zend` f:1751-01-01 (künye aşımı)",①,fazla (zend erken),hanedan maddesi,https://islamansiklopedisi.org.tr/zendler,"1747-1750/51 arası sahibin kimliği bu şehir için kaynakta yok — dönemin KISALMASI ölçüldü, yerine ne geleceği ölçülmedi"
Simnân,E Kûmis,"`serbedariler` 1337-09-09 = TDV'nin SEBZEVÂR'ı alma günü; TDV Dâmgan/Simnân'ın alınışını TARİHSİZ, Togay Timur'un başşehriyle birlikte anlatıyor",②,fazla (serbedar erken; gün komşudan BEYANSIZ),"hanedan maddesi, şehir adıyla",https://islamansiklopedisi.org.tr/serbedariler,önceki kimlik `ilhanli` (Togay Timur; künye t:1353) — D207: Sebzevâr günü beyansız devralınmış
Simnân,E Kûmis,"`timurlu` 1387-11-01: Serbedâr Timur'a 1381'de bağlandı, hanedan 1386'da bitti (TDV); 1387-11-01 Kûmis için kaynaksız",ÖLÇ,—,hanedan maddesi,https://islamansiklopedisi.org.tr/serbedariler,gün kaynakta yok
Sâve,F Sâve/Zencan,"`zend` 1747-06-20'de başlıyor; TDV Zend iktidarını 1750 (İsfahan) / 1751 başına koyuyor, künye `zend` f:1751-01-01 (künye aşımı)",①,fazla (zend erken),hanedan maddesi,https://islamansiklopedisi.org.tr/zendler,"1747-1750/51 arası sahibin kimliği bu şehir için kaynakta yok — dönemin KISALMASI ölçüldü, yerine ne geleceği ölçülmedi"
Sâve,F Sâve/Zencan,Şehir maddesi çekilemedi (TDV 'save' araması ilgisiz maddeler döndü); zincir celayirli 1340,ÖLÇ,—,—,kaynak doğrulanmadı,kaynak doğrulanmadı
Ahvaz,G Hûzistan,"`zend` 1747-06-20'de başlıyor; TDV Zend iktidarını 1750 (İsfahan) / 1751 başına koyuyor, künye `zend` f:1751-01-01 (künye aşımı)",①,fazla (zend erken),hanedan maddesi,https://islamansiklopedisi.org.tr/zendler,"1747-1750/51 arası sahibin kimliği bu şehir için kaynakta yok — dönemin KISALMASI ölçüldü, yerine ne geleceği ölçülmedi"
Ahvaz,G Hûzistan,"Müşa'şa' (Havîze merkezli Arap Şiî hanedanı) zincirde HİÇ yok: `karakoyunlu` 1452→`akkoyunlu`→`safevi` 1508; TDV: Müşa'şa'lar Ahvaz, Dizfûl, Şüşter'i aldı, ~70 yıl bağımsız, 1508'den sonra Safevî'ye tâbi",③,eksik (müşa'şa') / fazla (karakoyunlu/akkoyunlu),şehir (adıyla),https://islamansiklopedisi.org.tr/huzistan ; https://islamansiklopedisi.org.tr/ahvaz,Müşa'şa' künyesi YOK ⇒ BLOKE
Behbehân,G Hûzistan,"`zend` 1747-06-20'de başlıyor; TDV Zend iktidarını 1750 (İsfahan) / 1751 başına koyuyor, künye `zend` f:1751-01-01 (künye aşımı)",①,fazla (zend erken),hanedan maddesi,https://islamansiklopedisi.org.tr/zendler,"1747-1750/51 arası sahibin kimliği bu şehir için kaynakta yok — dönemin KISALMASI ölçüldü, yerine ne geleceği ölçülmedi"
Behbehân,G Hûzistan,"Müşa'şa' (Havîze merkezli Arap Şiî hanedanı) zincirde HİÇ yok: `karakoyunlu` 1452→`akkoyunlu`→`safevi` 1508; TDV: Müşa'şa'lar Ahvaz, Dizfûl, Şüşter'i aldı, ~70 yıl bağımsız, 1508'den sonra Safevî'ye tâbi",③,eksik (müşa'şa') / fazla (karakoyunlu/akkoyunlu),bölge cümlesi (D208),https://islamansiklopedisi.org.tr/huzistan,Müşa'şa' künyesi YOK ⇒ BLOKE
Bem,H2 Kirman,"`zend` 1747-06-20'de başlıyor; TDV Zend iktidarını 1750 (İsfahan) / 1751 başına koyuyor, künye `zend` f:1751-01-01 (künye aşımı)",①,fazla (zend erken),hanedan maddesi,https://islamansiklopedisi.org.tr/zendler,"1747-1750/51 arası sahibin kimliği bu şehir için kaynakta yok — dönemin KISALMASI ölçüldü, yerine ne geleceği ölçülmedi"
Bem,H2 Kirman,`muzafferi` 1335-12-01; TDV kirman: 'Kirman 741'de (1340-41) Muzafferîler … ele geçirildi',②,fazla (muzafferi ~5 yıl erken),bölge cümlesi (D208),https://islamansiklopedisi.org.tr/kirman,önceki kimlik `ilhanli` (künye t:1353) kapsıyor
Bem,H2 Kirman,1722-1729 Afgan (Hotakî/Galzay) dönemi zincirde YOK (`safevi` →1736 kesintisiz),③,eksik (galzay),bölge cümlesi (D208),https://islamansiklopedisi.org.tr/kirman,"künye `galzay` 1709-04-21→1738 VAR, pencere tutuyor · TDV kirman: 1720 ve 1722 Afganlar aldı"
Bempûr,H3 Mekrân/Hürmüz/Lâr/Yezd,"`zend` 1747-06-20'de başlıyor; TDV Zend iktidarını 1750 (İsfahan) / 1751 başına koyuyor, künye `zend` f:1751-01-01 (künye aşımı)",①,fazla (zend erken),hanedan maddesi,https://islamansiklopedisi.org.tr/zendler,"1747-1750/51 arası sahibin kimliği bu şehir için kaynakta yok — dönemin KISALMASI ölçüldü, yerine ne geleceği ölçülmedi"
Bempûr,H3 Mekrân/Hürmüz/Lâr/Yezd,`muzafferi`→…→`kacar` şablonu bu şehir için kaynakla sınanamadı,ÖLÇ,—,—,kaynak doğrulanmadı,"Hürmüz/Mekrân kıyısı; `hurmuz-sultanligi` künyesi (1281-1514) VAR ama zincirde kullanılmamış; TDV hurmuz yalnız ada/Benderabbas'ı anlatıyor, bu şehri DEĞİL; TDV mekran arama sayfası döndü · kaynak doğrulanmadı"
Bender Lengeh,H3 Mekrân/Hürmüz/Lâr/Yezd,"`zend` 1747-06-20'de başlıyor; TDV Zend iktidarını 1750 (İsfahan) / 1751 başına koyuyor, künye `zend` f:1751-01-01 (künye aşımı)",①,fazla (zend erken),hanedan maddesi,https://islamansiklopedisi.org.tr/zendler,"1747-1750/51 arası sahibin kimliği bu şehir için kaynakta yok — dönemin KISALMASI ölçüldü, yerine ne geleceği ölçülmedi"
Bender Lengeh,H3 Mekrân/Hürmüz/Lâr/Yezd,`muzafferi`→…→`kacar` şablonu bu şehir için kaynakla sınanamadı,ÖLÇ,—,—,kaynak doğrulanmadı,"Hürmüz/Mekrân kıyısı; `hurmuz-sultanligi` künyesi (1281-1514) VAR ama zincirde kullanılmamış; TDV hurmuz yalnız ada/Benderabbas'ı anlatıyor, bu şehri DEĞİL; TDV mekran arama sayfası döndü · kaynak doğrulanmadı"
Bender Rîg,H1 Fars,"`zend` 1747-06-20'de başlıyor; TDV Zend iktidarını 1750 (İsfahan) / 1751 başına koyuyor, künye `zend` f:1751-01-01 (künye aşımı)",①,fazla (zend erken),hanedan maddesi,https://islamansiklopedisi.org.tr/zendler,"1747-1750/51 arası sahibin kimliği bu şehir için kaynakta yok — dönemin KISALMASI ölçüldü, yerine ne geleceği ölçülmedi"
Bender Rîg,H1 Fars,"`muzafferi` 1335-12-01'de başlıyor; TDV inculular: Fars 1325'ten İncû'da, Şîraz Muzafferî'ye 1353; TDV muzafferiler: Fars hâkimiyeti 1357",③,fazla (muzafferi ~18-22 yıl erken) / eksik (incu),bölge cümlesi (D208),https://islamansiklopedisi.org.tr/inculular ; https://islamansiklopedisi.org.tr/muzafferiler,"künye `incu` 1325-1357 VAR, pencere tutuyor"
Cehrom,H1 Fars,"`zend` 1747-06-20'de başlıyor; TDV Zend iktidarını 1750 (İsfahan) / 1751 başına koyuyor, künye `zend` f:1751-01-01 (künye aşımı)",①,fazla (zend erken),hanedan maddesi,https://islamansiklopedisi.org.tr/zendler,"1747-1750/51 arası sahibin kimliği bu şehir için kaynakta yok — dönemin KISALMASI ölçüldü, yerine ne geleceği ölçülmedi"
Cehrom,H1 Fars,"`muzafferi` 1335-12-01'de başlıyor; TDV inculular: Fars 1325'ten İncû'da, Şîraz Muzafferî'ye 1353; TDV muzafferiler: Fars hâkimiyeti 1357",③,fazla (muzafferi ~18-22 yıl erken) / eksik (incu),bölge cümlesi (D208),https://islamansiklopedisi.org.tr/inculular ; https://islamansiklopedisi.org.tr/muzafferiler,"künye `incu` 1325-1357 VAR, pencere tutuyor"
Câsk,H3 Mekrân/Hürmüz/Lâr/Yezd,"`zend` 1747-06-20'de başlıyor; TDV Zend iktidarını 1750 (İsfahan) / 1751 başına koyuyor, künye `zend` f:1751-01-01 (künye aşımı)",①,fazla (zend erken),hanedan maddesi,https://islamansiklopedisi.org.tr/zendler,"1747-1750/51 arası sahibin kimliği bu şehir için kaynakta yok — dönemin KISALMASI ölçüldü, yerine ne geleceği ölçülmedi"
Câsk,H3 Mekrân/Hürmüz/Lâr/Yezd,`muzafferi`→…→`kacar` şablonu bu şehir için kaynakla sınanamadı,ÖLÇ,—,—,kaynak doğrulanmadı,"Hürmüz/Mekrân kıyısı; `hurmuz-sultanligi` künyesi (1281-1514) VAR ama zincirde kullanılmamış; TDV hurmuz yalnız ada/Benderabbas'ı anlatıyor, bu şehri DEĞİL; TDV mekran arama sayfası döndü · kaynak doğrulanmadı"
Cîruft,H2 Kirman,"`zend` 1747-06-20'de başlıyor; TDV Zend iktidarını 1750 (İsfahan) / 1751 başına koyuyor, künye `zend` f:1751-01-01 (künye aşımı)",①,fazla (zend erken),hanedan maddesi,https://islamansiklopedisi.org.tr/zendler,"1747-1750/51 arası sahibin kimliği bu şehir için kaynakta yok — dönemin KISALMASI ölçüldü, yerine ne geleceği ölçülmedi"
Cîruft,H2 Kirman,`muzafferi` 1335-12-01; TDV kirman: 'Kirman 741'de (1340-41) Muzafferîler … ele geçirildi',②,fazla (muzafferi ~5 yıl erken),bölge cümlesi (D208),https://islamansiklopedisi.org.tr/kirman,önceki kimlik `ilhanli` (künye t:1353) kapsıyor
Cîruft,H2 Kirman,1722-1729 Afgan (Hotakî/Galzay) dönemi zincirde YOK (`safevi` →1736 kesintisiz),③,eksik (galzay),bölge cümlesi (D208),https://islamansiklopedisi.org.tr/kirman,"künye `galzay` 1709-04-21→1738 VAR, pencere tutuyor · TDV kirman: 1720 ve 1722 Afganlar aldı"
Dizfûl,G Hûzistan,"`zend` 1747-06-20'de başlıyor; TDV Zend iktidarını 1750 (İsfahan) / 1751 başına koyuyor, künye `zend` f:1751-01-01 (künye aşımı)",①,fazla (zend erken),hanedan maddesi,https://islamansiklopedisi.org.tr/zendler,"1747-1750/51 arası sahibin kimliği bu şehir için kaynakta yok — dönemin KISALMASI ölçüldü, yerine ne geleceği ölçülmedi"
Dizfûl,G Hûzistan,"Müşa'şa' (Havîze merkezli Arap Şiî hanedanı) zincirde HİÇ yok: `karakoyunlu` 1452→`akkoyunlu`→`safevi` 1508; TDV: Müşa'şa'lar Ahvaz, Dizfûl, Şüşter'i aldı, ~70 yıl bağımsız, 1508'den sonra Safevî'ye tâbi",③,eksik (müşa'şa') / fazla (karakoyunlu/akkoyunlu),şehir (adıyla),https://islamansiklopedisi.org.tr/huzistan,Müşa'şa' künyesi YOK ⇒ BLOKE
Dârâb,H1 Fars,"`zend` 1747-06-20'de başlıyor; TDV Zend iktidarını 1750 (İsfahan) / 1751 başına koyuyor, künye `zend` f:1751-01-01 (künye aşımı)",①,fazla (zend erken),hanedan maddesi,https://islamansiklopedisi.org.tr/zendler,"1747-1750/51 arası sahibin kimliği bu şehir için kaynakta yok — dönemin KISALMASI ölçüldü, yerine ne geleceği ölçülmedi"
Dârâb,H1 Fars,"`muzafferi` 1335-12-01'de başlıyor; TDV inculular: Fars 1325'ten İncû'da, Şîraz Muzafferî'ye 1353; TDV muzafferiler: Fars hâkimiyeti 1357",③,fazla (muzafferi ~18-22 yıl erken) / eksik (incu),bölge cümlesi (D208),https://islamansiklopedisi.org.tr/inculular ; https://islamansiklopedisi.org.tr/muzafferiler,"künye `incu` 1325-1357 VAR, pencere tutuyor"
Ebrekûh,H3 Mekrân/Hürmüz/Lâr/Yezd,"`zend` 1747-06-20'de başlıyor; TDV Zend iktidarını 1750 (İsfahan) / 1751 başına koyuyor, künye `zend` f:1751-01-01 (künye aşımı)",①,fazla (zend erken),hanedan maddesi,https://islamansiklopedisi.org.tr/zendler,"1747-1750/51 arası sahibin kimliği bu şehir için kaynakta yok — dönemin KISALMASI ölçüldü, yerine ne geleceği ölçülmedi"
Ebrekûh,H3 Mekrân/Hürmüz/Lâr/Yezd,`muzafferi`→…→`kacar` şablonu bu şehir için kaynakla sınanamadı,ÖLÇ,—,—,kaynak doğrulanmadı,Yezd bölgesi (Muzafferî üssü 1318) — şehir kaynağı yok · kaynak doğrulanmadı
Fesâ,H1 Fars,"`zend` 1747-06-20'de başlıyor; TDV Zend iktidarını 1750 (İsfahan) / 1751 başına koyuyor, künye `zend` f:1751-01-01 (künye aşımı)",①,fazla (zend erken),hanedan maddesi,https://islamansiklopedisi.org.tr/zendler,"1747-1750/51 arası sahibin kimliği bu şehir için kaynakta yok — dönemin KISALMASI ölçüldü, yerine ne geleceği ölçülmedi"
Fesâ,H1 Fars,"`muzafferi` 1335-12-01'de başlıyor; TDV inculular: Fars 1325'ten İncû'da, Şîraz Muzafferî'ye 1353; TDV muzafferiler: Fars hâkimiyeti 1357",③,fazla (muzafferi ~18-22 yıl erken) / eksik (incu),bölge cümlesi (D208),https://islamansiklopedisi.org.tr/inculular ; https://islamansiklopedisi.org.tr/muzafferiler,"künye `incu` 1325-1357 VAR, pencere tutuyor"
Firûzâbâd,H1 Fars,"`zend` 1747-06-20'de başlıyor; TDV Zend iktidarını 1750 (İsfahan) / 1751 başına koyuyor, künye `zend` f:1751-01-01 (künye aşımı)",①,fazla (zend erken),hanedan maddesi,https://islamansiklopedisi.org.tr/zendler,"1747-1750/51 arası sahibin kimliği bu şehir için kaynakta yok — dönemin KISALMASI ölçüldü, yerine ne geleceği ölçülmedi"
Firûzâbâd,H1 Fars,"`muzafferi` 1335-12-01'de başlıyor; TDV inculular: Fars 1325'ten İncû'da, Şîraz Muzafferî'ye 1353; TDV muzafferiler: Fars hâkimiyeti 1357",③,fazla (muzafferi ~18-22 yıl erken) / eksik (incu),bölge cümlesi (D208),https://islamansiklopedisi.org.tr/inculular ; https://islamansiklopedisi.org.tr/muzafferiler,"künye `incu` 1325-1357 VAR, pencere tutuyor"
Havîza,G Hûzistan,"`zend` 1747-06-20'de başlıyor; TDV Zend iktidarını 1750 (İsfahan) / 1751 başına koyuyor, künye `zend` f:1751-01-01 (künye aşımı)",①,fazla (zend erken),hanedan maddesi,https://islamansiklopedisi.org.tr/zendler,"1747-1750/51 arası sahibin kimliği bu şehir için kaynakta yok — dönemin KISALMASI ölçüldü, yerine ne geleceği ölçülmedi"
Havîza,G Hûzistan,"Müşa'şa' (Havîze merkezli Arap Şiî hanedanı) zincirde HİÇ yok: `karakoyunlu` 1452→`akkoyunlu`→`safevi` 1508; TDV: Müşa'şa'lar Ahvaz, Dizfûl, Şüşter'i aldı, ~70 yıl bağımsız, 1508'den sonra Safevî'ye tâbi",③,eksik (müşa'şa') / fazla (karakoyunlu/akkoyunlu),bölge cümlesi (D208),https://islamansiklopedisi.org.tr/huzistan,Müşa'şa' künyesi YOK ⇒ BLOKE · Havîze'nin Müşa'şa' başkenti olduğu yalnız arama özetinde geçti (madde sayfası çekilmedi)
Hâş,H3 Mekrân/Hürmüz/Lâr/Yezd,"`zend` 1747-06-20'de başlıyor; TDV Zend iktidarını 1750 (İsfahan) / 1751 başına koyuyor, künye `zend` f:1751-01-01 (künye aşımı)",①,fazla (zend erken),hanedan maddesi,https://islamansiklopedisi.org.tr/zendler,"1747-1750/51 arası sahibin kimliği bu şehir için kaynakta yok — dönemin KISALMASI ölçüldü, yerine ne geleceği ölçülmedi"
Hâş,H3 Mekrân/Hürmüz/Lâr/Yezd,`muzafferi`→…→`kacar` şablonu bu şehir için kaynakla sınanamadı,ÖLÇ,—,—,kaynak doğrulanmadı,"Hürmüz/Mekrân kıyısı; `hurmuz-sultanligi` künyesi (1281-1514) VAR ama zincirde kullanılmamış; TDV hurmuz yalnız ada/Benderabbas'ı anlatıyor, bu şehri DEĞİL; TDV mekran arama sayfası döndü · kaynak doğrulanmadı"
Kâzerûn,H1 Fars,"`zend` 1747-06-20'de başlıyor; TDV Zend iktidarını 1750 (İsfahan) / 1751 başına koyuyor, künye `zend` f:1751-01-01 (künye aşımı)",①,fazla (zend erken),hanedan maddesi,https://islamansiklopedisi.org.tr/zendler,"1747-1750/51 arası sahibin kimliği bu şehir için kaynakta yok — dönemin KISALMASI ölçüldü, yerine ne geleceği ölçülmedi"
Kâzerûn,H1 Fars,"`muzafferi` 1335-12-01'de başlıyor; TDV inculular: Fars 1325'ten İncû'da, Şîraz Muzafferî'ye 1353; TDV muzafferiler: Fars hâkimiyeti 1357",③,fazla (muzafferi ~18-22 yıl erken) / eksik (incu),bölge cümlesi (D208),https://islamansiklopedisi.org.tr/inculular ; https://islamansiklopedisi.org.tr/muzafferiler,"künye `incu` 1325-1357 VAR, pencere tutuyor"
Lâr,H3 Mekrân/Hürmüz/Lâr/Yezd,"`zend` 1747-06-20'de başlıyor; TDV Zend iktidarını 1750 (İsfahan) / 1751 başına koyuyor, künye `zend` f:1751-01-01 (künye aşımı)",①,fazla (zend erken),hanedan maddesi,https://islamansiklopedisi.org.tr/zendler,"1747-1750/51 arası sahibin kimliği bu şehir için kaynakta yok — dönemin KISALMASI ölçüldü, yerine ne geleceği ölçülmedi"
Lâr,H3 Mekrân/Hürmüz/Lâr/Yezd,`muzafferi`→…→`kacar` şablonu bu şehir için kaynakla sınanamadı,ÖLÇ,—,—,kaynak doğrulanmadı,TDV lar yalnız 'Lâristan'a gönderme; Lâr melikleri zincirde yok — doğrulanmadı · kaynak doğrulanmadı
Mînâb,H3 Mekrân/Hürmüz/Lâr/Yezd,"`zend` 1747-06-20'de başlıyor; TDV Zend iktidarını 1750 (İsfahan) / 1751 başına koyuyor, künye `zend` f:1751-01-01 (künye aşımı)",①,fazla (zend erken),hanedan maddesi,https://islamansiklopedisi.org.tr/zendler,"1747-1750/51 arası sahibin kimliği bu şehir için kaynakta yok — dönemin KISALMASI ölçüldü, yerine ne geleceği ölçülmedi"
Mînâb,H3 Mekrân/Hürmüz/Lâr/Yezd,`muzafferi`→…→`kacar` şablonu bu şehir için kaynakla sınanamadı,ÖLÇ,—,—,kaynak doğrulanmadı,"Hürmüz/Mekrân kıyısı; `hurmuz-sultanligi` künyesi (1281-1514) VAR ama zincirde kullanılmamış; TDV hurmuz yalnız ada/Benderabbas'ı anlatıyor, bu şehri DEĞİL; TDV mekran arama sayfası döndü · kaynak doğrulanmadı"
Rafsencân,H2 Kirman,"`zend` 1747-06-20'de başlıyor; TDV Zend iktidarını 1750 (İsfahan) / 1751 başına koyuyor, künye `zend` f:1751-01-01 (künye aşımı)",①,fazla (zend erken),hanedan maddesi,https://islamansiklopedisi.org.tr/zendler,"1747-1750/51 arası sahibin kimliği bu şehir için kaynakta yok — dönemin KISALMASI ölçüldü, yerine ne geleceği ölçülmedi"
Rafsencân,H2 Kirman,`muzafferi` 1335-12-01; TDV kirman: 'Kirman 741'de (1340-41) Muzafferîler … ele geçirildi',②,fazla (muzafferi ~5 yıl erken),bölge cümlesi (D208),https://islamansiklopedisi.org.tr/kirman,önceki kimlik `ilhanli` (künye t:1353) kapsıyor
Rafsencân,H2 Kirman,1722-1729 Afgan (Hotakî/Galzay) dönemi zincirde YOK (`safevi` →1736 kesintisiz),③,eksik (galzay),bölge cümlesi (D208),https://islamansiklopedisi.org.tr/kirman,"künye `galzay` 1709-04-21→1738 VAR, pencere tutuyor · TDV kirman: 1720 ve 1722 Afganlar aldı"
Râmhürmüz,G Hûzistan,"`zend` 1747-06-20'de başlıyor; TDV Zend iktidarını 1750 (İsfahan) / 1751 başına koyuyor, künye `zend` f:1751-01-01 (künye aşımı)",①,fazla (zend erken),hanedan maddesi,https://islamansiklopedisi.org.tr/zendler,"1747-1750/51 arası sahibin kimliği bu şehir için kaynakta yok — dönemin KISALMASI ölçüldü, yerine ne geleceği ölçülmedi"
Râmhürmüz,G Hûzistan,"Müşa'şa' (Havîze merkezli Arap Şiî hanedanı) zincirde HİÇ yok: `karakoyunlu` 1452→`akkoyunlu`→`safevi` 1508; TDV: Müşa'şa'lar Ahvaz, Dizfûl, Şüşter'i aldı, ~70 yıl bağımsız, 1508'den sonra Safevî'ye tâbi",③,eksik (müşa'şa') / fazla (karakoyunlu/akkoyunlu),bölge cümlesi (D208),https://islamansiklopedisi.org.tr/huzistan,Müşa'şa' künyesi YOK ⇒ BLOKE
Sircân,H2 Kirman,"`zend` 1747-06-20'de başlıyor; TDV Zend iktidarını 1750 (İsfahan) / 1751 başına koyuyor, künye `zend` f:1751-01-01 (künye aşımı)",①,fazla (zend erken),hanedan maddesi,https://islamansiklopedisi.org.tr/zendler,"1747-1750/51 arası sahibin kimliği bu şehir için kaynakta yok — dönemin KISALMASI ölçüldü, yerine ne geleceği ölçülmedi"
Sircân,H2 Kirman,`muzafferi` 1335-12-01; TDV kirman: 'Kirman 741'de (1340-41) Muzafferîler … ele geçirildi',②,fazla (muzafferi ~5 yıl erken),bölge cümlesi (D208),https://islamansiklopedisi.org.tr/kirman,önceki kimlik `ilhanli` (künye t:1353) kapsıyor
Sircân,H2 Kirman,1722-1729 Afgan (Hotakî/Galzay) dönemi zincirde YOK (`safevi` →1736 kesintisiz),③,eksik (galzay),bölge cümlesi (D208),https://islamansiklopedisi.org.tr/kirman,"künye `galzay` 1709-04-21→1738 VAR, pencere tutuyor · TDV kirman: 1720 ve 1722 Afganlar aldı"
Zencan,F Sâve/Zencan,"`zend` 1747-06-20'de başlıyor; TDV Zend iktidarını 1750 (İsfahan) / 1751 başına koyuyor, künye `zend` f:1751-01-01 (künye aşımı)",①,fazla (zend erken),hanedan maddesi,https://islamansiklopedisi.org.tr/zendler,"1747-1750/51 arası sahibin kimliği bu şehir için kaynakta yok — dönemin KISALMASI ölçüldü, yerine ne geleceği ölçülmedi"
Zencan,F Sâve/Zencan,"`karakoyunlu` 1410-01-01; TDV zencan: 832 (1428-29) Zencan hâlâ Timurlu valisi Hoca Yûsuf'un idaresinde, Karakoyunlu İskender sonra aldı",②,fazla (karakoyunlu ≥18 yıl erken) / eksik (timurlu),şehir,https://islamansiklopedisi.org.tr/zencan,künye `timurlu` t:1507 kapsıyor
Zencan,F Sâve/Zencan,`zend` →1794 / `kacar` 1794→; TDV zencan: 1197 (1782-83) Ağa Muhammed'in hâkimiyetine girdi,③,fazla (zend) / eksik (kacar 1782/83-1794),şehir,https://islamansiklopedisi.org.tr/zencan,"künye `kacar` f:1789 ⇒ 1782/83-1789 TUTMAZ, BLOKE"
Çâhbahâr,H3 Mekrân/Hürmüz/Lâr/Yezd,"`zend` 1747-06-20'de başlıyor; TDV Zend iktidarını 1750 (İsfahan) / 1751 başına koyuyor, künye `zend` f:1751-01-01 (künye aşımı)",①,fazla (zend erken),hanedan maddesi,https://islamansiklopedisi.org.tr/zendler,"1747-1750/51 arası sahibin kimliği bu şehir için kaynakta yok — dönemin KISALMASI ölçüldü, yerine ne geleceği ölçülmedi"
Çâhbahâr,H3 Mekrân/Hürmüz/Lâr/Yezd,`muzafferi`→…→`kacar` şablonu bu şehir için kaynakla sınanamadı,ÖLÇ,—,—,kaynak doğrulanmadı,"Hürmüz/Mekrân kıyısı; `hurmuz-sultanligi` künyesi (1281-1514) VAR ama zincirde kullanılmamış; TDV hurmuz yalnız ada/Benderabbas'ı anlatıyor, bu şehri DEĞİL; TDV mekran arama sayfası döndü · kaynak doğrulanmadı"
Şeki (Nuha),B Şirvan,"`zend` 1747-06-20'de başlıyor; TDV Zend iktidarını 1750 (İsfahan) / 1751 başına koyuyor, künye `zend` f:1751-01-01 (künye aşımı)",①,fazla (zend erken),hanedan maddesi,https://islamansiklopedisi.org.tr/zendler,"1747-1750/51 arası sahibin kimliği bu şehir için kaynakta yok — dönemin KISALMASI ölçüldü, yerine ne geleceği ölçülmedi"
Şeki (Nuha),B Şirvan,"`safevi` 1538-01-01'de başlıyor; TDV seki: Safevî saldırısı 1548, Şah Tahmasb 1551",③,fazla (safevi ~13 yıl erken),şehir,https://islamansiklopedisi.org.tr/seki,1538-1551 Şeki yerel hâkimi (Derviş Mehmed) — künye YOK ⇒ ③ ADAY
Şeki (Nuha),B Şirvan,"1747-1813 `zend`→`kacar`→`rusya`; TDV: Şeki Hanlığı (1743 kuruldu, 1747 tam bağımsız) → 21 Mayıs 1805 Rus tâbiiyeti → 1819 ilhak",③,"eksik (Şeki Hanlığı) / fazla (zend, kacar; rusya s: 1813-1819 erken)",şehir,https://islamansiklopedisi.org.tr/seki ; https://islamansiklopedisi.org.tr/zendler,Şeki Hanlığı künyesi YOK ⇒ BLOKE
Şüşter,G Hûzistan,"`zend` 1747-06-20'de başlıyor; TDV Zend iktidarını 1750 (İsfahan) / 1751 başına koyuyor, künye `zend` f:1751-01-01 (künye aşımı)",①,fazla (zend erken),hanedan maddesi,https://islamansiklopedisi.org.tr/zendler,"1747-1750/51 arası sahibin kimliği bu şehir için kaynakta yok — dönemin KISALMASI ölçüldü, yerine ne geleceği ölçülmedi"
Şüşter,G Hûzistan,"Müşa'şa' (Havîze merkezli Arap Şiî hanedanı) zincirde HİÇ yok: `karakoyunlu` 1452→`akkoyunlu`→`safevi` 1508; TDV: Müşa'şa'lar Ahvaz, Dizfûl, Şüşter'i aldı, ~70 yıl bağımsız, 1508'den sonra Safevî'ye tâbi",③,eksik (müşa'şa') / fazla (karakoyunlu/akkoyunlu),şehir (adıyla),https://islamansiklopedisi.org.tr/huzistan ; https://islamansiklopedisi.org.tr/suster,Müşa'şa' künyesi YOK ⇒ BLOKE
Şüşter,G Hûzistan,"`lur-i-buzurg` 1335→1393; TDV suster: '1375'te Muzafferîler'in, ardından Timurlular'ın hâkimiyeti'",③,eksik (muzafferi 1375-~1393) / fazla (lur-i-buzurg),şehir,https://islamansiklopedisi.org.tr/suster,"künye `muzafferi` 1318-1393 VAR, pencere tutuyor"
Esterâbâd (Gürgân),I Horasan/Gürgân,"`zend` 1747-06-20'de başlıyor; TDV Zend iktidarını 1750 (İsfahan) / 1751 başına koyuyor, künye `zend` f:1751-01-01 (künye aşımı)",①,fazla (zend erken),hanedan maddesi,https://islamansiklopedisi.org.tr/zendler,"1747-1750/51 arası sahibin kimliği bu şehir için kaynakta yok — dönemin KISALMASI ölçüldü, yerine ne geleceği ölçülmedi"
Esterâbâd (Gürgân),I Horasan/Gürgân,"`serbedariler` 1337-09-09; TDV serbedariler: Gürgân Togay Timur'un başşehriydi, Serbedâr onu sonra aldı; Togay 13 Aralık 1353'te öldürüldü",②,fazla (serbedar erken) / eksik (ilhanli-Togay),"hanedan maddesi, şehir adıyla (Gürgân)",https://islamansiklopedisi.org.tr/serbedariler,künye `ilhanli` t:1353 kapsıyor · 1337-09-09 Sebzevâr günü (D207 beyansız devralma)
Esterâbâd (Gürgân),I Horasan/Gürgân,"1747-1794 `zend`; TDV kacarlar: Muhammed Hasan Han 1747 Esterâbâd, 1749 beylerbeyi, 1750 bağımsız (Esterâbâd/Cürcân/Mâzenderan/Gîlân), öldü 1759; Ağa Muhammed 1779'da Şîraz'dan kaçtı",③,"eksik (kaçar 1747-1759, ~1779-1794) / fazla (zend)","hanedan maddesi, şehir adıyla",https://islamansiklopedisi.org.tr/kacarlar,"künye `kacar` f:1789 ⇒ pencere TUTMAZ, BLOKE"
Esterâbâd (Gürgân),I Horasan/Gürgân,"`timurlu` 1386 / `mazenderan-marasi` 1507-1510: TDV esterabad yalnız 'İlhanlılar, Timurlular ve mahallî Türk beylerinin savaş alanı' (tarihsiz); 1510 Safevî ✓",ÖLÇ,—,şehir,https://islamansiklopedisi.org.tr/esterabad,Emîr Velî vb. ara sahipler kaynakla tarihlenemedi
Meşhed,I Horasan/Gürgân,"`zend` 1747-06-20'de başlıyor; TDV Zend iktidarını 1750 (İsfahan) / 1751 başına koyuyor, künye `zend` f:1751-01-01 (künye aşımı)",①,fazla (zend erken),hanedan maddesi,https://islamansiklopedisi.org.tr/zendler,"1747-1750/51 arası sahibin kimliği bu şehir için kaynakta yok — dönemin KISALMASI ölçüldü, yerine ne geleceği ölçülmedi"
Meşhed,I Horasan/Gürgân,"1747-1794 `zend`; TDV avsarlilar: Şâhruh Meşhed'de Ekim 1748'de tahta çıktı, 1796'ya dek; TDV meshed--iran: Horasan Dürrânî'ye tâbi (1750/1754); TDV zendler Meşhed'i anmıyor",②,fazla (zend) / eksik (afşar 1747-1796),şehir,https://islamansiklopedisi.org.tr/avsarlilar ; https://islamansiklopedisi.org.tr/meshed--iran ; https://islamansiklopedisi.org.tr/zendler,künye `afsar` 1736-03-08→1796-01-01 VAR — veri künyeden DAR; Dürrânî tâbiiyeti ayrı (v:) sorusu
Meşhed,I Horasan/Gürgân,"`kacar` 1794-01-01; TDV: Ağa Muhammed Şâhruh'u idam ettirdi (1796), birleştirme 1218/1803",②,fazla (kacar ~2-9 yıl erken),şehir,https://islamansiklopedisi.org.tr/avsarlilar ; https://islamansiklopedisi.org.tr/meshed--iran,afşar sürer
Meşhed,I Horasan/Gürgân,1589-1598 Özbek işgali zincirde yok; TDV: 'Şah I. Abbas Meşhed'i ancak dokuz yıl sonra geri alabildi',③,eksik (buhara),şehir,https://islamansiklopedisi.org.tr/meshed--iran,künye `buhara` 1500-1921 VAR; başlangıç yılı alıntıda açık değil
Meşhed,I Horasan/Gürgân,"`serbedariler` 1337-1381, `timurlu` 1381-04-01: TDV meshed--iran Serbedâr'ı anmıyor, Mîrân Şah Tûs'u 1389'da aldı",ÖLÇ,—,şehir,https://islamansiklopedisi.org.tr/meshed--iran ; https://islamansiklopedisi.org.tr/serbedariler,Tûs/Meşhed ayrımı; Câun-ı Kurbânî kaynakla sınanamadı
