A,B,taban,sonuc,fark
D5-GUN-1010-NEG-SONRA.diff,D5-GUN-1010-v3.diff,NEGATIF-YIL-1010-B-v2.diff,IKI-YON-DE-BASARISIZ,
D5-GUN-1010-NEG-SONRA.diff,KASA-DIKIS-KAPI-1010.diff,NEGATIF-YIL-1010-B-v2.diff,IKI-YON-DE-BASARISIZ,
D5-GUN-1010-NEG-SONRA.diff,KASA-GORUNURLUK-SAYAC-1010.diff,NEGATIF-YIL-1010-B-v2.diff,IKI-YON-DE-BASARISIZ,
D5-GUN-1010-NEG-SONRA.diff,SAHIPLIK-KAPSAM-1010-v3.diff,NEGATIF-YIL-1010-B-v2.diff,DEGISMELI,
D5-GUN-1010-NEG-SONRA.diff,YER-YAMA-SESSIZ-7-1010-KOORD-v2.diff,NEGATIF-YIL-1010-B-v2.diff,DEGISMELI,
D5-GUN-1010-NEG-SONRA.diff,YER-YAMA-SESSIZ-7-1010-KOORD.diff,NEGATIF-YIL-1010-B-v2.diff,DEGISMELI,
KUNYE-SUMER-7-1010-v4.diff,KUNYE-SUMER-7-1010.diff,KUNYE-SUMER-7-1010-v2.diff,IKI-YON-DE-BASARISIZ,
NOKTA-SUMER-1010-B10.diff,NOKTA-SUMER-1010-K2-B.diff,NOKTA-SUMER-1010-K2.diff,DEGISMELI,
NOKTA-SUMER-1010-B10.diff,SUMER-SAHIP-1010.diff,NOKTA-SUMER-1010.diff,SIRA-BAGIMLI(tek-yon:A>B),
NOKTA-SUMER-1010-K2-B.diff,NOKTA-SUMER-1010.diff,NOKTA-SUMER-1010-K2.diff,IKI-YON-DE-BASARISIZ,
NOKTA-SUMER-1010-K2-B.diff,SUMER-SAHIP-1010.diff,NOKTA-SUMER-1010-K2.diff+NOKTA-SUMER-1010.diff+NOKTA-SUMER-1010-B10.diff,IKI-YON-DE-BASARISIZ,
NOKTA-SUMER-1010-K2.diff,SUMER-SAHIP-1010.diff,NOKTA-SUMER-1010.diff+NOKTA-SUMER-1010-B10.diff,IKI-YON-DE-BASARISIZ,
NOKTA-SUMER-1010.diff,SUMER-SAHIP-1010.diff,NOKTA-SUMER-1010-B10.diff,SIRA-BAGIMLI(tek-yon:A>B),
