yuzyil,gun,bolge,kara_km2,boyayan_ic,boyayan_site_farkli,boyali_km2,boyali_pay,km2_per_boyayan,yakin_var_p50,yakin_var_p95,yakin_var_max,boyali_uzak_p95,boyali_uzak_max,yalniz_boyayan_p95,yalniz_boyayan_max,yogunluk_var_100bin,yogunluk_boyayan_100bin
12,1290-06-15 (pencere kırpık),Anadolu,749317,224,209,749317,1.0,3585,32,70,107,70,107,70,107,29.89,29.89
12,1290-06-15 (pencere kırpık),Balkanlar,802443,289,245,795413,0.991,3247,31,63,122,63,122,64,122,36.26,36.02
12,1290-06-15 (pencere kırpık),Kafkasya,184852,33,37,184852,1.0,4996,41,86,107,86,107,86,107,17.85,17.85
12,1290-06-15 (pencere kırpık),Mezopotamya/Irak,439874,35,42,350558,0.797,8347,57,152,205,155,205,229,308,8.41,7.96
12,1290-06-15 (pencere kırpık),Levant/Suriye,318722,36,42,286600,0.899,6824,58,140,185,116,185,169,281,11.3,11.3
12,1290-06-15 (pencere kırpık),Mısır,991971,55,57,843116,0.85,14792,91,192,261,181,258,347,542,5.65,5.54
12,1290-06-15 (pencere kırpık),İran,1541799,98,119,1541799,1.0,12956,63,143,220,143,220,143,220,6.36,6.36
12,1290-06-15 (pencere kırpık),Orta Asya,4331249,73,90,3821754,0.882,42464,103,218,366,223,366,255,390,2.03,1.69
12,1290-06-15 (pencere kırpık),Arabistan,2081513,52,56,1066502,0.512,19045,98,218,268,195,266,444,550,3.56,2.5
12,1290-06-15 (pencere kırpık),Kuzey Afrika,4155603,152,160,3052029,0.734,19075,103,241,760,247,760,497,760,4.19,3.66
12,1290-06-15 (pencere kırpık),Avrupa-Batı,3033678,311,319,2902077,0.957,9097,54,123,692,117,692,139,2389,10.45,10.25
12,1290-06-15 (pencere kırpık),Avrupa-Orta,987748,103,127,987748,1.0,7778,46,98,143,98,143,98,143,10.43,10.43
12,1290-06-15 (pencere kırpık),Avrupa-Doğu,935152,52,70,935152,1.0,13359,61,130,191,130,191,130,191,5.56,5.56
12,1290-06-15 (pencere kırpık),Rusya,9332572,135,171,4927755,0.528,28817,155,570,930,376,758,2088,2330,1.82,1.45
12,1290-06-15 (pencere kırpık),Hindistan,3463170,95,104,3175901,0.917,30538,95,203,414,205,414,276,428,2.86,2.74
12,1290-06-15 (pencere kırpık),Çin (+Kore),5299496,119,133,4864485,0.918,36575,104,341,501,283,496,566,1086,2.28,2.25
12,1290-06-15 (pencere kırpık),Japonya,320746,18,18,257512,0.803,14306,89,227,437,186,437,636,756,6.24,5.61
12,1290-06-15 (pencere kırpık),Güneydoğu Asya,3705091,172,177,2666932,0.72,15067,79,237,381,156,381,680,1304,5.26,4.64
12,1290-06-15 (pencere kırpık),Sahra-altı Afrika,22181606,277,283,15963718,0.72,56409,176,540,847,549,847,688,987,1.6,1.25
12,1290-06-15 (pencere kırpık),Amerika-Kuzey,16597931,133,135,14046744,0.846,104050,187,526,1135,507,1126,601,4097,0.96,0.8
12,1290-06-15 (pencere kırpık),Amerika-Güney,14697488,12,12,3130794,0.213,260899,354,1176,2006,809,1165,2999,3550,0.42,0.08
12,1290-06-15 (pencere kırpık),Okyanusya,7649448,1,1,98960,0.013,98960,273,1385,2374,2314,2374,3531,4296,0.8,0.01
13,1350-06-15,Anadolu,749317,225,209,749317,1.0,3585,32,70,107,70,107,70,107,30.03,30.03
13,1350-06-15,Balkanlar,802443,289,245,795413,0.991,3247,31,63,122,63,122,64,122,36.26,36.02
13,1350-06-15,Kafkasya,184852,33,37,184852,1.0,4996,41,86,107,86,107,86,107,17.85,17.85
13,1350-06-15,Mezopotamya/Irak,439874,35,42,350558,0.797,8347,57,152,205,155,205,229,308,8.41,7.96
13,1350-06-15,Levant/Suriye,318722,36,42,286600,0.899,6824,58,140,185,116,185,169,281,11.3,11.3
13,1350-06-15,Mısır,991971,55,57,843116,0.85,14792,91,192,261,181,258,347,542,5.65,5.54
13,1350-06-15,İran,1541799,99,120,1541799,1.0,12848,63,143,220,143,220,143,220,6.42,6.42
13,1350-06-15,Orta Asya,4331249,73,90,3821754,0.882,42464,103,218,366,223,366,255,390,2.03,1.69
13,1350-06-15,Arabistan,2081513,52,56,1066502,0.512,19045,98,218,268,195,266,444,550,3.56,2.5
13,1350-06-15,Kuzey Afrika,4155603,152,160,3052029,0.734,19075,103,241,760,247,760,497,760,4.19,3.66
13,1350-06-15,Avrupa-Batı,3033678,311,319,2902077,0.957,9097,54,123,692,117,692,139,2389,10.45,10.25
13,1350-06-15,Avrupa-Orta,987748,103,127,987748,1.0,7778,46,98,143,98,143,98,143,10.43,10.43
13,1350-06-15,Avrupa-Doğu,935152,52,70,935152,1.0,13359,61,130,191,130,191,130,191,5.56,5.56
13,1350-06-15,Rusya,9332572,136,172,4927755,0.528,28650,155,570,930,376,758,2088,2330,1.83,1.46
13,1350-06-15,Hindistan,3463170,97,106,3268199,0.944,30832,94,202,414,203,414,242,414,2.89,2.8
13,1350-06-15,Çin (+Kore),5299496,120,134,4875727,0.92,36386,104,341,501,283,496,566,1086,2.28,2.26
13,1350-06-15,Japonya,320746,18,18,257512,0.803,14306,89,227,437,186,437,636,756,6.24,5.61
13,1350-06-15,Güneydoğu Asya,3705091,177,182,2666932,0.72,14653,78,237,381,150,381,680,1304,5.4,4.78
13,1350-06-15,Sahra-altı Afrika,22181606,283,289,16430920,0.741,56854,173,532,847,545,847,633,935,1.62,1.28
13,1350-06-15,Amerika-Kuzey,16597931,136,138,14094444,0.849,102134,188,514,1135,500,1126,585,4097,0.98,0.82
13,1350-06-15,Amerika-Güney,14697488,12,12,3130794,0.213,260899,354,1176,2006,809,1165,2999,3550,0.42,0.08
13,1350-06-15,Okyanusya,7649448,1,0,0,0.0,0,249,1096,1497,-1,-1,3531,4296,0.82,0.01
14,1450-06-15,Anadolu,749317,227,209,749317,1.0,3585,32,70,107,70,107,70,107,30.29,30.29
14,1450-06-15,Balkanlar,802443,294,249,802443,1.0,3223,31,63,122,63,122,63,122,36.64,36.64
14,1450-06-15,Kafkasya,184852,33,37,184852,1.0,4996,41,86,107,86,107,86,107,17.85,17.85
14,1450-06-15,Mezopotamya/Irak,439874,35,42,350558,0.797,8347,57,152,205,155,205,229,308,8.41,7.96
14,1450-06-15,Levant/Suriye,318722,36,42,286600,0.899,6824,58,140,185,116,185,169,281,11.3,11.3
14,1450-06-15,Mısır,991971,55,57,843116,0.85,14792,91,192,261,181,258,347,542,5.65,5.54
14,1450-06-15,İran,1541799,98,118,1541799,1.0,13066,63,149,298,149,298,149,298,6.36,6.36
14,1450-06-15,Orta Asya,4331249,71,90,3821754,0.882,42464,105,229,366,234,366,262,390,1.99,1.64
14,1450-06-15,Arabistan,2081513,53,57,1067890,0.513,18735,98,218,268,195,266,444,550,3.56,2.55
14,1450-06-15,Kuzey Afrika,4155603,152,161,3071609,0.739,19078,103,239,760,248,760,497,760,4.19,3.66
14,1450-06-15,Avrupa-Batı,3033678,316,324,2927032,0.965,9034,54,123,692,117,692,139,2389,10.45,10.42
14,1450-06-15,Avrupa-Orta,987748,103,127,987748,1.0,7778,46,98,143,98,143,98,143,10.43,10.43
14,1450-06-15,Avrupa-Doğu,935152,53,70,890900,0.953,12727,60,126,191,128,191,139,191,5.88,5.67
14,1450-06-15,Rusya,9332572,135,169,4812768,0.516,28478,154,570,930,377,758,2088,2330,1.86,1.45
14,1450-06-15,Hindistan,3463170,101,109,3268199,0.944,29983,92,197,414,198,414,239,414,3.0,2.92
14,1450-06-15,Çin (+Kore),5299496,125,140,4916862,0.928,35120,101,335,501,270,496,511,844,2.38,2.36
14,1450-06-15,Japonya,320746,19,19,257512,0.803,13553,84,227,437,186,437,636,756,6.55,5.92
14,1450-06-15,Güneydoğu Asya,3705091,194,199,3085160,0.833,15503,76,197,369,162,341,589,1304,5.59,5.24
14,1450-06-15,Sahra-altı Afrika,22181606,299,305,16688409,0.752,54716,164,527,847,538,847,625,930,1.68,1.35
14,1450-06-15,Amerika-Kuzey,16597931,142,144,14398644,0.867,99991,188,514,1101,498,1101,584,4097,0.98,0.86
14,1450-06-15,Amerika-Güney,14697488,14,14,3140716,0.214,224337,351,1176,2006,808,1165,2999,3550,0.44,0.1
14,1450-06-15,Okyanusya,7649448,1,0,0,0.0,0,249,1096,1497,-1,-1,3531,4296,0.82,0.01
15,1550-06-15,Anadolu,749317,230,210,749317,1.0,3568,32,70,107,70,107,70,107,30.69,30.69
15,1550-06-15,Balkanlar,802443,299,253,802443,1.0,3172,31,63,122,63,122,63,122,37.26,37.26
15,1550-06-15,Kafkasya,184852,33,37,184852,1.0,4996,41,86,107,86,107,86,107,17.85,17.85
15,1550-06-15,Mezopotamya/Irak,439874,35,44,350558,0.797,7967,57,152,205,155,205,229,308,8.41,7.96
15,1550-06-15,Levant/Suriye,318722,36,42,286600,0.899,6824,58,140,185,116,185,169,281,11.3,11.3
15,1550-06-15,Mısır,991971,55,57,843116,0.85,14792,91,192,261,181,258,347,542,5.65,5.54
15,1550-06-15,İran,1541799,101,120,1541799,1.0,12848,63,149,298,149,298,149,298,6.55,6.55
15,1550-06-15,Orta Asya,4331249,71,90,3813124,0.88,42368,105,229,366,234,366,262,390,2.01,1.64
15,1550-06-15,Arabistan,2081513,53,57,1067890,0.513,18735,98,218,268,195,266,444,550,3.56,2.55
15,1550-06-15,Kuzey Afrika,4155603,154,163,3071609,0.739,18844,103,239,760,248,760,497,760,4.24,3.71
15,1550-06-15,Avrupa-Batı,3033678,318,325,2927032,0.965,9006,53,123,692,117,692,139,2298,10.52,10.48
15,1550-06-15,Avrupa-Orta,987748,103,127,987748,1.0,7778,46,98,143,98,143,98,143,10.43,10.43
15,1550-06-15,Avrupa-Doğu,935152,54,71,890900,0.953,12548,60,126,191,128,191,139,191,5.99,5.77
15,1550-06-15,Rusya,9332572,137,171,4828623,0.517,28238,152,570,930,377,758,2022,2330,1.88,1.47
15,1550-06-15,Hindistan,3463170,108,116,3184951,0.92,27456,87,181,384,175,384,237,384,3.23,3.12
15,1550-06-15,Çin (+Kore),5299496,125,140,4916862,0.928,35120,101,335,501,270,496,511,844,2.38,2.36
15,1550-06-15,Japonya,320746,23,23,318529,0.993,13849,76,227,437,222,437,227,437,7.17,7.17
15,1550-06-15,Güneydoğu Asya,3705091,202,207,3264336,0.881,15770,74,165,310,156,280,589,1304,5.78,5.45
15,1550-06-15,Sahra-altı Afrika,22181606,324,329,17251207,0.778,52435,151,520,824,529,824,602,858,1.77,1.46
15,1550-06-15,Amerika-Kuzey,16597931,169,170,14922355,0.899,87779,178,469,888,469,888,491,4097,1.13,1.02
15,1550-06-15,Amerika-Güney,14697488,42,43,6664537,0.453,154989,277,782,2006,863,1291,1821,3550,0.61,0.29
15,1550-06-15,Okyanusya,7649448,1,0,0,0.0,0,249,1096,1497,-1,-1,3531,4296,0.82,0.01
16,1650-06-15,Anadolu,749317,230,210,749317,1.0,3568,32,70,107,70,107,70,107,30.69,30.69
16,1650-06-15,Balkanlar,802443,300,254,802443,1.0,3159,30,63,122,63,122,63,122,37.39,37.39
16,1650-06-15,Kafkasya,184852,33,37,184852,1.0,4996,41,86,107,86,107,86,107,17.85,17.85
16,1650-06-15,Mezopotamya/Irak,439874,35,44,350558,0.797,7967,57,152,205,155,205,229,308,8.41,7.96
16,1650-06-15,Levant/Suriye,318722,36,42,286600,0.899,6824,58,140,185,116,185,169,281,11.3,11.3
16,1650-06-15,Mısır,991971,55,57,843116,0.85,14792,91,192,261,181,258,347,542,5.65,5.54
16,1650-06-15,İran,1541799,104,123,1541799,1.0,12535,62,149,298,149,298,149,298,6.75,6.75
16,1650-06-15,Orta Asya,4331249,77,99,3977874,0.918,40181,103,210,335,213,335,224,335,2.05,1.78
16,1650-06-15,Arabistan,2081513,54,58,1099557,0.528,18958,98,218,268,198,266,443,550,3.56,2.59
16,1650-06-15,Kuzey Afrika,4155603,162,172,3177132,0.765,18472,103,239,610,246,610,437,610,4.24,3.9
16,1650-06-15,Avrupa-Batı,3033678,320,328,2964001,0.977,9037,53,121,692,118,692,131,1110,10.58,10.55
16,1650-06-15,Avrupa-Orta,987748,104,129,987748,1.0,7657,45,97,143,97,143,97,143,10.53,10.53
16,1650-06-15,Avrupa-Doğu,935152,58,77,900844,0.963,11699,58,125,191,126,191,128,191,6.42,6.2
16,1650-06-15,Rusya,9332572,208,245,7911411,0.848,32291,105,305,679,287,568,812,1329,2.52,2.23
16,1650-06-15,Hindistan,3463170,114,122,3213392,0.928,26339,86,172,241,171,241,209,355,3.41,3.29
16,1650-06-15,Çin (+Kore),5299496,127,142,4916862,0.928,34626,100,327,501,243,496,511,844,2.42,2.4
16,1650-06-15,Japonya,320746,33,34,318529,0.993,9369,55,202,404,190,404,202,404,10.29,10.29
16,1650-06-15,Güneydoğu Asya,3705091,206,211,3285195,0.887,15570,73,154,300,147,277,589,1304,5.88,5.56
16,1650-06-15,Sahra-altı Afrika,22181606,369,373,18414802,0.83,49369,131,402,699,400,699,455,736,1.97,1.66
16,1650-06-15,Amerika-Kuzey,16597931,204,205,15421061,0.929,75225,163,448,888,451,888,463,4097,1.33,1.23
16,1650-06-15,Amerika-Güney,14697488,86,89,8446919,0.575,94909,193,629,2006,621,1291,1049,3550,0.9,0.59
16,1650-06-15,Okyanusya,7649448,1,0,0,0.0,0,249,1096,1497,-1,-1,3531,4296,0.82,0.01
17,1750-06-15,Anadolu,749317,231,211,749317,1.0,3551,32,70,107,70,107,70,107,30.83,30.83
17,1750-06-15,Balkanlar,802443,300,254,802443,1.0,3159,30,63,122,63,122,63,122,37.39,37.39
17,1750-06-15,Kafkasya,184852,33,37,184852,1.0,4996,41,86,107,86,107,86,107,17.85,17.85
17,1750-06-15,Mezopotamya/Irak,439874,36,45,350558,0.797,7790,56,136,197,142,197,229,308,8.64,8.18
17,1750-06-15,Levant/Suriye,318722,36,42,286600,0.899,6824,58,140,185,116,185,169,281,11.3,11.3
17,1750-06-15,Mısır,991971,55,57,843116,0.85,14792,91,192,261,181,258,347,542,5.65,5.54
17,1750-06-15,İran,1541799,105,124,1541799,1.0,12434,62,149,298,149,298,149,298,6.81,6.81
17,1750-06-15,Orta Asya,4331249,77,108,3961220,0.915,36678,101,200,335,203,335,220,335,2.08,1.78
17,1750-06-15,Arabistan,2081513,59,62,1248775,0.6,20142,98,215,268,179,266,392,498,3.56,2.83
17,1750-06-15,Kuzey Afrika,4155603,162,172,3177132,0.765,18472,103,239,610,246,610,437,610,4.24,3.9
17,1750-06-15,Avrupa-Batı,3033678,320,328,2964001,0.977,9037,53,121,692,118,692,131,1110,10.58,10.55
17,1750-06-15,Avrupa-Orta,987748,104,129,987748,1.0,7657,45,97,143,97,143,97,143,10.53,10.53
17,1750-06-15,Avrupa-Doğu,935152,63,83,935152,1.0,11267,57,125,191,125,191,125,191,6.74,6.74
17,1750-06-15,Rusya,9332572,272,307,8767507,0.939,28559,93,181,476,181,476,349,1320,3.13,2.91
17,1750-06-15,Hindistan,3463170,129,137,3386763,0.978,24721,82,157,237,157,237,163,336,3.75,3.72
17,1750-06-15,Çin (+Kore),5299496,137,156,5271597,0.995,33792,93,198,288,199,288,199,288,2.6,2.59
17,1750-06-15,Japonya,320746,33,34,318529,0.993,9369,55,202,284,190,281,202,304,10.29,10.29
17,1750-06-15,Güneydoğu Asya,3705091,210,215,3285195,0.887,15280,71,150,300,142,277,589,1304,5.99,5.67
17,1750-06-15,Sahra-altı Afrika,22181606,435,439,18629167,0.84,42435,111,304,553,298,546,359,623,2.29,1.96
17,1750-06-15,Amerika-Kuzey,16597931,274,274,15804273,0.952,57680,135,383,888,382,888,406,4097,1.73,1.65
17,1750-06-15,Amerika-Güney,14697488,141,144,10942261,0.744,75988,151,437,2006,444,1291,630,3550,1.21,0.96
17,1750-06-15,Okyanusya,7649448,3,1,1500,0.0,1500,249,1096,1497,80,83,3531,4296,0.82,0.04
18,1850-06-15,Anadolu,749317,231,211,749317,1.0,3551,32,70,107,70,107,70,107,30.83,30.83
18,1850-06-15,Balkanlar,802443,300,255,802443,1.0,3147,30,63,122,63,122,63,122,37.39,37.39
18,1850-06-15,Kafkasya,184852,34,38,184852,1.0,4865,40,78,98,78,98,78,98,18.39,18.39
18,1850-06-15,Mezopotamya/Irak,439874,36,46,350558,0.797,7621,56,136,197,142,197,229,286,8.64,8.18
18,1850-06-15,Levant/Suriye,318722,36,42,286600,0.899,6824,58,140,185,116,185,169,274,11.3,11.3
18,1850-06-15,Mısır,991971,55,57,843116,0.85,14792,91,192,261,181,258,347,542,5.65,5.54
18,1850-06-15,İran,1541799,108,127,1541799,1.0,12140,60,149,298,149,298,149,298,7.0,7.0
18,1850-06-15,Orta Asya,4331249,77,110,3969768,0.917,36089,101,198,335,201,335,216,335,2.1,1.78
18,1850-06-15,Arabistan,2081513,67,70,1630601,0.783,23294,97,213,268,194,258,316,446,3.65,3.22
18,1850-06-15,Kuzey Afrika,4155603,163,173,3177132,0.765,18365,102,239,610,246,610,437,610,4.26,3.92
18,1850-06-15,Avrupa-Batı,3033678,320,328,2964001,0.977,9037,53,121,692,118,692,131,1110,10.58,10.55
18,1850-06-15,Avrupa-Orta,987748,104,129,987748,1.0,7657,45,97,143,97,143,97,143,10.53,10.53
18,1850-06-15,Avrupa-Doğu,935152,65,84,935152,1.0,11133,57,124,191,124,191,124,191,6.95,6.95
18,1850-06-15,Rusya,9332572,282,315,8821171,0.945,28004,90,162,362,163,362,210,1320,3.24,3.02
18,1850-06-15,Hindistan,3463170,130,136,3346648,0.966,24608,80,155,237,155,237,166,296,3.81,3.75
18,1850-06-15,Çin (+Kore),5299496,142,161,5289915,0.998,32857,92,188,262,188,262,188,262,2.68,2.68
18,1850-06-15,Japonya,320746,33,34,318529,0.993,9369,55,202,284,190,281,202,304,10.29,10.29
18,1850-06-15,Güneydoğu Asya,3705091,208,213,3325660,0.898,15613,71,148,300,142,277,589,1304,6.13,5.61
18,1850-06-15,Sahra-altı Afrika,22181606,498,502,19034411,0.858,37917,101,257,545,252,545,318,623,2.57,2.25
18,1850-06-15,Amerika-Kuzey,16597931,432,434,16250034,0.979,37442,97,207,455,206,455,213,1382,2.66,2.6
18,1850-06-15,Amerika-Güney,14697488,205,208,11931889,0.812,57365,118,289,1481,298,1481,457,3550,1.64,1.39
18,1850-06-15,Okyanusya,7649448,36,34,2093196,0.274,61565,162,585,919,651,872,1545,2411,1.25,0.47
19,1911-06-15 (pencere kırpık),Anadolu,749317,232,212,749317,1.0,3535,32,70,107,70,107,70,107,30.96,30.96
19,1911-06-15 (pencere kırpık),Balkanlar,802443,300,255,802443,1.0,3147,30,63,122,63,122,63,122,37.39,37.39
19,1911-06-15 (pencere kırpık),Kafkasya,184852,34,38,184852,1.0,4865,40,78,98,78,98,78,98,18.39,18.39
19,1911-06-15 (pencere kırpık),Mezopotamya/Irak,439874,38,48,350558,0.797,7303,53,134,179,134,179,229,286,9.09,8.64
19,1911-06-15 (pencere kırpık),Levant/Suriye,318722,36,42,286600,0.899,6824,58,140,185,116,185,169,274,11.3,11.3
19,1911-06-15 (pencere kırpık),Mısır,991971,57,60,843116,0.85,14052,91,192,261,181,258,347,542,5.85,5.75
19,1911-06-15 (pencere kırpık),İran,1541799,108,128,1541799,1.0,12045,60,149,298,149,298,149,298,7.0,7.0
19,1911-06-15 (pencere kırpık),Orta Asya,4331249,91,124,4085904,0.943,32951,100,195,335,196,335,211,335,2.19,2.1
19,1911-06-15 (pencere kırpık),Arabistan,2081513,71,74,1711483,0.822,23128,97,213,268,196,258,316,440,3.65,3.41
19,1911-06-15 (pencere kırpık),Kuzey Afrika,4155603,166,176,3179850,0.765,18067,99,226,416,228,416,409,595,4.33,3.99
19,1911-06-15 (pencere kırpık),Avrupa-Batı,3033678,320,329,2964001,0.977,9009,53,121,529,118,529,131,1093,10.58,10.55
19,1911-06-15 (pencere kırpık),Avrupa-Orta,987748,104,129,987748,1.0,7657,45,97,143,97,143,97,143,10.53,10.53
19,1911-06-15 (pencere kırpık),Avrupa-Doğu,935152,65,84,935152,1.0,11133,57,124,191,124,191,124,191,6.95,6.95
19,1911-06-15 (pencere kırpık),Rusya,9332572,303,337,8956504,0.96,26577,89,159,362,159,362,172,1034,3.36,3.25
19,1911-06-15 (pencere kırpık),Hindistan,3463170,132,141,3463170,1.0,24561,80,155,237,155,237,155,237,3.81,3.81
19,1911-06-15 (pencere kırpık),Çin (+Kore),5299496,144,166,5299496,1.0,31925,91,180,262,180,262,180,262,2.72,2.72
19,1911-06-15 (pencere kırpık),Japonya,320746,34,35,320746,1.0,9164,53,116,245,116,245,116,245,10.6,10.6
19,1911-06-15 (pencere kırpık),Güneydoğu Asya,3705091,230,236,3514249,0.948,14891,69,139,277,139,277,181,471,6.45,6.21
19,1911-06-15 (pencere kırpık),Sahra-altı Afrika,22181606,679,682,20916340,0.943,30669,86,173,318,171,318,200,554,3.19,3.06
19,1911-06-15 (pencere kırpık),Amerika-Kuzey,16597931,493,495,16325695,0.984,32981,89,156,375,155,375,158,1382,3.03,2.97
19,1911-06-15 (pencere kırpık),Amerika-Güney,14697488,316,318,13355209,0.909,41998,94,177,344,178,344,247,3511,2.3,2.15
19,1911-06-15 (pencere kırpık),Okyanusya,7649448,144,135,5088794,0.665,37695,100,170,263,169,263,453,638,2.52,1.88
