i,ad,tur,kova_1010,v2_kovasi,kaynak_zinciri,gerekce
581,Pantelerya,kale,KANITLI-KESİN,ADAY,LAB-ADAY-YUKSEK-28 → KESİN,28-satır: PL Cossyra ikinci aile (§6.4b)
9,Ulubat,kale,KANITLI-KESİN,KUSUR-KESİN,v2-etki KUSUR-KESİN,v2 iki-aile KESİN
559,Egina (Aegina),kale,KANITLI-KESİN,KUSUR-KESİN,v2-etki KUSUR-KESİN,v2 iki-aile KESİN
563,Zaklise (Zakynthos),kale,KANITLI-KESİN,KUSUR-KESİN,v2-etki KUSUR-KESİN,v2 iki-aile KESİN
570,Hvar (Lesina),kale,KANITLI-KESİN,KUSUR-KESİN,v2-etki KUSUR-KESİN,v2 iki-aile KESİN
2410,Xieng Khouang,sehir,KANITLI-KESİN,KUSUR-KESİN,v2-etki KUSUR-KESİN,v2 iki-aile KESİN
3092,Sanirajak (Hall Beach),sehir,KANITLI-KESİN,KUSUR-KESİN,v2-etki KUSUR-KESİN,v2 iki-aile KESİN
3093,Uqsuqtuuq (Gjoa Haven),sehir,KANITLI-KESİN,KUSUR-KESİN,v2-etki KUSUR-KESİN,v2 iki-aile KESİN
3838,Tshane,sehir,KANITLI-KESİN,KUSUR-KESİN,v2-etki KUSUR-KESİN,v2 iki-aile KESİN
187,Bozcaada,kale,KANITLI-GERÇEK-TANIKLI,ADAY,"LAB-TARIHI-CEKIRDEK mekanik (N=1,5 km, sıkı)",atlas noktasında çekirdek tanığı yok; çekirdek iddia edilen nesnede (GN)
255,Aden,liman,KANITLI-GERÇEK-TANIKLI,ADAY,"LAB-TARIHI-CEKIRDEK mekanik (N=1,5 km, sıkı)",atlas noktasında çekirdek tanığı yok; çekirdek iddia edilen nesnede (PL)
538,Mikonos,kale,KANITLI-GERÇEK-TANIKLI,ADAY,"LAB-TARIHI-CEKIRDEK mekanik (N=1,5 km, sıkı)",atlas noktasında çekirdek tanığı yok; çekirdek iddia edilen nesnede (GN)
540,Yamurgi (Amorgos),kale,KANITLI-GERÇEK-TANIKLI,ADAY,"LAB-TARIHI-CEKIRDEK mekanik (N=1,5 km, sıkı)",atlas noktasında çekirdek tanığı yok; çekirdek iddia edilen nesnede (PL)
544,İleryoz (Leros),kale,KANITLI-GERÇEK-TANIKLI,ADAY,"LAB-TARIHI-CEKIRDEK mekanik (N=1,5 km, sıkı)",atlas noktasında çekirdek tanığı yok; çekirdek iddia edilen nesnede (GN)
594,Limasol,liman,KANITLI-GERÇEK-TANIKLI,ADAY,"LAB-TARIHI-CEKIRDEK mekanik (N=1,5 km, sıkı)",atlas noktasında çekirdek tanığı yok; çekirdek iddia edilen nesnede (GN)
809,Dubrovnik,sehir,KANITLI-GERÇEK-TANIKLI,ADAY,"LAB-TARIHI-CEKIRDEK mekanik (N=1,5 km, sıkı)",atlas noktasında çekirdek tanığı yok; çekirdek iddia edilen nesnede (GN)
1946,Zaculeu,sehir,KANITLI-GERÇEK-TANIKLI,ADAY,"LAB-TARIHI-CEKIRDEK mekanik (N=1,5 km, sıkı)",atlas noktasında çekirdek tanığı yok; çekirdek iddia edilen nesnede (GN)
3405,Fort Sill (Wiçita Dağları),kale,KANITLI-GERÇEK-TANIKLI,ADAY,"LAB-TARIHI-CEKIRDEK mekanik (N=1,5 km, sıkı)",atlas noktasında çekirdek tanığı yok; çekirdek iddia edilen nesnede (GN)
193,Çuha Adası (Kythira),kale,KANITLI-GERÇEK-VİKİPEDİ,ADAY,LAB-ADAY-YUKSEK-28 hukum_1010 (elle),"el hükmü, WP/kaynak anlatısı; gazetteer çekirdek tanığı yok (§4 kırmızı çizgi)"
457,Ayamavra (Lefkada),kale,KANITLI-GERÇEK-VİKİPEDİ,ADAY,LAB-ADAY-YUKSEK-28 hukum_1010 (elle),"el hükmü, WP/kaynak anlatısı; gazetteer çekirdek tanığı yok (§4 kırmızı çizgi)"
564,Krk (Veglia),kale,KANITLI-GERÇEK-VİKİPEDİ,ADAY,LAB-ADAY-YUKSEK-28 hukum_1010 (elle),"el hükmü, WP/kaynak anlatısı; gazetteer çekirdek tanığı yok (§4 kırmızı çizgi)"
571,Korçula (Kurzola),kale,KANITLI-GERÇEK-VİKİPEDİ,ADAY,LAB-ADAY-YUKSEK-28 hukum_1010 (elle),"el hükmü, WP/kaynak anlatısı; gazetteer çekirdek tanığı yok (§4 kırmızı çizgi)"
1443,Jinan,sehir,KANITLI-GERÇEK-VİKİPEDİ,ADAY,LAB-ADAY-YUKSEK-28 hukum_1010 (elle),"el hükmü, WP/kaynak anlatısı; gazetteer çekirdek tanığı yok (§4 kırmızı çizgi)"
1561,Pusan,liman,KANITLI-GERÇEK-VİKİPEDİ,ADAY,LAB-ADAY-YUKSEK-28 hukum_1010 (elle),"el hükmü, WP/kaynak anlatısı; gazetteer çekirdek tanığı yok (§4 kırmızı çizgi)"
1569,Ûicu (Uiju),kale,KANITLI-GERÇEK-VİKİPEDİ,ADAY,LAB-ADAY-YUKSEK-28 hukum_1010 (elle),"el hükmü, WP/kaynak anlatısı; gazetteer çekirdek tanığı yok (§4 kırmızı çizgi)"
3229,Nichicun (HBC iç karakolu),kale,KANITLI-GERÇEK-VİKİPEDİ,ADAY,LAB-ADAY-YUKSEK-28 hukum_1010 (elle),"el hükmü, WP/kaynak anlatısı; gazetteer çekirdek tanığı yok (§4 kırmızı çizgi)"
269,Sennar,sehir,SINANAMAZ,ADAY,ADAY-ÖLÇÜLEMEDİ: 28-satır el hükmü,önceki hüküm korunur (yeni aile hükmü değiştirmiyor); mekanik: iki noktada da tarihî-çekirdek tanığı yok (modern merkezin dönem nesnesi olduğu gösterilemiyor)
556,Alonisos,kale,SINANAMAZ,ADAY,ADAY-ÖLÇÜLEMEDİ: 28-satır el hükmü,önceki hüküm korunur (yeni aile hükmü değiştirmiyor); mekanik: iki noktada da tarihî-çekirdek tanığı yok (modern merkezin dönem nesnesi olduğu gösterilemiyor)
557,Marmara Adası,kale,SINANAMAZ,ADAY,ADAY-ÖLÇÜLEMEDİ: 28-satır el hükmü,önceki hüküm korunur (yeni aile hükmü değiştirmiyor); mekanik: iki noktada da tarihî-çekirdek tanığı yok (modern merkezin dönem nesnesi olduğu gösterilemiyor)
561,Kefalonya,kale,SINANAMAZ,ADAY,ADAY-ÖLÇÜLEMEDİ: 28-satır el hükmü,önceki hüküm korunur (yeni aile hükmü değiştirmiyor); mekanik: iki noktada da tarihî-çekirdek tanığı yok (modern merkezin dönem nesnesi olduğu gösterilemiyor)
562,İthaki,kale,SINANAMAZ,ADAY,ADAY-ÖLÇÜLEMEDİ: 28-satır el hükmü,önceki hüküm korunur (yeni aile hükmü değiştirmiyor); mekanik: iki noktada da tarihî-çekirdek tanığı yok (modern merkezin dönem nesnesi olduğu gösterilemiyor)
589,Kiş (Kish),kale,SINANAMAZ,ADAY,ADAY-ÖLÇÜLEMEDİ: 28-satır el hükmü,önceki hüküm korunur (yeni aile hükmü değiştirmiyor); mekanik: iki noktada da tarihî-çekirdek tanığı yok (modern merkezin dönem nesnesi olduğu gösterilemiyor)
3849,Tsabong,sehir,SINANAMAZ,ADAY,ADAY-ÖLÇÜLEMEDİ: 28-satır el hükmü,önceki hüküm korunur (yeni aile hükmü değiştirmiyor); mekanik: iki noktada da tarihî-çekirdek tanığı yok (modern merkezin dönem nesnesi olduğu gösterilemiyor)
3364,Cincinnati (Losantiville),sehir,SINANAMAZ,ADAY,ADAY-ÖLÇÜLEMEDİ: el düzeltmesi,önceki hüküm korunur (yeni aile hükmü değiştirmiyor); mekanik: atlas noktası tarihî-çekirdek kaydına ≤1.5 km; iddia edilen doğru nesne modern merkez (GN P.PPLA2)
149,Priştine,sehir,SINANAMAZ,ADAY,ADAY-ÖLÇÜLEMEDİ: mekanik (tanık yok / ayırt etmiyor),önceki hüküm korunur (yeni aile hükmü değiştirmiyor); mekanik: iki noktada da tarihî-çekirdek tanığı yok (modern merkezin dönem nesnesi olduğu gösterilemiyor)
308,Harkov,sehir,SINANAMAZ,ADAY,ADAY-ÖLÇÜLEMEDİ: mekanik (tanık yok / ayırt etmiyor),önceki hüküm korunur (yeni aile hükmü değiştirmiyor); mekanik: iki noktada da tarihî-çekirdek tanığı yok (modern merkezin dönem nesnesi olduğu gösterilemiyor)
312,Roma,sehir,SINANAMAZ,ADAY,ADAY-ÖLÇÜLEMEDİ: mekanik (tanık yok / ayırt etmiyor),"önceki hüküm korunur (yeni aile hükmü değiştirmiyor); mekanik: atlas noktası çekirdek kaydında ama iddia edilen nesne modern merkez değil (PL urban, settlement) ⇒ iki tarihî aday"
333,Lyon,sehir,SINANAMAZ,ADAY,ADAY-ÖLÇÜLEMEDİ: mekanik (tanık yok / ayırt etmiyor),önceki hüküm korunur (yeni aile hükmü değiştirmiyor); mekanik: atlas noktası çekirdek kaydında ama iddia edilen nesne modern merkez değil (PL settlement) ⇒ iki tarihî aday
445,Varad (Oradea),kale,SINANAMAZ,ADAY,ADAY-ÖLÇÜLEMEDİ: mekanik (tanık yok / ayırt etmiyor),önceki hüküm korunur (yeni aile hükmü değiştirmiyor); mekanik: iki noktada da tarihî-çekirdek tanığı yok (modern merkezin dönem nesnesi olduğu gösterilemiyor)
497,Samandıra,kale,SINANAMAZ,ADAY,ADAY-ÖLÇÜLEMEDİ: mekanik (tanık yok / ayırt etmiyor),önceki hüküm korunur (yeni aile hükmü değiştirmiyor); mekanik: iki noktada da tarihî-çekirdek tanığı yok (modern merkezin dönem nesnesi olduğu gösterilemiyor)
521,Varadin (Petrovaradin),kale,SINANAMAZ,ADAY,ADAY-ÖLÇÜLEMEDİ: mekanik (tanık yok / ayırt etmiyor),önceki hüküm korunur (yeni aile hükmü değiştirmiyor); mekanik: iki noktada da tarihî-çekirdek tanığı yok (modern merkezin dönem nesnesi olduğu gösterilemiyor)
530,Paros,kale,SINANAMAZ,ADAY,ADAY-ÖLÇÜLEMEDİ: mekanik (tanık yok / ayırt etmiyor),önceki hüküm korunur (yeni aile hükmü değiştirmiyor); mekanik: iki noktada da tarihî-çekirdek tanığı yok (modern merkezin dönem nesnesi olduğu gösterilemiyor)
532,Kimolos (Argentiera),kale,SINANAMAZ,ADAY,ADAY-ÖLÇÜLEMEDİ: mekanik (tanık yok / ayırt etmiyor),önceki hüküm korunur (yeni aile hükmü değiştirmiyor); mekanik: iki noktada da tarihî-çekirdek tanığı yok (modern merkezin dönem nesnesi olduğu gösterilemiyor)
533,Murted (Kea),kale,SINANAMAZ,ADAY,ADAY-ÖLÇÜLEMEDİ: mekanik (tanık yok / ayırt etmiyor),önceki hüküm korunur (yeni aile hükmü değiştirmiyor); mekanik: iki noktada da tarihî-çekirdek tanığı yok (modern merkezin dönem nesnesi olduğu gösterilemiyor)
534,Termiye (Kythnos),kale,SINANAMAZ,ADAY,ADAY-ÖLÇÜLEMEDİ: mekanik (tanık yok / ayırt etmiyor),önceki hüküm korunur (yeni aile hükmü değiştirmiyor); mekanik: iki noktada da tarihî-çekirdek tanığı yok (modern merkezin dönem nesnesi olduğu gösterilemiyor)
535,Koçbaba (Serifos),kale,SINANAMAZ,ADAY,ADAY-ÖLÇÜLEMEDİ: mekanik (tanık yok / ayırt etmiyor),önceki hüküm korunur (yeni aile hükmü değiştirmiyor); mekanik: iki noktada da tarihî-çekirdek tanığı yok (modern merkezin dönem nesnesi olduğu gösterilemiyor)
536,Sifnos (Yavuzca),kale,SINANAMAZ,ADAY,ADAY-ÖLÇÜLEMEDİ: mekanik (tanık yok / ayırt etmiyor),önceki hüküm korunur (yeni aile hükmü değiştirmiyor); mekanik: iki noktada da tarihî-çekirdek tanığı yok (modern merkezin dönem nesnesi olduğu gösterilemiyor)
537,Sire (Syros),kale,SINANAMAZ,ADAY,ADAY-ÖLÇÜLEMEDİ: mekanik (tanık yok / ayırt etmiyor),önceki hüküm korunur (yeni aile hükmü değiştirmiyor); mekanik: iki noktada da tarihî-çekirdek tanığı yok (modern merkezin dönem nesnesi olduğu gösterilemiyor)
539,Nio (İos),kale,SINANAMAZ,ADAY,ADAY-ÖLÇÜLEMEDİ: mekanik (tanık yok / ayırt etmiyor),önceki hüküm korunur (yeni aile hükmü değiştirmiyor); mekanik: iki noktada da tarihî-çekirdek tanığı yok (modern merkezin dönem nesnesi olduğu gösterilemiyor)
541,Namfi (Anafi),kale,SINANAMAZ,ADAY,ADAY-ÖLÇÜLEMEDİ: mekanik (tanık yok / ayırt etmiyor),önceki hüküm korunur (yeni aile hükmü değiştirmiyor); mekanik: iki noktada da tarihî-çekirdek tanığı yok (modern merkezin dönem nesnesi olduğu gösterilemiyor)
543,Kelemez (Kalimnos),kale,SINANAMAZ,ADAY,ADAY-ÖLÇÜLEMEDİ: mekanik (tanık yok / ayırt etmiyor),önceki hüküm korunur (yeni aile hükmü değiştirmiyor); mekanik: iki noktada da tarihî-çekirdek tanığı yok (modern merkezin dönem nesnesi olduğu gösterilemiyor)
545,Sömbeki (Simi),kale,SINANAMAZ,ADAY,ADAY-ÖLÇÜLEMEDİ: mekanik (tanık yok / ayırt etmiyor),önceki hüküm korunur (yeni aile hükmü değiştirmiyor); mekanik: iki noktada da tarihî-çekirdek tanığı yok (modern merkezin dönem nesnesi olduğu gösterilemiyor)
549,Batnoz (Patmos),kale,SINANAMAZ,ADAY,ADAY-ÖLÇÜLEMEDİ: mekanik (tanık yok / ayırt etmiyor),önceki hüküm korunur (yeni aile hükmü değiştirmiyor); mekanik: iki noktada da tarihî-çekirdek tanığı yok (modern merkezin dönem nesnesi olduğu gösterilemiyor)
550,İstanbulya (Astipalya),kale,SINANAMAZ,ADAY,ADAY-ÖLÇÜLEMEDİ: mekanik (tanık yok / ayırt etmiyor),"önceki hüküm korunur (yeni aile hükmü değiştirmiyor); mekanik: tanık 0.05° ızgaraya yuvarlak (≈5.5 km), çözünürlük > ölçülen fark 2.45 km (§9.4)"
551,Kaşot (Kasos),kale,SINANAMAZ,ADAY,ADAY-ÖLÇÜLEMEDİ: mekanik (tanık yok / ayırt etmiyor),önceki hüküm korunur (yeni aile hükmü değiştirmiyor); mekanik: iki noktada da tarihî-çekirdek tanığı yok (modern merkezin dönem nesnesi olduğu gösterilemiyor)
553,İpsara (Psara),kale,SINANAMAZ,ADAY,ADAY-ÖLÇÜLEMEDİ: mekanik (tanık yok / ayırt etmiyor),önceki hüküm korunur (yeni aile hükmü değiştirmiyor); mekanik: iki noktada da tarihî-çekirdek tanığı yok (modern merkezin dönem nesnesi olduğu gösterilemiyor)
558,Kulluk (Salamis),kale,SINANAMAZ,ADAY,ADAY-ÖLÇÜLEMEDİ: mekanik (tanık yok / ayırt etmiyor),önceki hüküm korunur (yeni aile hükmü değiştirmiyor); mekanik: iki noktada da tarihî-çekirdek tanığı yok (modern merkezin dönem nesnesi olduğu gösterilemiyor)
560,Çamlıca (Hidra),kale,SINANAMAZ,ADAY,ADAY-ÖLÇÜLEMEDİ: mekanik (tanık yok / ayırt etmiyor),önceki hüküm korunur (yeni aile hükmü değiştirmiyor); mekanik: iki noktada da tarihî-çekirdek tanığı yok (modern merkezin dönem nesnesi olduğu gösterilemiyor)
566,Rab (Arbe),kale,SINANAMAZ,ADAY,ADAY-ÖLÇÜLEMEDİ: mekanik (tanık yok / ayırt etmiyor),önceki hüküm korunur (yeni aile hükmü değiştirmiyor); mekanik: iki noktada da tarihî-çekirdek tanığı yok (modern merkezin dönem nesnesi olduğu gösterilemiyor)
572,Vis (Lissa),kale,SINANAMAZ,ADAY,ADAY-ÖLÇÜLEMEDİ: mekanik (tanık yok / ayırt etmiyor),önceki hüküm korunur (yeni aile hükmü değiştirmiyor); mekanik: iki noktada da tarihî-çekirdek tanığı yok (modern merkezin dönem nesnesi olduğu gösterilemiyor)
577,Ayacyo (Ajaccio),liman,SINANAMAZ,ADAY,ADAY-ÖLÇÜLEMEDİ: mekanik (tanık yok / ayırt etmiyor),önceki hüküm korunur (yeni aile hükmü değiştirmiyor); mekanik: iki noktada da tarihî-çekirdek tanığı yok (modern merkezin dönem nesnesi olduğu gösterilemiyor)
583,Kerkene (Kerkennah),kale,SINANAMAZ,ADAY,ADAY-ÖLÇÜLEMEDİ: mekanik (tanık yok / ayırt etmiyor),önceki hüküm korunur (yeni aile hükmü değiştirmiyor); mekanik: iki noktada da tarihî-çekirdek tanığı yok (modern merkezin dönem nesnesi olduğu gösterilemiyor)
586,Kemeran (Kamaran),kale,SINANAMAZ,ADAY,ADAY-ÖLÇÜLEMEDİ: mekanik (tanık yok / ayırt etmiyor),önceki hüküm korunur (yeni aile hükmü değiştirmiyor); mekanik: iki noktada da tarihî-çekirdek tanığı yok (modern merkezin dönem nesnesi olduğu gösterilemiyor)
591,Masira,kale,SINANAMAZ,ADAY,ADAY-ÖLÇÜLEMEDİ: mekanik (tanık yok / ayırt etmiyor),önceki hüküm korunur (yeni aile hükmü değiştirmiyor); mekanik: iki noktada da tarihî-çekirdek tanığı yok (modern merkezin dönem nesnesi olduğu gösterilemiyor)
614,Uluborlu,sehir,SINANAMAZ,ADAY,ADAY-ÖLÇÜLEMEDİ: mekanik (tanık yok / ayırt etmiyor),önceki hüküm korunur (yeni aile hükmü değiştirmiyor); mekanik: iki noktada da tarihî-çekirdek tanığı yok (modern merkezin dönem nesnesi olduğu gösterilemiyor)
655,Kûfe,sehir,SINANAMAZ,ADAY,ADAY-ÖLÇÜLEMEDİ: mekanik (tanık yok / ayırt etmiyor),önceki hüküm korunur (yeni aile hükmü değiştirmiyor); mekanik: atlas noktası çekirdek kaydında ama iddia edilen nesne modern merkez değil (TH capitals) ⇒ iki tarihî aday
664,Akra,sehir,SINANAMAZ,ADAY,ADAY-ÖLÇÜLEMEDİ: mekanik (tanık yok / ayırt etmiyor),önceki hüküm korunur (yeni aile hükmü değiştirmiyor); mekanik: iki noktada da tarihî-çekirdek tanığı yok (modern merkezin dönem nesnesi olduğu gösterilemiyor)
677,Kürne,sehir,SINANAMAZ,ADAY,ADAY-ÖLÇÜLEMEDİ: mekanik (tanık yok / ayırt etmiyor),önceki hüküm korunur (yeni aile hükmü değiştirmiyor); mekanik: iki noktada da tarihî-çekirdek tanığı yok (modern merkezin dönem nesnesi olduğu gösterilemiyor)
761,Garabogaz (Bekdaş),bolge,SINANAMAZ,ADAY,ADAY-ÖLÇÜLEMEDİ: mekanik (tanık yok / ayırt etmiyor),önceki hüküm korunur (yeni aile hükmü değiştirmiyor); mekanik: iki noktada da tarihî-çekirdek tanığı yok (modern merkezin dönem nesnesi olduğu gösterilemiyor)
783,Palu,kale,SINANAMAZ,ADAY,ADAY-ÖLÇÜLEMEDİ: mekanik (tanık yok / ayırt etmiyor),önceki hüküm korunur (yeni aile hükmü değiştirmiyor); mekanik: iki noktada da tarihî-çekirdek tanığı yok (modern merkezin dönem nesnesi olduğu gösterilemiyor)
877,Sellûm,liman,SINANAMAZ,ADAY,ADAY-ÖLÇÜLEMEDİ: mekanik (tanık yok / ayırt etmiyor),önceki hüküm korunur (yeni aile hükmü değiştirmiyor); mekanik: iki noktada da tarihî-çekirdek tanığı yok (modern merkezin dönem nesnesi olduğu gösterilemiyor)
899,Vâdî Halfâ,kale,SINANAMAZ,ADAY,ADAY-ÖLÇÜLEMEDİ: mekanik (tanık yok / ayırt etmiyor),önceki hüküm korunur (yeni aile hükmü değiştirmiyor); mekanik: iki noktada da tarihî-çekirdek tanığı yok (modern merkezin dönem nesnesi olduğu gösterilemiyor)
989,Hafun,liman,SINANAMAZ,ADAY,ADAY-ÖLÇÜLEMEDİ: mekanik (tanık yok / ayırt etmiyor),önceki hüküm korunur (yeni aile hükmü değiştirmiyor); mekanik: iki noktada da tarihî-çekirdek tanığı yok (modern merkezin dönem nesnesi olduğu gösterilemiyor)
1175,Zaragoza,sehir,SINANAMAZ,ADAY,ADAY-ÖLÇÜLEMEDİ: mekanik (tanık yok / ayırt etmiyor),önceki hüküm korunur (yeni aile hükmü değiştirmiyor); mekanik: atlas noktası çekirdek kaydında ama iddia edilen nesne modern merkez değil (PL settlement) ⇒ iki tarihî aday
1202,Nykøbing (Falster),liman,SINANAMAZ,ADAY,ADAY-ÖLÇÜLEMEDİ: mekanik (tanık yok / ayırt etmiyor),önceki hüküm korunur (yeni aile hükmü değiştirmiyor); mekanik: iki noktada da tarihî-çekirdek tanığı yok (modern merkezin dönem nesnesi olduğu gösterilemiyor)
1301,Delhi,sehir,SINANAMAZ,ADAY,ADAY-ÖLÇÜLEMEDİ: mekanik (tanık yok / ayırt etmiyor),önceki hüküm korunur (yeni aile hükmü değiştirmiyor); mekanik: iki noktada da tarihî-çekirdek tanığı yok (modern merkezin dönem nesnesi olduğu gösterilemiyor)
1317,Katmandu,sehir,SINANAMAZ,ADAY,ADAY-ÖLÇÜLEMEDİ: mekanik (tanık yok / ayırt etmiyor),önceki hüküm korunur (yeni aile hükmü değiştirmiyor); mekanik: iki noktada da tarihî-çekirdek tanığı yok (modern merkezin dönem nesnesi olduğu gösterilemiyor)
1347,Ahmedâbâd,sehir,SINANAMAZ,ADAY,ADAY-ÖLÇÜLEMEDİ: mekanik (tanık yok / ayırt etmiyor),önceki hüküm korunur (yeni aile hükmü değiştirmiyor); mekanik: iki noktada da tarihî-çekirdek tanığı yok (modern merkezin dönem nesnesi olduğu gösterilemiyor)
1358,İndor (Indore),sehir,SINANAMAZ,ADAY,ADAY-ÖLÇÜLEMEDİ: mekanik (tanık yok / ayırt etmiyor),önceki hüküm korunur (yeni aile hükmü değiştirmiyor); mekanik: iki noktada da tarihî-çekirdek tanığı yok (modern merkezin dönem nesnesi olduğu gösterilemiyor)
1428,Yafna (Jaffna),sehir,SINANAMAZ,ADAY,ADAY-ÖLÇÜLEMEDİ: mekanik (tanık yok / ayırt etmiyor),önceki hüküm korunur (yeni aile hükmü değiştirmiyor); mekanik: iki noktada da tarihî-çekirdek tanığı yok (modern merkezin dönem nesnesi olduğu gösterilemiyor)
1434,Cehol (Chengde),sehir,SINANAMAZ,ADAY,ADAY-ÖLÇÜLEMEDİ: mekanik (tanık yok / ayırt etmiyor),önceki hüküm korunur (yeni aile hükmü değiştirmiyor); mekanik: iki noktada da tarihî-çekirdek tanığı yok (modern merkezin dönem nesnesi olduğu gösterilemiyor)
1460,Xiangyang,kale,SINANAMAZ,ADAY,ADAY-ÖLÇÜLEMEDİ: mekanik (tanık yok / ayırt etmiyor),önceki hüküm korunur (yeni aile hükmü değiştirmiyor); mekanik: iki noktada da tarihî-çekirdek tanığı yok (modern merkezin dönem nesnesi olduğu gösterilemiyor)
1528,Sakai,liman,SINANAMAZ,ADAY,ADAY-ÖLÇÜLEMEDİ: mekanik (tanık yok / ayırt etmiyor),önceki hüküm korunur (yeni aile hükmü değiştirmiyor); mekanik: iki noktada da tarihî-çekirdek tanığı yok (modern merkezin dönem nesnesi olduğu gösterilemiyor)
1530,Odawara,kale,SINANAMAZ,ADAY,ADAY-ÖLÇÜLEMEDİ: mekanik (tanık yok / ayırt etmiyor),önceki hüküm korunur (yeni aile hükmü değiştirmiyor); mekanik: iki noktada da tarihî-çekirdek tanığı yok (modern merkezin dönem nesnesi olduğu gösterilemiyor)
1534,Kanazawa,sehir,SINANAMAZ,ADAY,ADAY-ÖLÇÜLEMEDİ: mekanik (tanık yok / ayırt etmiyor),önceki hüküm korunur (yeni aile hükmü değiştirmiyor); mekanik: iki noktada da tarihî-çekirdek tanığı yok (modern merkezin dönem nesnesi olduğu gösterilemiyor)
1537,Matsue,sehir,SINANAMAZ,ADAY,ADAY-ÖLÇÜLEMEDİ: mekanik (tanık yok / ayırt etmiyor),önceki hüküm korunur (yeni aile hükmü değiştirmiyor); mekanik: iki noktada da tarihî-çekirdek tanığı yok (modern merkezin dönem nesnesi olduğu gösterilemiyor)
1538,Himeji,kale,SINANAMAZ,ADAY,ADAY-ÖLÇÜLEMEDİ: mekanik (tanık yok / ayırt etmiyor),önceki hüküm korunur (yeni aile hükmü değiştirmiyor); mekanik: iki noktada da tarihî-çekirdek tanığı yok (modern merkezin dönem nesnesi olduğu gösterilemiyor)
1539,Okayama,sehir,SINANAMAZ,ADAY,ADAY-ÖLÇÜLEMEDİ: mekanik (tanık yok / ayırt etmiyor),önceki hüküm korunur (yeni aile hükmü değiştirmiyor); mekanik: iki noktada da tarihî-çekirdek tanığı yok (modern merkezin dönem nesnesi olduğu gösterilemiyor)
1544,Hakata (Fukuoka),liman,SINANAMAZ,ADAY,ADAY-ÖLÇÜLEMEDİ: mekanik (tanık yok / ayırt etmiyor),önceki hüküm korunur (yeni aile hükmü değiştirmiyor); mekanik: iki noktada da tarihî-çekirdek tanığı yok (modern merkezin dönem nesnesi olduğu gösterilemiyor)
1548,Kagoşima,liman,SINANAMAZ,ADAY,ADAY-ÖLÇÜLEMEDİ: mekanik (tanık yok / ayırt etmiyor),önceki hüküm korunur (yeni aile hükmü değiştirmiyor); mekanik: iki noktada da tarihî-çekirdek tanığı yok (modern merkezin dönem nesnesi olduğu gösterilemiyor)
1551,Aizu-Wakamatsu,kale,SINANAMAZ,ADAY,ADAY-ÖLÇÜLEMEDİ: mekanik (tanık yok / ayırt etmiyor),önceki hüküm korunur (yeni aile hükmü değiştirmiyor); mekanik: iki noktada da tarihî-çekirdek tanığı yok (modern merkezin dönem nesnesi olduğu gösterilemiyor)
1572,Kyongsong (Gyeongseong),kale,SINANAMAZ,ADAY,ADAY-ÖLÇÜLEMEDİ: mekanik (tanık yok / ayırt etmiyor),önceki hüküm korunur (yeni aile hükmü değiştirmiyor); mekanik: iki noktada da tarihî-çekirdek tanığı yok (modern merkezin dönem nesnesi olduğu gösterilemiyor)
1582,Moulmein (Mawlamyine),liman,SINANAMAZ,ADAY,ADAY-ÖLÇÜLEMEDİ: mekanik (tanık yok / ayırt etmiyor),önceki hüküm korunur (yeni aile hükmü değiştirmiyor); mekanik: iki noktada da tarihî-çekirdek tanığı yok (modern merkezin dönem nesnesi olduğu gösterilemiyor)
1616,Banda Açe,liman,SINANAMAZ,ADAY,ADAY-ÖLÇÜLEMEDİ: mekanik (tanık yok / ayırt etmiyor),önceki hüküm korunur (yeni aile hükmü değiştirmiyor); mekanik: iki noktada da tarihî-çekirdek tanığı yok (modern merkezin dönem nesnesi olduğu gösterilemiyor)
1620,Trowulan (Majapahit),sehir,SINANAMAZ,ADAY,ADAY-ÖLÇÜLEMEDİ: mekanik (tanık yok / ayırt etmiyor),önceki hüküm korunur (yeni aile hükmü değiştirmiyor); mekanik: iki noktada da tarihî-çekirdek tanığı yok (modern merkezin dönem nesnesi olduğu gösterilemiyor)
1624,Batavia (Cakarta),liman,SINANAMAZ,ADAY,ADAY-ÖLÇÜLEMEDİ: mekanik (tanık yok / ayırt etmiyor),önceki hüküm korunur (yeni aile hükmü değiştirmiyor); mekanik: iki noktada da tarihî-çekirdek tanığı yok (modern merkezin dönem nesnesi olduğu gösterilemiyor)
1627,Surakarta (Solo),sehir,SINANAMAZ,ADAY,ADAY-ÖLÇÜLEMEDİ: mekanik (tanık yok / ayırt etmiyor),önceki hüküm korunur (yeni aile hükmü değiştirmiyor); mekanik: iki noktada da tarihî-çekirdek tanığı yok (modern merkezin dönem nesnesi olduğu gösterilemiyor)
1679,Kaunas,sehir,SINANAMAZ,ADAY,ADAY-ÖLÇÜLEMEDİ: mekanik (tanık yok / ayırt etmiyor),önceki hüküm korunur (yeni aile hükmü değiştirmiyor); mekanik: iki noktada da tarihî-çekirdek tanığı yok (modern merkezin dönem nesnesi olduğu gösterilemiyor)
1697,Petsamo (Peçenga),sehir,SINANAMAZ,ADAY,ADAY-ÖLÇÜLEMEDİ: mekanik (tanık yok / ayırt etmiyor),önceki hüküm korunur (yeni aile hükmü değiştirmiyor); mekanik: iki noktada da tarihî-çekirdek tanığı yok (modern merkezin dönem nesnesi olduğu gösterilemiyor)
1829,Rezve (Rezovo),koy,SINANAMAZ,ADAY,ADAY-ÖLÇÜLEMEDİ: mekanik (tanık yok / ayırt etmiyor),önceki hüküm korunur (yeni aile hükmü değiştirmiyor); mekanik: iki noktada da tarihî-çekirdek tanığı yok (modern merkezin dönem nesnesi olduğu gösterilemiyor)
1841,Şavşat,kasaba,SINANAMAZ,ADAY,ADAY-ÖLÇÜLEMEDİ: mekanik (tanık yok / ayırt etmiyor),önceki hüküm korunur (yeni aile hükmü değiştirmiyor); mekanik: iki noktada da tarihî-çekirdek tanığı yok (modern merkezin dönem nesnesi olduğu gösterilemiyor)
1864,Arhavi,kasaba,SINANAMAZ,ADAY,ADAY-ÖLÇÜLEMEDİ: mekanik (tanık yok / ayırt etmiyor),önceki hüküm korunur (yeni aile hükmü değiştirmiyor); mekanik: iki noktada da tarihî-çekirdek tanığı yok (modern merkezin dönem nesnesi olduğu gösterilemiyor)
1881,Jasenovaç (Jasenovac),kale,SINANAMAZ,ADAY,ADAY-ÖLÇÜLEMEDİ: mekanik (tanık yok / ayırt etmiyor),önceki hüküm korunur (yeni aile hükmü değiştirmiyor); mekanik: iki noktada da tarihî-çekirdek tanığı yok (modern merkezin dönem nesnesi olduğu gösterilemiyor)
1955,Campeche (San Francisco de Campeche),sehir,SINANAMAZ,ADAY,ADAY-ÖLÇÜLEMEDİ: mekanik (tanık yok / ayırt etmiyor),önceki hüküm korunur (yeni aile hükmü değiştirmiyor); mekanik: iki noktada da tarihî-çekirdek tanığı yok (modern merkezin dönem nesnesi olduğu gösterilemiyor)
1972,Arequipa,sehir,SINANAMAZ,ADAY,ADAY-ÖLÇÜLEMEDİ: mekanik (tanık yok / ayırt etmiyor),önceki hüküm korunur (yeni aile hükmü değiştirmiyor); mekanik: iki noktada da tarihî-çekirdek tanığı yok (modern merkezin dönem nesnesi olduğu gösterilemiyor)
1978,Santiago (Şili),sehir,SINANAMAZ,ADAY,ADAY-ÖLÇÜLEMEDİ: mekanik (tanık yok / ayırt etmiyor),önceki hüküm korunur (yeni aile hükmü değiştirmiyor); mekanik: iki noktada da tarihî-çekirdek tanığı yok (modern merkezin dönem nesnesi olduğu gösterilemiyor)
2043,Kingston,sehir,SINANAMAZ,ADAY,ADAY-ÖLÇÜLEMEDİ: mekanik (tanık yok / ayırt etmiyor),önceki hüküm korunur (yeni aile hükmü değiştirmiyor); mekanik: iki noktada da tarihî-çekirdek tanığı yok (modern merkezin dönem nesnesi olduğu gösterilemiyor)
2110,Avaş,sehir,SINANAMAZ,ADAY,ADAY-ÖLÇÜLEMEDİ: mekanik (tanık yok / ayırt etmiyor),önceki hüküm korunur (yeni aile hükmü değiştirmiyor); mekanik: iki noktada da tarihî-çekirdek tanığı yok (modern merkezin dönem nesnesi olduğu gösterilemiyor)
2263,Solikamsk,sehir,SINANAMAZ,ADAY,ADAY-ÖLÇÜLEMEDİ: mekanik (tanık yok / ayırt etmiyor),önceki hüküm korunur (yeni aile hükmü değiştirmiyor); mekanik: iki noktada da tarihî-çekirdek tanığı yok (modern merkezin dönem nesnesi olduğu gösterilemiyor)
2265,Kostroma,sehir,SINANAMAZ,ADAY,ADAY-ÖLÇÜLEMEDİ: mekanik (tanık yok / ayırt etmiyor),önceki hüküm korunur (yeni aile hükmü değiştirmiyor); mekanik: iki noktada da tarihî-çekirdek tanığı yok (modern merkezin dönem nesnesi olduğu gösterilemiyor)
2336,Bâdis (Peñón de Vélez),kale,SINANAMAZ,ADAY,ADAY-ÖLÇÜLEMEDİ: mekanik (tanık yok / ayırt etmiyor),önceki hüküm korunur (yeni aile hükmü değiştirmiyor); mekanik: iki noktada da tarihî-çekirdek tanığı yok (modern merkezin dönem nesnesi olduğu gösterilemiyor)
2391,Bhamo,sehir,SINANAMAZ,ADAY,ADAY-ÖLÇÜLEMEDİ: mekanik (tanık yok / ayırt etmiyor),önceki hüküm korunur (yeni aile hükmü değiştirmiyor); mekanik: iki noktada da tarihî-çekirdek tanığı yok (modern merkezin dönem nesnesi olduğu gösterilemiyor)
2398,Lopburi,sehir,SINANAMAZ,ADAY,ADAY-ÖLÇÜLEMEDİ: mekanik (tanık yok / ayırt etmiyor),önceki hüküm korunur (yeni aile hükmü değiştirmiyor); mekanik: iki noktada da tarihî-çekirdek tanığı yok (modern merkezin dönem nesnesi olduğu gösterilemiyor)
2401,Songkhla,liman,SINANAMAZ,ADAY,ADAY-ÖLÇÜLEMEDİ: mekanik (tanık yok / ayırt etmiyor),önceki hüküm korunur (yeni aile hükmü değiştirmiyor); mekanik: iki noktada da tarihî-çekirdek tanığı yok (modern merkezin dönem nesnesi olduğu gösterilemiyor)
2442,Kanchanaburi,sehir,SINANAMAZ,ADAY,ADAY-ÖLÇÜLEMEDİ: mekanik (tanık yok / ayırt etmiyor),önceki hüküm korunur (yeni aile hükmü değiştirmiyor); mekanik: iki noktada da tarihî-çekirdek tanığı yok (modern merkezin dönem nesnesi olduğu gösterilemiyor)
2509,Jambi,liman,SINANAMAZ,ADAY,ADAY-ÖLÇÜLEMEDİ: mekanik (tanık yok / ayırt etmiyor),önceki hüküm korunur (yeni aile hükmü değiştirmiyor); mekanik: iki noktada da tarihî-çekirdek tanığı yok (modern merkezin dönem nesnesi olduğu gösterilemiyor)
2511,Medan (Deli),liman,SINANAMAZ,ADAY,ADAY-ÖLÇÜLEMEDİ: mekanik (tanık yok / ayırt etmiyor),önceki hüküm korunur (yeni aile hükmü değiştirmiyor); mekanik: iki noktada da tarihî-çekirdek tanığı yok (modern merkezin dönem nesnesi olduğu gösterilemiyor)
2519,Mombasa,liman,SINANAMAZ,ADAY,ADAY-ÖLÇÜLEMEDİ: mekanik (tanık yok / ayırt etmiyor),önceki hüküm korunur (yeni aile hükmü değiştirmiyor); mekanik: iki noktada da tarihî-çekirdek tanığı yok (modern merkezin dönem nesnesi olduğu gösterilemiyor)
2521,Sofala,liman,SINANAMAZ,ADAY,ADAY-ÖLÇÜLEMEDİ: mekanik (tanık yok / ayırt etmiyor),önceki hüküm korunur (yeni aile hükmü değiştirmiyor); mekanik: iki noktada da tarihî-çekirdek tanığı yok (modern merkezin dönem nesnesi olduğu gösterilemiyor)
2525,Lamu,liman,SINANAMAZ,ADAY,ADAY-ÖLÇÜLEMEDİ: mekanik (tanık yok / ayırt etmiyor),önceki hüküm korunur (yeni aile hükmü değiştirmiyor); mekanik: iki noktada da tarihî-çekirdek tanığı yok (modern merkezin dönem nesnesi olduğu gösterilemiyor)
2570,Reykjavík,sehir,SINANAMAZ,ADAY,ADAY-ÖLÇÜLEMEDİ: mekanik (tanık yok / ayırt etmiyor),önceki hüküm korunur (yeni aile hükmü değiştirmiyor); mekanik: iki noktada da tarihî-çekirdek tanığı yok (modern merkezin dönem nesnesi olduğu gösterilemiyor)
2619,İfe (Ile-Ife),sehir,SINANAMAZ,ADAY,ADAY-ÖLÇÜLEMEDİ: mekanik (tanık yok / ayırt etmiyor),önceki hüküm korunur (yeni aile hükmü değiştirmiyor); mekanik: iki noktada da tarihî-çekirdek tanığı yok (modern merkezin dönem nesnesi olduğu gösterilemiyor)
2633,Ulundi (Zululand),sehir,SINANAMAZ,ADAY,ADAY-ÖLÇÜLEMEDİ: mekanik (tanık yok / ayırt etmiyor),önceki hüküm korunur (yeni aile hükmü değiştirmiyor); mekanik: iki noktada da tarihî-çekirdek tanığı yok (modern merkezin dönem nesnesi olduğu gösterilemiyor)
2637,Elafonisos (Cervi),kasaba,SINANAMAZ,ADAY,ADAY-ÖLÇÜLEMEDİ: mekanik (tanık yok / ayırt etmiyor),önceki hüküm korunur (yeni aile hükmü değiştirmiyor); mekanik: iki noktada da tarihî-çekirdek tanığı yok (modern merkezin dönem nesnesi olduğu gösterilemiyor)
2701,Şehâre,kale,SINANAMAZ,ADAY,ADAY-ÖLÇÜLEMEDİ: mekanik (tanık yok / ayırt etmiyor),önceki hüküm korunur (yeni aile hükmü değiştirmiyor); mekanik: iki noktada da tarihî-çekirdek tanığı yok (modern merkezin dönem nesnesi olduğu gösterilemiyor)
2710,İzyum,sehir,SINANAMAZ,ADAY,ADAY-ÖLÇÜLEMEDİ: mekanik (tanık yok / ayırt etmiyor),önceki hüküm korunur (yeni aile hükmü değiştirmiyor); mekanik: iki noktada da tarihî-çekirdek tanığı yok (modern merkezin dönem nesnesi olduğu gösterilemiyor)
2733,Tabatinga,kale,SINANAMAZ,ADAY,ADAY-ÖLÇÜLEMEDİ: mekanik (tanık yok / ayırt etmiyor),önceki hüküm korunur (yeni aile hükmü değiştirmiyor); mekanik: iki noktada da tarihî-çekirdek tanığı yok (modern merkezin dönem nesnesi olduğu gösterilemiyor)
2738,Forte Príncipe da Beira,kale,SINANAMAZ,ADAY,ADAY-ÖLÇÜLEMEDİ: mekanik (tanık yok / ayırt etmiyor),önceki hüküm korunur (yeni aile hükmü değiştirmiyor); mekanik: atlas noktası çekirdek kaydında ama iddia edilen nesne modern merkez değil (GN P.PPLL) ⇒ iki tarihî aday
2786,Tulagi,sehir,SINANAMAZ,ADAY,ADAY-ÖLÇÜLEMEDİ: mekanik (tanık yok / ayırt etmiyor),önceki hüküm korunur (yeni aile hükmü değiştirmiyor); mekanik: iki noktada da tarihî-çekirdek tanığı yok (modern merkezin dönem nesnesi olduğu gösterilemiyor)
2794,Cairns,sehir,SINANAMAZ,ADAY,ADAY-ÖLÇÜLEMEDİ: mekanik (tanık yok / ayırt etmiyor),önceki hüküm korunur (yeni aile hükmü değiştirmiyor); mekanik: iki noktada da tarihî-çekirdek tanığı yok (modern merkezin dönem nesnesi olduğu gösterilemiyor)
2839,Port Lincoln,sehir,SINANAMAZ,ADAY,ADAY-ÖLÇÜLEMEDİ: mekanik (tanık yok / ayırt etmiyor),önceki hüküm korunur (yeni aile hükmü değiştirmiyor); mekanik: iki noktada da tarihî-çekirdek tanığı yok (modern merkezin dönem nesnesi olduğu gösterilemiyor)
2846,Bairnsdale,sehir,SINANAMAZ,ADAY,ADAY-ÖLÇÜLEMEDİ: mekanik (tanık yok / ayırt etmiyor),önceki hüküm korunur (yeni aile hükmü değiştirmiyor); mekanik: iki noktada da tarihî-çekirdek tanığı yok (modern merkezin dönem nesnesi olduğu gösterilemiyor)
2858,Marree (Hergott Springs),sehir,SINANAMAZ,ADAY,ADAY-ÖLÇÜLEMEDİ: mekanik (tanık yok / ayırt etmiyor),önceki hüküm korunur (yeni aile hükmü değiştirmiyor); mekanik: iki noktada da tarihî-çekirdek tanığı yok (modern merkezin dönem nesnesi olduğu gösterilemiyor)
2942,Voloçanka (Voloçanı zimovyesi),kale,SINANAMAZ,ADAY,ADAY-ÖLÇÜLEMEDİ: mekanik (tanık yok / ayırt etmiyor),önceki hüküm korunur (yeni aile hükmü değiştirmiyor); mekanik: iki noktada da tarihî-çekirdek tanığı yok (modern merkezin dönem nesnesi olduğu gösterilemiyor)
2960,Nelkan,kale,SINANAMAZ,ADAY,ADAY-ÖLÇÜLEMEDİ: mekanik (tanık yok / ayırt etmiyor),önceki hüküm korunur (yeni aile hükmü değiştirmiyor); mekanik: iki noktada da tarihî-çekirdek tanığı yok (modern merkezin dönem nesnesi olduğu gösterilemiyor)
2991,Tefé (Teffé de Aisuaris),sehir,SINANAMAZ,ADAY,ADAY-ÖLÇÜLEMEDİ: mekanik (tanık yok / ayırt etmiyor),önceki hüküm korunur (yeni aile hükmü değiştirmiyor); mekanik: iki noktada da tarihî-çekirdek tanığı yok (modern merkezin dönem nesnesi olduğu gösterilemiyor)
3018,Reyes (Maropa),sehir,SINANAMAZ,ADAY,ADAY-ÖLÇÜLEMEDİ: mekanik (tanık yok / ayırt etmiyor),önceki hüküm korunur (yeni aile hükmü değiştirmiyor); mekanik: iki noktada da tarihî-çekirdek tanığı yok (modern merkezin dönem nesnesi olduğu gösterilemiyor)
3095,Tikiġaq (Point Hope),sehir,SINANAMAZ,ADAY,ADAY-ÖLÇÜLEMEDİ: mekanik (tanık yok / ayırt etmiyor),önceki hüküm korunur (yeni aile hükmü değiştirmiyor); mekanik: iki noktada da tarihî-çekirdek tanığı yok (modern merkezin dönem nesnesi olduğu gösterilemiyor)
3104,Colville Lake (K'áhbamı̨túé),sehir,SINANAMAZ,ADAY,ADAY-ÖLÇÜLEMEDİ: mekanik (tanık yok / ayırt etmiyor),önceki hüküm korunur (yeni aile hükmü değiştirmiyor); mekanik: iki noktada da tarihî-çekirdek tanığı yok (modern merkezin dönem nesnesi olduğu gösterilemiyor)
3140,Fort Selkirk,kale,SINANAMAZ,ADAY,ADAY-ÖLÇÜLEMEDİ: mekanik (tanık yok / ayırt etmiyor),önceki hüküm korunur (yeni aile hükmü değiştirmiyor); mekanik: iki noktada da tarihî-çekirdek tanığı yok (modern merkezin dönem nesnesi olduğu gösterilemiyor)
3141,Fort Reliance (Büyük Köle Gölü),kale,SINANAMAZ,ADAY,ADAY-ÖLÇÜLEMEDİ: mekanik (tanık yok / ayırt etmiyor),önceki hüküm korunur (yeni aile hükmü değiştirmiyor); mekanik: iki noktada da tarihî-çekirdek tanığı yok (modern merkezin dönem nesnesi olduğu gösterilemiyor)
3162,Puvirnituq,sehir,SINANAMAZ,ADAY,ADAY-ÖLÇÜLEMEDİ: mekanik (tanık yok / ayırt etmiyor),önceki hüküm korunur (yeni aile hükmü değiştirmiyor); mekanik: iki noktada da tarihî-çekirdek tanığı yok (modern merkezin dönem nesnesi olduğu gösterilemiyor)
3170,Fond du Lac (Athabasca Gölü),kale,SINANAMAZ,ADAY,ADAY-ÖLÇÜLEMEDİ: mekanik (tanık yok / ayırt etmiyor),önceki hüküm korunur (yeni aile hükmü değiştirmiyor); mekanik: iki noktada da tarihî-çekirdek tanığı yok (modern merkezin dönem nesnesi olduğu gösterilemiyor)
3182,Telegraph Creek (Tlegohin),sehir,SINANAMAZ,ADAY,ADAY-ÖLÇÜLEMEDİ: mekanik (tanık yok / ayırt etmiyor),önceki hüküm korunur (yeni aile hükmü değiştirmiyor); mekanik: iki noktada da tarihî-çekirdek tanığı yok (modern merkezin dönem nesnesi olduğu gösterilemiyor)
3183,Brochet (Ren Geyiği Gölü),kale,SINANAMAZ,ADAY,ADAY-ÖLÇÜLEMEDİ: mekanik (tanık yok / ayırt etmiyor),önceki hüküm korunur (yeni aile hükmü değiştirmiyor); mekanik: iki noktada da tarihî-çekirdek tanığı yok (modern merkezin dönem nesnesi olduğu gösterilemiyor)
3200,Hopedale (Agvituk),sehir,SINANAMAZ,ADAY,ADAY-ÖLÇÜLEMEDİ: mekanik (tanık yok / ayırt etmiyor),önceki hüküm korunur (yeni aile hükmü değiştirmiyor); mekanik: iki noktada da tarihî-çekirdek tanığı yok (modern merkezin dönem nesnesi olduğu gösterilemiyor)
3203,Kuujjuarapik (Great Whale River),kale,SINANAMAZ,ADAY,ADAY-ÖLÇÜLEMEDİ: mekanik (tanık yok / ayırt etmiyor),önceki hüküm korunur (yeni aile hükmü değiştirmiyor); mekanik: iki noktada da tarihî-çekirdek tanığı yok (modern merkezin dönem nesnesi olduğu gösterilemiyor)
3207,Oxford House,kale,SINANAMAZ,ADAY,ADAY-ÖLÇÜLEMEDİ: mekanik (tanık yok / ayırt etmiyor),önceki hüküm korunur (yeni aile hükmü değiştirmiyor); mekanik: iki noktada da tarihî-çekirdek tanığı yok (modern merkezin dönem nesnesi olduğu gösterilemiyor)
3223,Fort Edmonton,kale,SINANAMAZ,ADAY,ADAY-ÖLÇÜLEMEDİ: mekanik (tanık yok / ayırt etmiyor),önceki hüküm korunur (yeni aile hükmü değiştirmiyor); mekanik: iki noktada da tarihî-çekirdek tanığı yok (modern merkezin dönem nesnesi olduğu gösterilemiyor)
3224,North West River (Labrador),sehir,SINANAMAZ,ADAY,ADAY-ÖLÇÜLEMEDİ: mekanik (tanık yok / ayırt etmiyor),önceki hüküm korunur (yeni aile hükmü değiştirmiyor); mekanik: iki noktada da tarihî-çekirdek tanığı yok (modern merkezin dönem nesnesi olduğu gösterilemiyor)
3228,Grand Rapids (Saskatchewan Irmağı ağzı),kale,SINANAMAZ,ADAY,ADAY-ÖLÇÜLEMEDİ: mekanik (tanık yok / ayırt etmiyor),önceki hüküm korunur (yeni aile hükmü değiştirmiyor); mekanik: iki noktada da tarihî-çekirdek tanığı yok (modern merkezin dönem nesnesi olduğu gösterilemiyor)
3238,Berens River,kale,SINANAMAZ,ADAY,ADAY-ÖLÇÜLEMEDİ: mekanik (tanık yok / ayırt etmiyor),önceki hüküm korunur (yeni aile hükmü değiştirmiyor); mekanik: iki noktada da tarihî-çekirdek tanığı yok (modern merkezin dönem nesnesi olduğu gösterilemiyor)
3259,Sept-Îles,sehir,SINANAMAZ,ADAY,ADAY-ÖLÇÜLEMEDİ: mekanik (tanık yok / ayırt etmiyor),önceki hüküm korunur (yeni aile hükmü değiştirmiyor); mekanik: iki noktada da tarihî-çekirdek tanığı yok (modern merkezin dönem nesnesi olduğu gösterilemiyor)
3273,Obedjiwan (Atikamekw),sehir,SINANAMAZ,ADAY,ADAY-ÖLÇÜLEMEDİ: mekanik (tanık yok / ayırt etmiyor),önceki hüküm korunur (yeni aile hükmü değiştirmiyor); mekanik: iki noktada da tarihî-çekirdek tanığı yok (modern merkezin dönem nesnesi olduğu gösterilemiyor)
3278,Victoria (Fort Victoria),kale,SINANAMAZ,ADAY,ADAY-ÖLÇÜLEMEDİ: mekanik (tanık yok / ayırt etmiyor),önceki hüküm korunur (yeni aile hükmü değiştirmiyor); mekanik: iki noktada da tarihî-çekirdek tanığı yok (modern merkezin dönem nesnesi olduğu gösterilemiyor)
3314,Bytown (Ottawa),sehir,SINANAMAZ,ADAY,ADAY-ÖLÇÜLEMEDİ: mekanik (tanık yok / ayırt etmiyor),önceki hüküm korunur (yeni aile hükmü değiştirmiyor); mekanik: iki noktada da tarihî-çekirdek tanığı yok (modern merkezin dönem nesnesi olduğu gösterilemiyor)
3327,Pemaquid,sehir,SINANAMAZ,ADAY,ADAY-ÖLÇÜLEMEDİ: mekanik (tanık yok / ayırt etmiyor),önceki hüküm korunur (yeni aile hükmü değiştirmiyor); mekanik: atlas noktası çekirdek kaydında ama iddia edilen nesne modern merkez değil (GN P.PPL) ⇒ iki tarihî aday
3329,York (Toronto),sehir,SINANAMAZ,ADAY,ADAY-ÖLÇÜLEMEDİ: mekanik (tanık yok / ayırt etmiyor),önceki hüküm korunur (yeni aile hükmü değiştirmiyor); mekanik: atlas noktası çekirdek kaydında ama iddia edilen nesne modern merkez değil (GN P.PPL) ⇒ iki tarihî aday
3331,Sioux Falls,sehir,SINANAMAZ,ADAY,ADAY-ÖLÇÜLEMEDİ: mekanik (tanık yok / ayırt etmiyor),önceki hüküm korunur (yeni aile hükmü değiştirmiyor); mekanik: iki noktada da tarihî-çekirdek tanığı yok (modern merkezin dönem nesnesi olduğu gösterilemiyor)
3356,Fort Duquesne (Pittsburgh),kale,SINANAMAZ,ADAY,ADAY-ÖLÇÜLEMEDİ: mekanik (tanık yok / ayırt etmiyor),önceki hüküm korunur (yeni aile hükmü değiştirmiyor); mekanik: iki noktada da tarihî-çekirdek tanığı yok (modern merkezin dönem nesnesi olduğu gösterilemiyor)
3484,Rivne (Równe),sehir,SINANAMAZ,ADAY,ADAY-ÖLÇÜLEMEDİ: mekanik (tanık yok / ayırt etmiyor),önceki hüküm korunur (yeni aile hükmü değiştirmiyor); mekanik: iki noktada da tarihî-çekirdek tanığı yok (modern merkezin dönem nesnesi olduğu gösterilemiyor)
3496,Tişît (Tichitt),sehir,SINANAMAZ,ADAY,ADAY-ÖLÇÜLEMEDİ: mekanik (tanık yok / ayırt etmiyor),önceki hüküm korunur (yeni aile hükmü değiştirmiyor); mekanik: iki noktada da tarihî-çekirdek tanığı yok (modern merkezin dönem nesnesi olduğu gösterilemiyor)
3537,Bathurst (Banjul),sehir,SINANAMAZ,ADAY,ADAY-ÖLÇÜLEMEDİ: mekanik (tanık yok / ayırt etmiyor),önceki hüküm korunur (yeni aile hükmü değiştirmiyor); mekanik: iki noktada da tarihî-çekirdek tanığı yok (modern merkezin dönem nesnesi olduğu gösterilemiyor)
3621,Grand Cess (Kru),sehir,SINANAMAZ,ADAY,ADAY-ÖLÇÜLEMEDİ: mekanik (tanık yok / ayırt etmiyor),önceki hüküm korunur (yeni aile hükmü değiştirmiyor); mekanik: iki noktada da tarihî-çekirdek tanığı yok (modern merkezin dönem nesnesi olduğu gösterilemiyor)
3627,Niangara (Mangbetu),sehir,SINANAMAZ,ADAY,ADAY-ÖLÇÜLEMEDİ: mekanik (tanık yok / ayırt etmiyor),önceki hüküm korunur (yeni aile hükmü değiştirmiyor); mekanik: iki noktada da tarihî-çekirdek tanığı yok (modern merkezin dönem nesnesi olduğu gösterilemiyor)
3651,Epena,sehir,SINANAMAZ,ADAY,ADAY-ÖLÇÜLEMEDİ: mekanik (tanık yok / ayırt etmiyor),önceki hüküm korunur (yeni aile hükmü değiştirmiyor); mekanik: iki noktada da tarihî-çekirdek tanığı yok (modern merkezin dönem nesnesi olduğu gösterilemiyor)
3667,Mbarara (Nkore),sehir,SINANAMAZ,ADAY,ADAY-ÖLÇÜLEMEDİ: mekanik (tanık yok / ayırt etmiyor),önceki hüküm korunur (yeni aile hükmü değiştirmiyor); mekanik: iki noktada da tarihî-çekirdek tanığı yok (modern merkezin dönem nesnesi olduğu gösterilemiyor)
3669,Lubutu,sehir,SINANAMAZ,ADAY,ADAY-ÖLÇÜLEMEDİ: mekanik (tanık yok / ayırt etmiyor),önceki hüküm korunur (yeni aile hükmü değiştirmiyor); mekanik: iki noktada da tarihî-çekirdek tanığı yok (modern merkezin dönem nesnesi olduğu gösterilemiyor)
3670,Ikela,sehir,SINANAMAZ,ADAY,ADAY-ÖLÇÜLEMEDİ: mekanik (tanık yok / ayırt etmiyor),önceki hüküm korunur (yeni aile hükmü değiştirmiyor); mekanik: iki noktada da tarihî-çekirdek tanığı yok (modern merkezin dönem nesnesi olduğu gösterilemiyor)
3675,Valikale,sehir,SINANAMAZ,ADAY,ADAY-ÖLÇÜLEMEDİ: mekanik (tanık yok / ayırt etmiyor),önceki hüküm korunur (yeni aile hükmü değiştirmiyor); mekanik: iki noktada da tarihî-çekirdek tanığı yok (modern merkezin dönem nesnesi olduğu gösterilemiyor)
3682,Bukavu,sehir,SINANAMAZ,ADAY,ADAY-ÖLÇÜLEMEDİ: mekanik (tanık yok / ayırt etmiyor),önceki hüküm korunur (yeni aile hükmü değiştirmiyor); mekanik: iki noktada da tarihî-çekirdek tanığı yok (modern merkezin dönem nesnesi olduğu gösterilemiyor)
3708,Fesi (Feshi),sehir,SINANAMAZ,ADAY,ADAY-ÖLÇÜLEMEDİ: mekanik (tanık yok / ayırt etmiyor),önceki hüküm korunur (yeni aile hükmü değiştirmiyor); mekanik: iki noktada da tarihî-çekirdek tanığı yok (modern merkezin dönem nesnesi olduğu gösterilemiyor)
3714,Kahemba,sehir,SINANAMAZ,ADAY,ADAY-ÖLÇÜLEMEDİ: mekanik (tanık yok / ayırt etmiyor),önceki hüküm korunur (yeni aile hükmü değiştirmiyor); mekanik: iki noktada da tarihî-çekirdek tanığı yok (modern merkezin dönem nesnesi olduğu gösterilemiyor)
3730,Kambambe (Cambambe),sehir,SINANAMAZ,ADAY,ADAY-ÖLÇÜLEMEDİ: mekanik (tanık yok / ayırt etmiyor),önceki hüküm korunur (yeni aile hükmü değiştirmiyor); mekanik: iki noktada da tarihî-çekirdek tanığı yok (modern merkezin dönem nesnesi olduğu gösterilemiyor)
3745,Kazombo,sehir,SINANAMAZ,ADAY,ADAY-ÖLÇÜLEMEDİ: mekanik (tanık yok / ayırt etmiyor),önceki hüküm korunur (yeni aile hükmü değiştirmiyor); mekanik: iki noktada da tarihî-çekirdek tanığı yok (modern merkezin dönem nesnesi olduğu gösterilemiyor)
3755,Ndola,sehir,SINANAMAZ,ADAY,ADAY-ÖLÇÜLEMEDİ: mekanik (tanık yok / ayırt etmiyor),önceki hüküm korunur (yeni aile hükmü değiştirmiyor); mekanik: iki noktada da tarihî-çekirdek tanığı yok (modern merkezin dönem nesnesi olduğu gösterilemiyor)
3764,Kakonda (Caconda),sehir,SINANAMAZ,ADAY,ADAY-ÖLÇÜLEMEDİ: mekanik (tanık yok / ayırt etmiyor),önceki hüküm korunur (yeni aile hükmü değiştirmiyor); mekanik: iki noktada da tarihî-çekirdek tanığı yok (modern merkezin dönem nesnesi olduğu gösterilemiyor)
3769,Kaoma (Mankoya),sehir,SINANAMAZ,ADAY,ADAY-ÖLÇÜLEMEDİ: mekanik (tanık yok / ayırt etmiyor),önceki hüküm korunur (yeni aile hükmü değiştirmiyor); mekanik: iki noktada da tarihî-çekirdek tanığı yok (modern merkezin dönem nesnesi olduğu gösterilemiyor)
3772,Kalabo,sehir,SINANAMAZ,ADAY,ADAY-ÖLÇÜLEMEDİ: mekanik (tanık yok / ayırt etmiyor),önceki hüküm korunur (yeni aile hükmü değiştirmiyor); mekanik: iki noktada da tarihî-çekirdek tanığı yok (modern merkezin dönem nesnesi olduğu gösterilemiyor)
3782,Mavinga,sehir,SINANAMAZ,ADAY,ADAY-ÖLÇÜLEMEDİ: mekanik (tanık yok / ayırt etmiyor),önceki hüküm korunur (yeni aile hükmü değiştirmiyor); mekanik: iki noktada da tarihî-çekirdek tanığı yok (modern merkezin dönem nesnesi olduğu gösterilemiyor)
3821,Cikualakuala,sehir,SINANAMAZ,ADAY,ADAY-ÖLÇÜLEMEDİ: mekanik (tanık yok / ayırt etmiyor),önceki hüküm korunur (yeni aile hükmü değiştirmiyor); mekanik: iki noktada da tarihî-çekirdek tanığı yok (modern merkezin dönem nesnesi olduğu gösterilemiyor)
3839,Aranos,sehir,SINANAMAZ,ADAY,ADAY-ÖLÇÜLEMEDİ: mekanik (tanık yok / ayırt etmiyor),önceki hüküm korunur (yeni aile hükmü değiştirmiyor); mekanik: iki noktada da tarihî-çekirdek tanığı yok (modern merkezin dönem nesnesi olduğu gösterilemiyor)
3895,Oruro (Villa de San Felipe de Austria),sehir,SINANAMAZ,ADAY,ADAY-ÖLÇÜLEMEDİ: mekanik (tanık yok / ayırt etmiyor),önceki hüküm korunur (yeni aile hükmü değiştirmiyor); mekanik: iki noktada da tarihî-çekirdek tanığı yok (modern merkezin dönem nesnesi olduğu gösterilemiyor)
3897,Barinas (Altamira de Cáceres),sehir,SINANAMAZ,ADAY,ADAY-ÖLÇÜLEMEDİ: mekanik (tanık yok / ayırt etmiyor),önceki hüküm korunur (yeni aile hükmü değiştirmiyor); mekanik: iki noktada da tarihî-çekirdek tanığı yok (modern merkezin dönem nesnesi olduğu gösterilemiyor)
4082,Puerto Deseado,sehir,SINANAMAZ,ADAY,ADAY-ÖLÇÜLEMEDİ: mekanik (tanık yok / ayırt etmiyor),önceki hüküm korunur (yeni aile hükmü değiştirmiyor); mekanik: iki noktada da tarihî-çekirdek tanığı yok (modern merkezin dönem nesnesi olduğu gösterilemiyor)
4141,Jingdong,sehir,SINANAMAZ,ADAY,ADAY-ÖLÇÜLEMEDİ: mekanik (tanık yok / ayırt etmiyor),önceki hüküm korunur (yeni aile hükmü değiştirmiyor); mekanik: iki noktada da tarihî-çekirdek tanığı yok (modern merkezin dönem nesnesi olduğu gösterilemiyor)
4144,Lin'an (Jianshui),sehir,SINANAMAZ,ADAY,ADAY-ÖLÇÜLEMEDİ: mekanik (tanık yok / ayırt etmiyor),önceki hüküm korunur (yeni aile hükmü değiştirmiyor); mekanik: iki noktada da tarihî-çekirdek tanığı yok (modern merkezin dönem nesnesi olduğu gösterilemiyor)
4174,Samarinda,liman,SINANAMAZ,ADAY,ADAY-ÖLÇÜLEMEDİ: mekanik (tanık yok / ayırt etmiyor),önceki hüküm korunur (yeni aile hükmü değiştirmiyor); mekanik: iki noktada da tarihî-çekirdek tanığı yok (modern merkezin dönem nesnesi olduğu gösterilemiyor)
4179,Atapupu,liman,SINANAMAZ,ADAY,ADAY-ÖLÇÜLEMEDİ: mekanik (tanık yok / ayırt etmiyor),önceki hüküm korunur (yeni aile hükmü değiştirmiyor); mekanik: iki noktada da tarihî-çekirdek tanığı yok (modern merkezin dönem nesnesi olduğu gösterilemiyor)
4182,Maliana,sehir,SINANAMAZ,ADAY,ADAY-ÖLÇÜLEMEDİ: mekanik (tanık yok / ayırt etmiyor),önceki hüküm korunur (yeni aile hükmü değiştirmiyor); mekanik: iki noktada da tarihî-çekirdek tanığı yok (modern merkezin dönem nesnesi olduğu gösterilemiyor)
4243,Kavieng (Käwieng),liman,SINANAMAZ,ADAY,ADAY-ÖLÇÜLEMEDİ: mekanik (tanık yok / ayırt etmiyor),önceki hüküm korunur (yeni aile hükmü değiştirmiyor); mekanik: iki noktada da tarihî-çekirdek tanığı yok (modern merkezin dönem nesnesi olduğu gösterilemiyor)
4245,Lorengau (Manus),liman,SINANAMAZ,ADAY,ADAY-ÖLÇÜLEMEDİ: mekanik (tanık yok / ayırt etmiyor),önceki hüküm korunur (yeni aile hükmü değiştirmiyor); mekanik: iki noktada da tarihî-çekirdek tanığı yok (modern merkezin dönem nesnesi olduğu gösterilemiyor)
4261,Invercargill,sehir,SINANAMAZ,ADAY,ADAY-ÖLÇÜLEMEDİ: mekanik (tanık yok / ayırt etmiyor),önceki hüküm korunur (yeni aile hükmü değiştirmiyor); mekanik: iki noktada da tarihî-çekirdek tanığı yok (modern merkezin dönem nesnesi olduğu gösterilemiyor)
4265,Gisborne,sehir,SINANAMAZ,ADAY,ADAY-ÖLÇÜLEMEDİ: mekanik (tanık yok / ayırt etmiyor),önceki hüküm korunur (yeni aile hükmü değiştirmiyor); mekanik: iki noktada da tarihî-çekirdek tanığı yok (modern merkezin dönem nesnesi olduğu gösterilemiyor)
1045,Zadar (Zara),liman,SINANAMAZ,ADAY,ADAY-ÖLÇÜLEMEDİ: Ö-Ç1 koordinatör hükmü (DD→ÖLÇ),"koordinatör hükmü (Ö-Ç1, 10 Eki): çekirdek iki noktaya eşit uzaklıkta, tanık ayırt etmiyor"
1947,Nojpetén (Tayasal / Flores),sehir,SINANAMAZ,ADAY,ADAY-ÖLÇÜLEMEDİ: Ö-Ç1 koordinatör hükmü (DD→ÖLÇ),"koordinatör hükmü (Ö-Ç1, 10 Eki): çekirdek iki noktaya eşit uzaklıkta, tanık ayırt etmiyor; yeni TGN tanığı var ama ayrım payı ≈0,2 km"
197,Nikarya (İkarya),kale,SINANAMAZ,ADAY,EŞADLI → YANLIŞ-CİNS-ÖLÇÜLEMEDİ (LAB-ADAY-YUKSEK-28),eşadlı başka yer; doğru nesne tanıksız
443,Peşte,sehir,SINANAMAZ,ADAY,EŞADLI → YANLIŞ-CİNS-ÖLÇÜLEMEDİ (LAB-ADAY-YUKSEK-28),eşadlı başka yer; doğru nesne tanıksız
569,Brakya (Brač),kale,SINANAMAZ,ADAY,EŞADLI → YANLIŞ-CİNS-ÖLÇÜLEMEDİ (LAB-ADAY-YUKSEK-28),eşadlı başka yer; doğru nesne tanıksız
582,Elba,kale,SINANAMAZ,ADAY,EŞADLI → YANLIŞ-CİNS-ÖLÇÜLEMEDİ (LAB-ADAY-YUKSEK-28),eşadlı başka yer; doğru nesne tanıksız
3268,Fort Langley,kale,SINANAMAZ,ADAY,EŞADLI → YANLIŞ-CİNS-ÖLÇÜLEMEDİ (LAB-ADAY-YUKSEK-28),eşadlı başka yer; doğru nesne tanıksız
3308,Fort Nez Percés (Walla Walla),kale,SINANAMAZ,ADAY,EŞADLI → YANLIŞ-CİNS-ÖLÇÜLEMEDİ (LAB-ADAY-YUKSEK-28),eşadlı başka yer; doğru nesne tanıksız
3353,Kekionga (Miami),sehir,SINANAMAZ,ADAY,EŞADLI → YANLIŞ-CİNS-ÖLÇÜLEMEDİ (LAB-ADAY-YUKSEK-28),eşadlı başka yer; doğru nesne tanıksız
3372,Fort Ross (Kaliforniya),kale,SINANAMAZ,ADAY,EŞADLI → YANLIŞ-CİNS-ÖLÇÜLEMEDİ (LAB-ADAY-YUKSEK-28),eşadlı başka yer; doğru nesne tanıksız
186,Taşoz,kale,SINANAMAZ,YANLIŞ-CİNS-ÖLÇÜLEMEDİ,v2 YANLIŞ-CİNS-ÖLÇÜLEMEDİ,v2: doğru nesne hiçbir kabul edilen tanıkla konumlanamıyor
198,Santorini,kale,SINANAMAZ,YANLIŞ-CİNS-ÖLÇÜLEMEDİ,v2 YANLIŞ-CİNS-ÖLÇÜLEMEDİ,v2: doğru nesne hiçbir kabul edilen tanıkla konumlanamıyor
466,Aynaroz (Athos),kale,SINANAMAZ,YANLIŞ-CİNS-ÖLÇÜLEMEDİ,v2 YANLIŞ-CİNS-ÖLÇÜLEMEDİ,v2: doğru nesne hiçbir kabul edilen tanıkla konumlanamıyor
501,Anadolu Hisarı,kale,SINANAMAZ,YANLIŞ-CİNS-ÖLÇÜLEMEDİ,v2 YANLIŞ-CİNS-ÖLÇÜLEMEDİ,v2: doğru nesne hiçbir kabul edilen tanıkla konumlanamıyor
503,Rumeli Hisarı,kale,SINANAMAZ,YANLIŞ-CİNS-ÖLÇÜLEMEDİ,v2 YANLIŞ-CİNS-ÖLÇÜLEMEDİ,v2: doğru nesne hiçbir kabul edilen tanıkla konumlanamıyor
548,Herke (Halki),kale,SINANAMAZ,YANLIŞ-CİNS-ÖLÇÜLEMEDİ,v2 YANLIŞ-CİNS-ÖLÇÜLEMEDİ,v2: doğru nesne hiçbir kabul edilen tanıkla konumlanamıyor
554,Bozbaba (Ay Strati),kale,SINANAMAZ,YANLIŞ-CİNS-ÖLÇÜLEMEDİ,v2 YANLIŞ-CİNS-ÖLÇÜLEMEDİ,v2: doğru nesne hiçbir kabul edilen tanıkla konumlanamıyor
573,Mliyet (Mljet),kale,SINANAMAZ,YANLIŞ-CİNS-ÖLÇÜLEMEDİ,v2 YANLIŞ-CİNS-ÖLÇÜLEMEDİ,v2: doğru nesne hiçbir kabul edilen tanıkla konumlanamıyor
2094,Tesseney,sehir,SINANAMAZ,YANLIŞ-CİNS-ÖLÇÜLEMEDİ,v2 YANLIŞ-CİNS-ÖLÇÜLEMEDİ,v2: doğru nesne hiçbir kabul edilen tanıkla konumlanamıyor
2636,Paksos (Paxos),kale,SINANAMAZ,YANLIŞ-CİNS-ÖLÇÜLEMEDİ,v2 YANLIŞ-CİNS-ÖLÇÜLEMEDİ,v2: doğru nesne hiçbir kabul edilen tanıkla konumlanamıyor
3048,Reducción de la Concepción (Salado),sehir,SINANAMAZ,YANLIŞ-CİNS-ÖLÇÜLEMEDİ,v2 YANLIŞ-CİNS-ÖLÇÜLEMEDİ,v2: doğru nesne hiçbir kabul edilen tanıkla konumlanamıyor
3091,Bernard Harbour (Bakır İnuit),liman,SINANAMAZ,YANLIŞ-CİNS-ÖLÇÜLEMEDİ,v2 YANLIŞ-CİNS-ÖLÇÜLEMEDİ,v2: doğru nesne hiçbir kabul edilen tanıkla konumlanamıyor
3254,Fort Alexander (Bas-de-la-Rivière),kale,SINANAMAZ,YANLIŞ-CİNS-ÖLÇÜLEMEDİ,v2 YANLIŞ-CİNS-ÖLÇÜLEMEDİ,v2: doğru nesne hiçbir kabul edilen tanıkla konumlanamıyor
3276,Fort St. Pierre (Rainy Lake),kale,SINANAMAZ,YANLIŞ-CİNS-ÖLÇÜLEMEDİ,v2 YANLIŞ-CİNS-ÖLÇÜLEMEDİ,v2: doğru nesne hiçbir kabul edilen tanıkla konumlanamıyor
3317,Fort Snelling (Bdote),kale,SINANAMAZ,YANLIŞ-CİNS-ÖLÇÜLEMEDİ,v2 YANLIŞ-CİNS-ÖLÇÜLEMEDİ,v2: doğru nesne hiçbir kabul edilen tanıkla konumlanamıyor
3439,Mound Key (Kalusa başkenti),sehir,SINANAMAZ,YANLIŞ-CİNS-ÖLÇÜLEMEDİ,v2 YANLIŞ-CİNS-ÖLÇÜLEMEDİ,v2: doğru nesne hiçbir kabul edilen tanıkla konumlanamıyor
3698,Puent-Nuar,sehir,SINANAMAZ,YANLIŞ-CİNS-ÖLÇÜLEMEDİ,v2 YANLIŞ-CİNS-ÖLÇÜLEMEDİ,v2: doğru nesne hiçbir kabul edilen tanıkla konumlanamıyor
2028,San Francisco (Misyon San Francisco de Asís),sehir,DOĞRU-DÖNEM,ADAY,LAB-CEKIRDEK-TANIK (TGN),ADAY dışı; YANLIŞ 221 dışında
355,Częstochowa,sehir,DOĞRU-DÖNEM,ADAY,LAB-TARIHI-CEKIRDEK mekanik+elle,ADAY dışı; YANLIŞ 221 dışında
653,Hille,sehir,DOĞRU-DÖNEM,ADAY,LAB-TARIHI-CEKIRDEK mekanik+elle,ADAY dışı; YANLIŞ 221 dışında
1553,Hirosaki,kale,DOĞRU-DÖNEM,ADAY,LAB-TARIHI-CEKIRDEK mekanik+elle,ADAY dışı; YANLIŞ 221 dışında
1980,Salvador (Bahia),liman,DOĞRU-DÖNEM,ADAY,LAB-TARIHI-CEKIRDEK mekanik+elle,ADAY dışı; YANLIŞ 221 dışında
3341,Fort Laramie,kale,DOĞRU-DÖNEM,ADAY,LAB-TARIHI-CEKIRDEK mekanik+elle,ADAY dışı; YANLIŞ 221 dışında
