ad,lat,lon,kaynak_dosya
Abrene (Pıtalovo),57.067,27.917,yerlesimler_a78_avrupa.js
Absu (Hypsu),40.44,30.215,yerlesimler.js
Adranos (Orhaneli),39.905,28.988,yerlesimler.js
Advâr (Tuvât),27.874,-0.294,yerlesimler_h2_kuzeyafrika.js
Ahtapolu (Ahtopol),42.099,27.937,yerlesimler_ek24.js
Ahılkelek (Akhalkalaki),41.403,43.484,yerlesimler_ek28.js
Ak-Meçit (Perovsk),44.85,65.51,yerlesimler_ortaasya3.js
Akhisar (Pamukova),40.51,30.15,yerlesimler.js
Akmola (Akmolinsk),51.13,71.43,yerlesimler_ortaasya3.js
Aksu (Tarım),41.17,80.26,yerlesimler_ortaasya3.js
Akçahisar (Kruja),41.509,19.793,yerlesimler.js
Alacahisar (Kruševac),43.58,21.327,yerlesimler_serhat.js
Almalık (Almalığ),44.05,80.85,yerlesimler_ortaasya3.js
Almatı (Vernıy),43.238,76.889,yerlesimler_ek14.js
Almería,36.834,-2.464,yerlesimler_avrupa.js
Altay (Şara Sume),47.87,88.12,yerlesimler_ek20.js
Ambovombe (Antandroy),-25.17,46.09,yerlesimler_afrika2.js
Amoy (Xiamen),24.4899,118.0841,yerlesimler_asya.js
Andros,37.833,24.933,yerlesimler.js
Arkot (Arcot),12.906,79.32,yerlesimler_asya.js
Arpaçay (Akyaka),40.845,43.325,yerlesimler_ek26.js
Asâyita (Avsa),11.567,41.44,yerlesimler_h2_afrika.js
Ava (İnwa),21.855,95.981,yerlesimler_asya.js
Ayacyo (Ajaccio),41.9322,8.7391,yerlesimler.js
Ayagöz (Sergiopol),47.96,80.43,yerlesimler_ortaasya3.js
Ayasaranda (Sarandë),39.875,20.0053,yerlesimler_epir.js
Ayn el-Arab (Kobani),36.891,38.353,yerlesimler_ek25.js
Ayn el-Ğazâle (Bomba),32.495,23.12,yerlesimler_h2_kuzeyafrika.js
Aynaroz (Athos),40.257,24.244,yerlesimler.js
Aynı Sâlih (Tîdîkelt),27.194,2.48,yerlesimler_h2_kuzeyafrika.js
Azez (A'zâz),36.586,37.045,yerlesimler_ek25.js
Bacirge (Esendere),37.7114,44.601,yerlesimler_sinir_dogu.js
Balaklava (Cembalo),44.5,33.5997,yerlesimler_kirim.js
Bali (Klungkung),-8.65,115.216,yerlesimler_asya.js
Balıkesir,39.649,27.886,yerlesimler.js
Bar (Podolya),49.074,27.674,yerlesimler.js
Baroda (Vadodara),22.3072,73.1812,yerlesimler_hint0912.js
Bastia (Korsika),42.7,9.45,yerlesimler.js
Baç (Bács),45.76,19.24,yerlesimler.js
Beihai (Pakhoi),21.481,109.12,yerlesimler_asya.js
Bender Kāsım (Bosaso),11.284,49.183,yerlesimler_afrika.js
Bengkulu (Bencoolen),-3.7961,102.2722,yerlesimler_asya.js
Benin Şehri (Edo),6.335,5.604,yerlesimler_e9353f.js
Benzert (Bizerte),37.276,9.858,yerlesimler_afrika.js
Benâres (Vârânasî),25.317,83.006,yerlesimler_asya.js
Benî Abbâs (Sâvre),30.13,-2.17,yerlesimler_h2_kuzeyafrika.js
Berde (Karabağ),40.3747,47.1281,yerlesimler.js
Beşşâr (Béchar),31.617,-2.216,yerlesimler_h2_kuzeyafrika.js
Bihaç (Bihać),44.817,15.871,yerlesimler_ek.js
Bima (Sumbawa),-8.47,118.72,yerlesimler_gdasya.js
Bintan (Riau),0.92,104.45,yerlesimler_gdasya.js
Birlad (Bârlad),46.23,27.667,yerlesimler.js
Birni N'gazargamu,12.35,10.683,yerlesimler_e9353f.js
Bonga (Kaffa),7.283,36.233,yerlesimler_afrika.js
Bosna Brod'u (Bosanski Brod),45.138,17.988,yerlesimler_ek29.js
Bosna Dubiçası (Bosanska Dubica),45.174,16.81,yerlesimler_ek29.js
Bosna Novi'si (Bosanski Novi),45.048,16.377,yerlesimler_ek29.js
Bozbaba (Ay Strati),39.521,25.006,yerlesimler.js
Braslav (Bratslav),48.823,28.938,yerlesimler_ukrayna_0916.js
Brassó (Braşov),45.6427,25.5887,yerlesimler_ek29.js
Breslau (Wrocław),51.11,17.032,yerlesimler.js
Broumov (Braunau),50.586,16.331,yerlesimler.js
Buake (Bouaké),7.69,-5.03,yerlesimler_afrika2.js
Buar (Bouar),5.94,15.6,yerlesimler_afrika2.js
Bure (Gocam),10.7,37.067,yerlesimler_h2_afrika.js
Burûcird,33.8972,48.7514,yerlesimler.js
Busa (Borgu),10.2,4.5,yerlesimler_afrika2.js
Bveranyange (Karagve),-1.3,31.1,yerlesimler_afrika2.js
Bâdis (Peñón de Vélez),35.1727,-4.3007,yerlesimler_h2_kuzeyafrika.js
Bâlâsor (Balasore),21.494,86.933,yerlesimler_asya.js
Bârfurûş (Bâbil),36.5461,52.6789,yerlesimler.js
Bîcâpur (Bijapur),16.827,75.71,yerlesimler_asya.js
Bürüllüs (Baltîm),31.556,31.09,yerlesimler_afrika.js
Cabalpûr (Jabalpur),23.181,79.987,yerlesimler_asya.js
Cammû (Jammu),32.734,74.869,yerlesimler_asya.js
Cavnpur (Jaunpur),25.75,82.684,yerlesimler_asya.js
Ceccu (Jeju),33.5,126.531,yerlesimler_asya.js
Cenne (Djenné),13.906,-4.555,yerlesimler_e9353f.js
Cerciş (Zarzis),33.504,11.112,yerlesimler_afrika.js
Cetin (Cetingrad),45.138,15.732,yerlesimler_ek29.js
Cetinje,42.391,18.914,yerlesimler.js
Cezîr (Sevkıra),18.161,56.537,yerlesimler_h2_afrika.js
Chenzhou (Hunan),25.77,113.01,yerlesimler_nokta_asya_0917.js
Chełm (Kholm),51.1431,23.4716,yerlesimler_p0037.js
Chiang Hung (Jinghong),22.01,100.8,yerlesimler_a78_asya.js
Cibri (Güçlü),37.27593,42.09814,yerlesimler_sinir_guney.js
Cicel,36.821,5.766,yerlesimler_afrika.js
Cimma (Jiren),7.673,36.834,yerlesimler_afrika.js
Cinci (Gingee),12.252,79.397,yerlesimler_asya.js
Ciyayuguan (Jiayuguan),39.797,98.289,yerlesimler_asya.js
Codhpûr (Jodhpur),26.288,73.019,yerlesimler_asya.js
Colo (Jolo),6.053,121.002,yerlesimler_asya.js
Concu (Jeonju),35.824,127.148,yerlesimler_asya.js
Cos (Jos),9.9,8.86,yerlesimler_afrika2.js
Cres (Cherso),44.879,14.399,yerlesimler.js
Cumai (Birlikköy),37.24622,42.52018,yerlesimler_sinir_guney.js
Câlandhar (Jalandhar),31.326,75.576,yerlesimler_asya.js
Cânet (Djanet),24.55,9.48,yerlesimler_afrika2.js
Cēsis (Wenden),57.312,25.274,yerlesimler_ek7.js
Dakka (Dhaka),23.811,90.413,yerlesimler_asya.js
Daugavpils (Dünaburg),55.875,26.536,yerlesimler_ek7.js
Debre (Dibra),41.524,20.531,yerlesimler_ok104.js
Dedeağaç (Alexandroupoli),40.849,25.874,yerlesimler_ek24.js
Delgo (Sükkût),20.126,30.548,yerlesimler_h2_afrika.js
Dera Gazi Han,30.05,70.63,yerlesimler_nokta_asya_0917.js
Derc (Derj),30.155,10.442,yerlesimler_h2_kuzeyafrika.js
Dereköy (Kırklareli),41.943,27.401,yerlesimler_ek24.js
Deyrülkamer (Dayr al-Kamer),33.6989,35.5619,yerlesimler_ek29.js
Değirmenlik (Milos),36.6979,24.44,yerlesimler.js
Diahav (Sine),14.3,-16.3,yerlesimler_afrika2.js
Dikva (Dikeo),12.04,13.917,yerlesimler_ok107.js
Douglas (Man),54.15,-4.482,yerlesimler_avrupa.js
Drežnik (Drežnik Grad),44.943,15.669,yerlesimler_ek29.js
Dârülbeyzâ (Anfa),33.573,-7.59,yerlesimler_h2_kuzeyafrika.js
Ebha (Asir),18.216,42.505,yerlesimler.js
Ebû Ramâd (Şalâtîn),23.133,35.6,yerlesimler_afrika.js
Ecmîr (Ajmer),26.45,74.639,yerlesimler_asya.js
Edinburg,55.953,-3.189,yerlesimler.js
Edo (Tokyo),35.69,139.692,yerlesimler_asya.js
Eisenstadt (Kismarton),47.8457,16.5233,yerlesimler_p77_avrupa.js
Ejin (Hara-Hoto),41.95,101.07,yerlesimler_ek21.js
Elbing (Elbląg),54.1522,19.4088,yerlesimler.js
Elhova (Elhovo),42.17,26.573,yerlesimler_ek24.js
Elicpûr (Achalpur),21.257,77.512,yerlesimler_asya.js
Elmina (São Jorge da Mina),5.085,-1.349,yerlesimler_e9353f.js
Emet (Eğrigöz),39.343,29.259,yerlesimler.js
Ende (Flores),-8.84,121.66,yerlesimler_gdasya.js
Erdel Belgradı (Gyulafehérvár),46.0678,23.58,yerlesimler_ek29.js
Ergiri (Ergirikasrı),40.0758,20.1389,yerlesimler_epir.js
Eski Kırım (Solhat),45.0281,35.1078,yerlesimler_kirim.js
Esterâbâd (Gürgân),36.8381,54.4342,yerlesimler.js
Etâve (Etawah),26.776,79.015,yerlesimler_asya.js
Eğirdir,37.8727,30.8487,yerlesimler.js
Eşref (Behşehr),36.6942,53.5522,yerlesimler.js
Fada Ngurma (Gurma),12.06,0.36,yerlesimler_afrika2.js
Ferasan (Farasan),16.73,42.009,yerlesimler.js
Feyzâbâd (Ayodhya),26.775,82.145,yerlesimler_asya.js
Feyzâbâd (Bedahşan),37.117,70.58,yerlesimler_a78_asya.js
Filorina (Florina),40.782,21.41,yerlesimler_a78_avrupa.js
Finike,36.301,30.145,yerlesimler.js
Folegandros,36.682,25.125,yerlesimler.js
Foça (Foča),43.506,18.779,yerlesimler.js
Fumban (Bamum),5.73,10.9,yerlesimler_afrika2.js
Funai (Ōita),33.238,131.613,yerlesimler_asya.js
Fîgîg (Figuig),32.109,-1.227,yerlesimler_h2_kuzeyafrika.js
Fülek (Fiľakovo),48.2702,19.8223,yerlesimler_ek_macaristan.js
Galiç (Kostroma),58.383,42.35,yerlesimler_h2_rusya.js
Gauhâtî (Guwahati),26.145,91.736,yerlesimler_asya.js
Gaur (Lakhnautî),24.868,88.133,yerlesimler_asya.js
Gcuva (Butterworth),-32.33,28.15,yerlesimler_afrika2.js
Gevgili (Gevgelija),41.144,22.502,yerlesimler_ok107.js
Glatz (Kłodzko),50.437,16.657,yerlesimler.js
Gleiwitz (Gliwice),50.294,18.666,yerlesimler.js
Gmünd (Aşağı Avusturya),48.767,14.983,yerlesimler_a78_avrupa.js
Gobi-Altay (Yösönbulag),46.37,96.26,yerlesimler_ek21.js
Gore (Gorée),14.675,-17.4273,yerlesimler_afrika2.js
Grand Cess (Kru),4.57,-8.21,yerlesimler_afrika2.js
Gulca (Yining),43.913,81.324,yerlesimler_asya.js
Gvalyar (Gwalior),26.218,78.183,yerlesimler_asya.js
Gyula (Göle),46.65,21.277,yerlesimler_ek5.js
Göksun,38.021,36.4973,yerlesimler_anadolu_0914.js
Gölköy (Habsamana),40.6878,37.6178,yerlesimler_anadolu_0914.js
Gölyazı (Apollonia),40.172,28.65,yerlesimler.js
Görice (Korçë),40.619,20.781,yerlesimler_a78_avrupa.js
Gözleve (Kezlev),45.1904,33.3669,yerlesimler_kirim.js
Gülberge (Gulbarga),17.33,76.834,yerlesimler_asya.js
Gümrü (Aleksandropol),40.789,43.847,yerlesimler_ek26.js
Hacıbey (Odessa),46.485,30.733,yerlesimler.js
Hakata (Fukuoka),33.59,130.402,yerlesimler_asya.js
Hanoi (Thăng Long),21.028,105.834,yerlesimler_asya.js
Hanşele (Khenchela),35.436,7.144,yerlesimler_h2_kuzeyafrika.js
Havîza,31.4572,48.075,yerlesimler.js
Hengyang (Hengzhou),26.89,112.57,yerlesimler_nokta_asya_0917.js
Henzada (Hinthada),17.64,95.46,yerlesimler_gdasya.js
Herseknovi (Herceg Novi),42.453,18.538,yerlesimler_ek.js
Hlınov (Vyatka),58.604,49.668,yerlesimler_h2_rusya.js
Hoima (Bunyoro),1.43,31.35,yerlesimler_afrika2.js
Horog (Khorog),37.5,71.6,yerlesimler_a78_asya.js
Hotan,37.117,79.928,yerlesimler_asya.js
Hoşap (Mahmudi),38.2222,43.7439,yerlesimler_ek_ferhadpasa.js
Hulo (Acara),41.645,42.31,yerlesimler_ek26.js
Hums (Lebde),32.649,14.262,yerlesimler_afrika.js
Hunayfire (Khenifra),32.936,-5.668,yerlesimler_h2_kuzeyafrika.js
Hurma (Tâif doğusu),21.911,42.031,yerlesimler_nokta_ortadogu_0917.js
Huế (Phú Xuân),16.463,107.585,yerlesimler_asya.js
Hâmi (Kumul),42.828,93.515,yerlesimler_asya.js
Hûglî (Hooghly),22.897,88.39,yerlesimler_asya.js
Hımara (Himarë),40.1017,19.7444,yerlesimler_epir.js
Hội An (Faifo),15.88,108.335,yerlesimler_asya.js
Ilâhâbâd (Allahabad),25.436,81.847,yerlesimler_asya.js
Irgiz (Irgız),48.61,61.27,yerlesimler_ortaasya3.js
Jasenovaç (Jasenovac),45.281,16.917,yerlesimler_ek29.js
Jeseník (Freiwaldau),50.229,17.204,yerlesimler.js
Ji'an (Jizhou),27.11,114.98,yerlesimler_nokta_asya_0917.js
Jitomir (Zhytomyr),50.262,28.679,yerlesimler_ukrayna_0916.js
Kabâv (Nefûse),31.941,12.036,yerlesimler_h2_kuzeyafrika.js
Kahone (Salum),13.92,-16.18,yerlesimler_afrika2.js
Kahul (Cahul),45.905,28.198,yerlesimler_p0037.js
Kaihua (Wenshan),23.37,104.25,yerlesimler_a78_asya.js
Kal'a-i Hum (Darvaz),38.467,70.767,yerlesimler_a78_asya.js
Kala-i Vamar (Rûşan),37.95,71.55,yerlesimler_a78_asya.js
Kalas (Galatz),45.435,28.008,yerlesimler.js
Kalgan (Zhangjiakou),40.812,114.879,yerlesimler_asya.js
Kalikut (Kozhikode),11.259,75.78,yerlesimler_asya.js
Kalme (Guelma),36.462,7.426,yerlesimler_afrika.js
Kanbâyet (Khambhat),22.317,72.62,yerlesimler_asya.js
Kannûr (Cannanore),11.868,75.355,yerlesimler_asya.js
Kanton (Guangzhou),23.129,113.264,yerlesimler_asya.js
Karahisâr-ı Sâhib (Afyon),38.757,30.538,yerlesimler.js
Karaşar (Yanqi),42.06,86.57,yerlesimler_ortaasya3.js
Karkaralinsk (Karkaralı),49.41,75.48,yerlesimler_ortaasya3.js
Karpatos,35.508,27.213,yerlesimler.js
Karpuzlu (Yenikarpuzlu),40.82996,26.29606,yerlesimler_sinir_kuzey.js
Kassa (Košice),48.714,21.258,yerlesimler_ek.js
Kattak (Cuttack),20.463,85.883,yerlesimler_asya.js
Kattowitz (Katowice),50.259,19.02,yerlesimler.js
Katye,30.94,32.633,yerlesimler_afrika.js
Kazalinsk (Kazalı),45.76,62.11,yerlesimler_ortaasya3.js
Kazan,55.796,49.106,yerlesimler.js
Kedah (Alor Setar),6.121,100.36,yerlesimler_asya.js
Kelantan (Kota Bharu),6.13,102.24,yerlesimler_gdasya.js
Kelemez (Kalimnos),36.993,26.972,yerlesimler.js
Keriya (Yutian),36.85,81.67,yerlesimler_ortaasya3.js
Kerulen (Çoybalsan),48.07,114.54,yerlesimler_ek19.js
Kesendire (Kassandra),40.062,23.442,yerlesimler.js
Kesriye (Kastoria),40.519,21.269,yerlesimler_a78_avrupa.js
Kilwa Kisiwani (Kilve),-8.9795,39.4862,yerlesimler_emilme.js
Kirkwall (Orkney),58.981,-2.96,yerlesimler_avrupa.js
Kirmasti (M.Kemalpaşa),40.035,28.411,yerlesimler.js
Kite (Kete),40.13,28.86,yerlesimler.js
Kişm (Qeshm),26.791,55.821,yerlesimler.js
Klaipėda (Memel),55.703,21.144,yerlesimler_ek7.js
Kliçatak (Suser),40.46393,43.73328,yerlesimler_sinir_kuzey.js
Kobdo (Hovd),48.006,91.641,yerlesimler_asya.js
Koil (Aligarh),27.897,78.088,yerlesimler_asya.js
Kolam (Quilon),8.893,76.614,yerlesimler_asya.js
Komárom (Komárno),47.7625,18.125,yerlesimler_ek29.js
Kongcu (Gongju),36.455,127.119,yerlesimler_asya.js
Koniçe (Konjic),43.652,17.962,yerlesimler_ek2.js
Konurapa (Düzce),40.838,31.163,yerlesimler.js
Kopal (Kapal),45.117,79.05,yerlesimler_ortaasya3.js
Kordofan (Ubeyyid),13.184,30.218,yerlesimler.js
Korçula (Kurzola),42.945,16.904,yerlesimler.js
Kostayniçe (Kostajnica),45.232,16.539,yerlesimler_ek29.js
Kotabato (Magindanao),7.223,124.246,yerlesimler_asya.js
Koçin (Kochi),9.9551,76.2505,yerlesimler_asya.js
Krayova (Craiova),44.33,23.795,yerlesimler.js
Krupa (Bosanska Krupa),44.882,16.158,yerlesimler_ek29.js
Kuban (Yekaterinodar),45.035,38.975,yerlesimler.js
Kurnûl (Kurnool),15.828,78.037,yerlesimler_asya.js
Kuça (Kuqa),41.717,82.962,yerlesimler_asya.js
Kyongcu (Gyeongju),35.856,129.225,yerlesimler_asya.js
Kyongsong (Gyeongseong),41.575,129.598,yerlesimler_asya.js
Kökçetav (Kokçetav),53.28,69.39,yerlesimler_ortaasya3.js
Köprühisar (Yenişehir),40.205,29.545,yerlesimler.js
Köprülü (Veles),41.716,21.775,yerlesimler_ok107.js
Küfkaynapınarı (Azatlı),41.49897,26.70205,yerlesimler_sinir_kuzey.js
Külâb (Kulob),37.91,69.78,yerlesimler_ek14.js
Kılkış (Avrathisar),40.994,22.874,yerlesimler_ok107.js
Kımpulung (Câmpulung),45.269,25.045,yerlesimler.js
Kızıkermen (Gazi Kerman),46.84,33.42,yerlesimler_ok106.js
Labuan (Victoria),5.28,115.24,yerlesimler_a78_asya.js
Ladik (Amasya),40.912,35.898,yerlesimler.js
Lagos (Eko),6.45,3.4,yerlesimler_afrika2.js
Lanzaka (Lagkadas),40.75,23.0667,yerlesimler_ek29.js
Lashio (Kuzey Hsenwi),22.94,97.75,yerlesimler_a78_asya.js
Lautém (Moro),-8.358,126.929,yerlesimler_a78_asya.js
Lefke (Osmaneli),40.356,30.014,yerlesimler.js
Leh (Ladakh),34.164,77.585,yerlesimler_asya.js
Leknev (Lucknow),26.847,80.947,yerlesimler_asya.js
Lendava (Alsólendva),46.563,16.452,yerlesimler_a78_avrupa.js
Lerwick (Shetland),60.153,-1.145,yerlesimler_avrupa.js
Leş (Alessio),41.783,19.644,yerlesimler_ok104.js
Liegnitz (Legnica),51.211,16.161,yerlesimler.js
Lifau (Oecussi),-9.2056,124.3711,yerlesimler_a78_asya.js
Lin'an (Jianshui),23.62,102.83,yerlesimler_a78_asya.js
Linguère (Colof),15.4,-15.12,yerlesimler_afrika2.js
Livno (İhlevne),43.827,17.008,yerlesimler.js
Lokoca (Lokoja),7.8,6.74,yerlesimler_afrika2.js
Lovozero (Luyavr),68.005,35.015,yerlesimler_p0037.js
Lugos (Lugoj),45.688,21.903,yerlesimler.js
Lutsk (Łuck),50.7472,25.3254,yerlesimler_p0037.js
Léva (Levice),48.2172,18.6069,yerlesimler_ek29.js
Lüşun (Port Arthur),38.813,121.216,yerlesimler_asya.js
Makao (Macau),22.199,113.544,yerlesimler_asya.js
Malak Dervent (Lalkovo),42.07516,26.72009,yerlesimler_sinir_kuzey.js
Malikiye (Derik),37.176,42.145,yerlesimler_ek25.js
Mamûra (Mehdiye),34.256,-6.678,yerlesimler_h2_kuzeyafrika.js
Manama (Bahreyn),26.228,50.586,yerlesimler.js
Manas (Cungarya),44.3,86.21,yerlesimler_ortaasya3.js
Mandu (Mândû),22.336,75.403,yerlesimler_asya.js
Mankhamba (Maravi),-14.28,34.52,yerlesimler_afrika2.js
Mao (Kanem),13.996,15.313,yerlesimler_e9353f.js
Margiliç (Margariti),39.55,20.4167,yerlesimler_epir.js
Maribor (Marburg),46.5558,15.6459,yerlesimler_p77_avrupa.js
Mat (Mati),41.61,20.009,yerlesimler_ok104.js
Mataram (Lombok),-8.583,116.117,yerlesimler_asya.js
Maumere (Flores),-8.62,122.21,yerlesimler_gdasya.js
Mazagan (El Jadida),33.256,-8.506,yerlesimler_ek3.js
Mbanza-Kongo (São Salvador),-6.27,14.24,yerlesimler_emilme.js
Mbarara (Nkore),-0.61,30.66,yerlesimler_afrika2.js
Meciboj (Mejibuji),49.431,27.415,yerlesimler.js
Medan (Deli),3.595,98.672,yerlesimler_gdasya.js
Medea (Titteri),36.264,2.754,yerlesimler.js
Mekter (Maktar),35.855,9.203,yerlesimler_h2_kuzeyafrika.js
Mengo (Buganda),0.348,32.583,yerlesimler_e9353f.js
Mercihamis (Yurtbağı),36.86293,38.00361,yerlesimler_sinir_guney.js
Mergui (Myeik),12.4361,98.613,yerlesimler_asya.js
Meriç (İpsala kuzeyi),41.191,26.421,yerlesimler_ek24.js
Merâga,37.3894,46.2381,yerlesimler.js
Mesudiye (Milas),40.4633,37.7728,yerlesimler_anadolu_0914.js
Meysûr (Mysore),12.295,76.639,yerlesimler_asya.js
Mianning (Lincang),23.88,100.09,yerlesimler_a78_asya.js
Mihaliç (Karacabey),40.214,28.361,yerlesimler.js
Molova (Molyvos),39.366,26.181,yerlesimler.js
Mora (Tripoliçe),37.51,22.379,yerlesimler.js
Moulmein (Mawlamyine),16.4821,97.6462,yerlesimler_asya.js
Mrauk U (Arakan),20.588,93.191,yerlesimler_asya.js
Mudurnu,40.47,31.208,yerlesimler.js
Mukden (Şenyang),41.805,123.431,yerlesimler_asya.js
Mungîr (Monghyr),25.375,86.474,yerlesimler_asya.js
Munkács (Mukacheve),48.4421,22.7185,yerlesimler_ek_macaristan.js
Murted (Kea),37.614,24.331,yerlesimler.js
Mustafapaşa (Svilengrad),41.766,26.207,yerlesimler_ek24.js
Mîrat (Meerut),28.984,77.706,yerlesimler_asya.js
Mörön (Hövsgöl),49.63,100.16,yerlesimler_ek19.js
Naga (Camarines),13.62,123.18,yerlesimler_gdasya.js
Nakşa,37.097,25.3825,yerlesimler.js
Nanking (Nanjing),32.06,118.797,yerlesimler_asya.js
Narın (Naryn),41.43,75.99,yerlesimler_ortaasya3.js
Nder (Valo),16.2,-15.85,yerlesimler_afrika2.js
Negeri Sembilan (Seremban),2.72,101.94,yerlesimler_gdasya.js
Neufchâteau (Belçika),49.841,5.435,yerlesimler_a78_avrupa.js
Nevrokop (Gotse Delçev),41.573,23.733,yerlesimler.js
Nha Trang (Kauthara),12.24,109.19,yerlesimler_gdasya.js
Nikki (Borgu),9.94,3.21,yerlesimler_afrika2.js
Ning'er (Pu'er),23.06,101.04,yerlesimler_a78_asya.js
Nitra (Nyitra),48.3069,18.0864,yerlesimler_ek29.js
Nyanza (Ruanda),-2.35,29.75,yerlesimler_afrika2.js
Nykøbing (Falster),54.766,11.876,yerlesimler_avrupa.js
Nâbil (Nabeul),36.451,10.735,yerlesimler_afrika.js
Oppeln (Opole),50.672,17.926,yerlesimler.js
Or Kapı (Ferahkirman),46.16,33.69,yerlesimler_kirim.js
Ordu (Bayramlı),40.976,37.848,yerlesimler.js
Oreoi (İstiaia),38.951,23.093,yerlesimler.js
Orestiada (Kumçiftliği),41.503,26.531,yerlesimler_ek24.js
Oreşek (Nöteborg),59.953,31.038,yerlesimler_h2_rusya.js
Orsova (Eski Orsova),44.72,22.4,yerlesimler.js
"Ostrovica (Stara Ostrovica, Kulen Vakuf)",44.558,16.081,yerlesimler_ek29.js
Oyo-İle (Eski Oyo),8.983,4.383,yerlesimler_e9353f.js
Pag (Pago),44.4676,15.0186,yerlesimler.js
Pahang (Pekan),3.5,103.4,yerlesimler_gdasya.js
Patan (Anhilvâda),23.85,72.126,yerlesimler_asya.js
Pathein (Bassein),16.78,94.73,yerlesimler_gdasya.js
Patna (Azîmâbâd),25.594,85.138,yerlesimler_asya.js
Pegu (Bago),17.335,96.479,yerlesimler_asya.js
Pekin (Hanbalık),39.904,116.407,yerlesimler_asya.js
Pelekanon (Eskihisar),40.762,29.386,yerlesimler.js
Penghu (Pescadores),23.571,119.579,yerlesimler_asya.js
Perak (Kuala Kangsar),4.767,100.937,yerlesimler_asya.js
Perth (İskoçya),56.396,-3.437,yerlesimler_avrupa.js
Petropavlovsk (Kızılcar),54.87,69.15,yerlesimler_ortaasya3.js
Petrovsk (Saratov),52.3167,45.3833,yerlesimler_ek22.js
Petsamo (Peçenga),69.55,31.22,yerlesimler_ek8.js
Petseri (Peçori),57.815,27.609,yerlesimler_a78_avrupa.js
Phan Rang (Panduranga),11.564,108.988,yerlesimler_asya.js
Phuket (Thalang),7.89,98.4,yerlesimler_gdasya.js
Praviște (Eleftheroupoli),40.9167,24.25,yerlesimler_ek29.js
Prevadi (Provadia),43.1789,27.4331,yerlesimler_ek29.js
Preveze,38.9607,20.7469,yerlesimler.js
Prome (Pyay),18.817,95.213,yerlesimler_asya.js
Puerto Princesa (Palawan),9.74,118.74,yerlesimler_gdasya.js
Pûne (Poona),18.52,73.856,yerlesimler_asya.js
Qiongzhou (Haikou),20.044,110.199,yerlesimler_asya.js
Radom (Polonya),51.403,21.147,yerlesimler.js
Rangun (Yangon),16.871,96.199,yerlesimler_asya.js
Ras el-Hayme (Cülfâr),25.7896,55.9417,yerlesimler.js
Ratanpur,22.29,82.17,yerlesimler_nokta_asya_0917.js
Raycur (Raichur),16.207,77.355,yerlesimler_asya.js
Rengat (Indragiri),-0.35,102.55,yerlesimler_gdasya.js
Rezve (Rezovo),41.9935,28.0192,yerlesimler_ek24.js
Reşadiye (İskefsir),40.3919,37.3375,yerlesimler_anadolu_0914.js
Rimnik (Râmnicu Vâlcea),45.105,24.375,yerlesimler.js
Rimnik-i Sârat (Râmnicu Sărat),45.383,27.056,yerlesimler.js
Rivne (Równe),50.6199,26.2516,yerlesimler_p0037.js
Rønne (Bornholm),55.1,14.702,yerlesimler_avrupa.js
Rēzekne (Rositten),56.51,27.333,yerlesimler_a78_avrupa.js
Safi (Asfi),32.299,-9.237,yerlesimler_ek3.js
Sandoway (Thandwe),18.48,94.35,yerlesimler_gdasya.js
Saray (Selitrennoye),47.183,47.7,yerlesimler_h2_rusya.js
Sasari (Sassari),40.73,8.56,yerlesimler.js
Saygon (Gia Định),10.823,106.63,yerlesimler_asya.js
Sayram (İsficâb),42.303,69.786,yerlesimler_ok107.js
Segedin (Szeged),46.253,20.148,yerlesimler.js
Segesvár (Sighişoara),46.2197,24.7925,yerlesimler_ek29.js
Semendire,44.663,20.93,yerlesimler.js
Sengkang (Wajo),-4.13,120.02,yerlesimler_gdasya.js
Seram (Ceram),-3.1,129.5,yerlesimler_gdasya.js
Seringapatam (Şrirangapatnam),12.412,76.694,yerlesimler_asya.js
Seul (Hanyang),37.566,126.978,yerlesimler_asya.js
Seyûn (Sayvan),15.9433,48.7933,yerlesimler_nokta_ortadogu_0917.js
Shunning (Fengqing),24.58,99.93,yerlesimler_a78_asya.js
Sibsâgar (Rangpûr),26.985,94.638,yerlesimler_asya.js
Sin (Sinj),43.704,16.639,yerlesimler_ek.js
Sion (Sitten),46.233,7.361,yerlesimler_a78_avrupa.js
Sisam,37.755,26.977,yerlesimler.js
Sodo (Vollayta),6.86,37.762,yerlesimler_afrika.js
Sofulu (Soufli),41.193,26.298,yerlesimler_ek24.js
Solnok (Szolnok),47.174,20.198,yerlesimler.js
Solovki (Solovetsky),65.03,35.712,yerlesimler_h2_rusya.js
Soroka (Soroca),48.158,28.299,yerlesimler.js
Souli (Sûli),39.4167,20.6167,yerlesimler_epir.js
Soçi (Sâşe),43.585,39.723,yerlesimler.js
Srinagar (Keşmir),34.084,74.797,yerlesimler_asya.js
St. Vith (Sankt Vith),50.283,6.127,yerlesimler_a78_avrupa.js
Stettin (Szczecin),53.428,14.553,yerlesimler_avrupa.js
Sultâniye,36.4318,48.797,yerlesimler.js
Sumenep (Madura),-7.02,113.87,yerlesimler_gdasya.js
Sunpu (Şizuoka),34.976,138.383,yerlesimler_asya.js
Suzak (Sozak),44.13,68.47,yerlesimler_ortaasya3.js
Suçava (Suceava),47.633,26.25,yerlesimler.js
Swatow (Shantou),23.363,116.6798,yerlesimler_asya.js
Szatmár (Satu Mare),47.7892,22.8726,yerlesimler_ek_macaristan.js
Sığnak (Sunak Kurgan),44.05,67.05,yerlesimler_ortaasya3.js
Taegu (Daegu),35.872,128.601,yerlesimler_asya.js
Tallinn (Reval),59.437,24.754,yerlesimler_ek11.js
Tanta,30.786,31.001,yerlesimler_afrika.js
Taraz (Evliya-Ata),42.9,71.367,yerlesimler_ok107.js
Tarki (Tarku),42.98,47.5,yerlesimler.js
Tartu (Dorpat),58.378,26.729,yerlesimler_ek11.js
Tavoy (Dawei),14.084,98.199,yerlesimler_asya.js
Taşkurgan (Sarıkol),37.775,75.228,yerlesimler_a78_asya.js
Tengyue (Tengchong),25.02,98.49,yerlesimler_a78_asya.js
Terengganu (Kuala Terengganu),5.33,103.14,yerlesimler_gdasya.js
Tiencin (Tianjin),39.084,117.201,yerlesimler_asya.js
Toamasina (Tamatave),-18.15,49.4,yerlesimler_afrika2.js
Tobolsk (İsker),58.199,68.256,yerlesimler_ek10.js
Torun (Toruń),53.0103,18.6047,yerlesimler.js
Tranquebar (Tharangambadi),11.029,79.851,yerlesimler_asya.js
Trichinopoly (Tiruchirappalli),10.79,78.704,yerlesimler_asya.js
Trivandrum (Thiruvananthapuram),8.524,76.936,yerlesimler_asya.js
Trowulan (Majapahit),-7.545,112.383,yerlesimler_asya.js
Tsuşima (İzuhara),34.203,129.289,yerlesimler_asya.js
Turku (Åbo),60.452,22.267,yerlesimler_avrupa.js
Tuzla (Bosna),44.538,18.676,yerlesimler_seyrek.js
Tâka (Zufâr),17.057,54.404,yerlesimler_h2_afrika.js
Tîmîmûn (Gûrâre),29.256,0.231,yerlesimler_h2_kuzeyafrika.js
Tîne (Dârfûr),15.06,23.0,yerlesimler_h2_afrika.js
Tîzî Vezzû (Kabiliye),36.712,4.047,yerlesimler_h2_kuzeyafrika.js
Tûr (Sînâ),28.241,33.623,yerlesimler_afrika.js
Tümen (Çimgi-Tura),57.153,65.5343,yerlesimler_ek10.js
Türkistan (Yesi),43.302,68.253,yerlesimler_ek15.js
Tıtvân (Tetuan),35.578,-5.368,yerlesimler_h2_kuzeyafrika.js
Třeboň (Wittingau),49.004,14.771,yerlesimler_a78_avrupa.js
Ubârî,26.59,12.777,yerlesimler_afrika.js
Uccayn (Ujjain),23.179,75.785,yerlesimler_asya.js
Uije (Uíge),-7.61,15.06,yerlesimler_afrika2.js
Ukek (Uvek),51.47,45.95,yerlesimler_h2_rusya.js
Ulubat,40.171,28.573,yerlesimler.js
Uluköy (Akçadam),41.30488,26.53073,yerlesimler_sinir_kuzey.js
Umtali (Mutare),-18.97,32.67,yerlesimler_afrika2.js
Umur Fakih (Fakia),42.18986,27.08592,yerlesimler_sinir_kuzey.js
Ungvár (Uzhhorod),48.6224,22.3023,yerlesimler_ek_macaristan.js
Uralsk (Yayık),51.227,51.386,yerlesimler_h2_rusya.js
Ustrumca (Strumica),41.437,22.643,yerlesimler_ok107.js
Uzunada (Dugi Otok),44.014,15.047,yerlesimler.js
Uçturfan (Uç Turfan),41.21,79.05,yerlesimler_ortaasya3.js
Vacir (Wajir),1.75,40.06,yerlesimler_afrika2.js
Vagadugu (Ouagadougou),12.37,-1.53,yerlesimler_afrika2.js
Valata (Oualata),17.3,-7.033,yerlesimler_e9353f.js
Varad (Oradea),47.053,21.941,yerlesimler.js
Varadin (Petrovaradin),45.248,19.862,yerlesimler.js
Varangal (Warangal),17.978,79.594,yerlesimler_asya.js
Varasd (Varaždin),46.3057,16.3366,yerlesimler_ek29.js
Vargla (Ouargla),31.949,5.325,yerlesimler_h2_kuzeyafrika.js
Varmbad (Warmbad),-28.45,18.74,yerlesimler_afrika2.js
Vaç (Vác),47.776,19.134,yerlesimler.js
Vecde (Oujda),34.681,-1.9,yerlesimler_h2_kuzeyafrika.js
Vellor (Vellore),12.916,79.132,yerlesimler_asya.js
Vezzân (Ouezzane),34.796,-5.583,yerlesimler_h2_kuzeyafrika.js
Viborg (Jutland),56.451,9.402,yerlesimler_avrupa.js
Vidin,43.992,22.873,yerlesimler.js
Viipuri (Vyborg),60.713,28.733,yerlesimler_avrupa.js
Vijaya (Quy Nhơn),13.9,109.1,yerlesimler_asya.js
Vinnitsa (Vinnytsia),49.232,28.469,yerlesimler_ukrayna_0916.js
Visby (Gotland),57.635,18.294,yerlesimler_avrupa.js
Vohipeno (Antemoro),-22.36,47.83,yerlesimler_afrika2.js
Volodymyr-Volynskyi (Włodzimierz),50.848,24.3226,yerlesimler_p0037.js
Vrana (Urana),43.956,15.562,yerlesimler_ek.js
Vukari (Wukari),7.87,9.78,yerlesimler_afrika2.js
Waingapu (Sumba),-9.66,120.26,yerlesimler_gdasya.js
Watampone (Bone),-4.54,120.33,yerlesimler_gdasya.js
Wuchang (Wuhan),30.5657,114.3337,yerlesimler_asya.js
Würzburg,49.791,9.953,yerlesimler_avrupa.js
Xi'an (Chang'an),34.342,108.94,yerlesimler_asya.js
Yagodina (Jagodina),43.9772,21.2617,yerlesimler_ek29.js
Yanova (Ineu),46.426,21.741,yerlesimler.js
Yantai (Chefoo),37.464,121.448,yerlesimler_asya.js
Yanıkkale (Győr),47.685,17.635,yerlesimler.js
Yarkent (Şaçe),38.416,77.243,yerlesimler_asya.js
Yayça (Jajce),44.342,17.271,yerlesimler.js
Yazlofça (Yazlovets),48.951,25.435,yerlesimler.js
Yaş,47.157,27.601,yerlesimler.js
Yendi (Dagbon),9.44,-0.01,yerlesimler_afrika2.js
Yeni Saray (Tsarev),48.688,45.383,yerlesimler_h2_rusya.js
Yenişehir (Bursa),40.267,29.633,yerlesimler.js
Yergöğü (Giurgiu),43.904,25.97,yerlesimler.js
Yinchuan (Ningxia),38.487,106.231,yerlesimler_asya.js
Yirgalem (Sidamo),6.75,38.41,yerlesimler_afrika.js
Yongchang (Baoshan),25.11,99.16,yerlesimler_a78_asya.js
Yüksekova (Gever),37.573,44.29,yerlesimler_ek26.js
Zagem (Kaheti),41.7,45.78,yerlesimler.js
Zamantı (Pınarbaşı),38.7331,36.2228,yerlesimler_anadolu_0914.js
Zanzibar (Zengibar),-6.1659,39.1917,yerlesimler_emilme.js
Zaria (Zazzau),11.086,7.72,yerlesimler_e9353f.js
Zeytun (Quanzhou),24.876,118.6653,yerlesimler_asya.js
Zhangye (Ganzhou),38.926,100.45,yerlesimler_asya.js
Zâgûre (Dr'a),30.332,-5.838,yerlesimler_h2_kuzeyafrika.js
el-Arâiş (Larache),35.193,-6.156,yerlesimler_h2_kuzeyafrika.js
el-Hüseyme (Alhucemas),35.246,-3.931,yerlesimler_h2_kuzeyafrika.js
el-Vâdî (Sûf),33.368,6.867,yerlesimler_h2_kuzeyafrika.js
Çamdo (Chamdo),31.14,97.178,yerlesimler_asya.js
Çarklık (Ruoqiang),39.02,88.17,yerlesimler_ortaasya3.js
Çatgam (Chittagong),22.335,91.834,yerlesimler_asya.js
Çaul (Chaul),18.56,72.92,yerlesimler_asya.js
Çehrin (Çigirin),49.077,32.663,yerlesimler.js
Çengdu (Chengdu),30.572,104.066,yerlesimler_asya.js
Çerkask (Razdory),47.24,40.05,yerlesimler_ek6.js
Çernovitz (Çernivtsi),48.292,25.935,yerlesimler.js
Çerçen (Qiemo),38.14,85.53,yerlesimler_ortaasya3.js
Çitor (Chittorgarh),24.879,74.629,yerlesimler_asya.js
Çongqing (Chongqing),29.563,106.552,yerlesimler_asya.js
Çungcu (Chungju),36.991,127.926,yerlesimler_asya.js
Çölemerik (Hakkâri),37.5744,43.7408,yerlesimler_ek_ferhadpasa.js
Çöçek (Tarbagatay),46.75,82.98,yerlesimler_ek20.js
Îfnî (Sîdî İfnî),29.379,-10.173,yerlesimler_h2_kuzeyafrika.js
Ömnögovi (Dalanzadgad),43.57,104.42,yerlesimler_ek21.js
Öndörhaan (Hentiy),47.32,110.66,yerlesimler_ek19.js
Östersund (Jämtland),63.25,14.9,yerlesimler_ek7.js
Özalp (Saray),38.658,43.998,yerlesimler_ek26.js
Ûicu (Uiju),40.152,124.523,yerlesimler_asya.js
Üsküp,41.997,21.428,yerlesimler.js
České Budějovice (Budweis),48.975,14.474,yerlesimler_a78_avrupa.js
Đà Nẵng (Tourane),16.054,108.202,yerlesimler_asya.js
Ğulmîm (Vâdî Nûn),28.987,-10.057,yerlesimler_h2_kuzeyafrika.js
Ğâru'l-Melh (Porto Farina),37.177,10.191,yerlesimler_h2_kuzeyafrika.js
İhosy (Bara),-22.4,46.12,yerlesimler_afrika2.js
İlyaki (Tilos),36.586,27.167,yerlesimler.js
İmphâl (Manipûr),24.817,93.937,yerlesimler_asya.js
İmâdiye (Amêdî),37.0921,43.4877,yerlesimler_ok109.js
İncirli (Nisiros),36.428,27.363,yerlesimler.js
İnkirman (Kalamita),44.6072,33.6061,yerlesimler_ek2.js
İnçon (Incheon),37.456,126.705,yerlesimler_asya.js
İshakçı (Isaccea),45.2736,28.46,yerlesimler_ek29.js
İşkâşim (Pamir),36.72,71.61,yerlesimler_a78_asya.js
İştip (Štip),41.746,22.195,yerlesimler_ok107.js
Şehirköy (Pirot),43.1531,22.5861,yerlesimler_serhat.js
Şemdinli (Şemdinni),37.3051,44.5742,yerlesimler_sinir_dogu.js
Şerur (Sharur),39.55,44.95,yerlesimler_kalite4.js
Şeyh (Somaliland),9.933,45.183,yerlesimler_h2_afrika.js
Şeyh Salû-yi Ulyâ,38.9926,44.2001,yerlesimler_sinir_dogu.js
Şeyhrumi (Yücelen),38.9619,44.1132,yerlesimler_sinir_dogu.js
Şibenik (Sebenico),43.734,15.894,yerlesimler_ek.js
Şuri (Naha),26.217,127.719,yerlesimler_asya.js
