ad,dosya_satir,atlas_lat,atlas_lon,kayit_tur,kayit_ad_nesnesi,kapsayan_le1km,en_yakin_kapsayan_gt1km,sinif,kova,nesne,nesne_taniklari,km,care,not
Ayamavra (Lefkada),data/yerlesimler.js:1446,38.716,20.643,kale,ada adı (ayrı kale adı yok),"GN 258437 Lefkada (T.ISL) 0.84 ; TGN 7002712 Lefkás, Nísos (islands) 0.84",,KAPSAYAN-KAYIT,ADAY,Santa Maura kalesi / Lefkada kasabası,"GN 258438 Lefkáda PPLA2 (modern kasaba; kale bitişik, kale için gazetteer tanığı yok)",13.79,TAŞIMA (tanık bulunursa),tek tanık ailesi (GN); Pl 530974 antik Leucas farklı nesne; TGN yalnız ada (7002712 = GN ISL ile aynı enlem)
Batnoz (Patmos),data/yerlesimler.js:1654,37.32,26.55,kale,ada adı (ayrı kale adı yok),—,Pl 599872 Patmos (island) (island) 1.2,ADA-BELİRSİZ,—,Patmos Chora/Skala,GN Skála 0.66 · Pl Phora 0.78 · GN Pátmos PPLA3 1.25,0.66–1.25,—,NESNEDE: kapsayana ≤1 km eşleşme yok (Pl ada 1.20); kusur görünmüyor
Bozcaada,data/yerlesimler.js:555,39.833,26.045,kale,ada adı (ayrı kale adı yok),TGN 7686681 Bozcaada İlçesi (second) 0.88,,KAPSAYAN-KAYIT,ADAY,Bozcaada Kalesi,GN 10410022 Bozcaada Kalesi S.FT 2.40 · TGN 7679072 forts 2.40 · Pl 550911 Tenedos settlement-modern 2.11 (ara ≤0.35),2.11–2.40,TAŞIMA,"sınırda 2–2,5 km; Pleiades/GN/TGN hata payı ölçülmedi ⇒ KESİN denmedi; kapsayan yalnız TGN ilçe 0.88 (GN ADM2 1.06)"
Brakya (Brač),data/yerlesimler.js:1682,43.323,16.644,kale,ada adı (ayrı kale adı yok),GN 3203594 Otok Brač (T.ISL) 0.64 ; Pl 197178 Brattia (island) (island) 0.82,,KAPSAYAN-KAYIT,ÖLÇÜLEMEDİ,"belirsiz: Brač'ta tek ana kale yok; merkez Nerežišća (1828'e dek), sonra Supetar",GN Nerežišće PPLA2 5.37 · GN Supetar PPLA2 10.15,—,İKAME (nesne seçilirse),nesne kimliği kesin değil ⇒ eşik düşmez
Cerbe (Djerba),data/yerlesimler.js:1458,33.807,10.856,kale,ada adı (ayrı kale adı yok),—,GN 11905746 Erriadh (A.ADM3) 1.85,ADA-BELİRSİZ,EK-BULGU: ADAY,Borj el Kebir / Houmt Souk,GN 2470067 Borj el Kébir S.FT 8.55 · GN 2470384 Houmt Souk 7.65,7.65–8.55,TAŞIMA,nokta Erriadh kasabasına 1.53; kapsayana ≤1 km yok (GN ADM3 1.85); tek tanık ailesi (GN)
Egina (Aegina),data/yerlesimler.js:1668,37.736,23.493,kale,ada adı (ayrı kale adı yok),Pl 579844 Aegina (island) (island) 0.36 ; TGN 7011088 Aegina (islands) 0.51 ; GN 8133696 Dimos Aegina (A.ADM3) 0.99,,KAPSAYAN-KAYIT,ADAY,"ortaçağ kalesi Palaiochora (1826 civarına dek merkez), sonra modern Egina kasabası",Pl 884693053 Palaiochora 1.68 · GN 265502 Aegina PPLA3 5.88 · TGN 7011087 inhabited 5.88 · Pl 579853 (antik) 6.30,1.68 / 5.88,İKAME (§6.3),"pencere 1281–1923 iki nesneyi kapsıyor; erken dönemde nokta Palaiochora'ya 1,7 km"
Elba,data/yerlesimler.js:1703,42.784,10.285,kale,ada adı (ayrı kale adı yok),GN 3177426 Isola d'Elba (T.ISL) 1.0,,KAPSAYAN-KAYIT,ÖLÇÜLEMEDİ,belirsiz: kaydın kendi not: alanı adanın 1548/1557 sonrası BÖLÜNDÜĞÜNÜ yazıyor (Portoferraio / Piombino),GN Portoferraio PPLA3 3.89 · TGN 7006196 4.46 · GN Forte Stella S.FT 5.31,3.89–5.31,—,kapsayan GN ISL 1.00 (eşikte); kayıt tek nesne değil
Fornoz (Fourni),data/yerlesimler.js:1657,37.5795,26.4764,kale,ada adı (ayrı kale adı yok),—,GN 262261 Nisí Foúrnoi (T.ISL) 1.32,ADA-BELİRSİZ,—,Fourni kasabası,Pl 599727 Korsiai? 0.24 · GN Foúrnoi PPLA3 0.39,0.24–0.39,—,NESNEDE; kusur görünmüyor
Herke (Halki),data/yerlesimler.js:1653,36.229,27.568,kale,ada adı (ayrı kale adı yok),GN 260143 Nisí Chálki (T.ISL) 0.26 ; Pl 589742 Chalke Island (island) 0.37,,KAPSAYAN-KAYIT,ÖLÇÜLEMEDİ,Chorio kalesi (Şövalyeler),"GN 11498583 Kástro Chorioú S.CSTL 1.86 · (Pl 589741 Chalke settlement 4.60 = Emporio tarafı, farklı nesne)",1.86,—,fark <2 km ve tek tanık
Hvar (Lesina),data/yerlesimler.js:1683,43.164,16.699,kale,ada adı (ayrı kale adı yok),—,GN 11054605 Jelsa (A.ADM2) 0.59,ADA-BELİRSİZ,EK-BULGU: KESİN adayı,Hvar (Lesina) kasabası ve Fortica kalesi,GN 3199180 Hvar PPLA2 20.80 · TGN 7015484 Hvar inhabited 18.96,18.96–20.80,"TAŞIMA (Venedik 1281→1797, Avusturya…; kasaba sürekli)","YENİ DESEN: nokta GN 10236444 ""Hvar"" OTEL (S.HTL) kaydına 0.21 km, Jelsa kasabasında (Jelsa PPLA2 0.56). Kapsayan değil, AD-EŞİ kayıt"
Kaşot (Kasos),data/yerlesimler.js:1656,35.396,26.928,kale,ada adı (ayrı kale adı yok),GN 260844 Kasos Island (T.ISL) 0.49 ; Pl 589846 Kasos (island) (island) 0.8 ; GN 8133956 Dimos Kasos (A.ADM3) 0.92,,KAPSAYAN-KAYIT,ÖLÇÜLEMEDİ,Poli (kastro) / Fry,Pl 589845 Kasos settlement 3.22 (yalnız -750..300) · GN 262217 Fry PPLA3 2.29 (modern merkez),2.29–3.22,—,tek Pleiades tanığı yalnız antik dönem (§6.2); Osmanlı dönemi nesnesi tanıksız
Kemeran (Kamaran),data/yerlesimler.js:1711,15.353,42.587,kale,ada adı (ayrı kale adı yok),GN 74012 Kamaran Island (T.ISL) 0.79 ; GN 6940729 Kamaran (A.ADM2) 0.85,,KAPSAYAN-KAYIT,ADAY,Kamaran kalesi / Kamarān kasabası (doğu kıyısı),GN 74011 Kamarān PPL 3.17 (Mīnā Kamarān limanı 3.56),3.17,TAŞIMA (tanık bulunursa),"tek tanık ailesi (GN, modern); Ṯ yalnız bölge kaydı 2.65"
Kerkene (Kerkennah),data/yerlesimler.js:1704,34.741,11.224,kale,ada adı (ayrı kale adı yok),—,GN 2466981 Île Chergui (T.ISL) 1.21,ADA-BELİRSİZ,—,"belirsiz: Bordj el Hessar mı, Kellabine mi",GN Bordj el Hessar S.FT 7.25 · GN Kellabine PPL 3.68,—,—,kapsayan GN Île Chergui 1.21; nesne kimliği kesin değil
Kimolos (Argentiera),data/yerlesimler.js:1635,36.815,24.562,kale,ada adı (ayrı kale adı yok),Pl 589868 Kimolos (island) (island) 0.33 ; GN 259801 Nisí Kímolos (T.ISL) 0.94,,KAPSAYAN-KAYIT,ADAY,Chorio kastrosu,GN 259802 Kímolos PPLA3 2.67,2.67,TAŞIMA,tek tanık; Pl 589867 antik yerleşim 4.32 başka yer (GN'ye 4.43)
Kiş (Kish),data/yerlesimler.js:1723,26.526,53.979,kale,ada adı (ayrı kale adı yok),—,Pl 29630 Kish (island) 1.34,ADA-BELİRSİZ,—,belirsiz: tarihî Kiş (Harireh) tanıksız,GN 126914 Kīsh PPL 5.35 (modern),—,—,kapsayan Pl ada 1.34 · GN ISL 1.66; kaydın s: alanı yok
Koçbaba (Serifos),data/yerlesimler.js:1638,37.162,24.484,kale,ada adı (ayrı kale adı yok),GN 8133682 Dimos Serifos (A.ADM3) 0.09 ; GN 253995 Nisí Sérifos (T.ISL) 0.4 ; Pl 590044 Seriphos (island) (island) 0.67,,KAPSAYAN-KAYIT,ADAY,Chora kastrosu,Pl 590043 Seriphos settlement-modern 2.09 · GN 253996 Sérifos PPLA3 2.16 (ara 0.19),2.09–2.16,TAŞIMA,"sınırda 2–2,5 km; kapsayan GN ADM3 0.09 (çok güçlü eşleşme)"
Krk (Veglia),data/yerlesimler.js:1677,45.075,14.615,kale,ada adı (ayrı kale adı yok),GN 3197206 Otok Krk (T.ISL) 0.16,,KAPSAYAN-KAYIT,KESİN,Krk (Veglia) kasabası ve kalesi,Pl 197235 Curicum 6.34 · GN 3197208 Krk PPLA2 6.13 · TGN 7015516 inhabited 5.99 (ara 0.22),5.99–6.34,TAŞIMA,kapsayan GN Otok Krk 0.16; Roma'dan bugüne aynı kasaba
Kulluk (Salamis),data/yerlesimler.js:1667,37.94,23.482,kale,ada adı (ayrı kale adı yok),GN 8133766 Dimos Salaminas (A.ADM3) 0.28 ; Pl 580101 Salamis (island) (island) 0.36,,KAPSAYAN-KAYIT,ADAY,Kulluk = Koulouri (bugünkü Salamína kasabası),GN 254144 Salamína PPLA3 2.98 (Pl 580100 antik Salamis 4.35 başka yer),2.98,TAŞIMA,tek tanık ailesi; kapsayan GN ADM3 0.28 · Pl ada 0.36
Marmara Adası,data/yerlesimler.js:1664,40.625,27.62,kale,"ada adı + ""Adası""",GN 741729 Marmara Adası (T.ISL) 0.64 ; TGN 7002598 Marmara Adası (islands) 0.64 ; Pl 511379 Proconnesus (island) (island) 0.97,,KAPSAYAN-KAYIT,ADAY,tur:kale ama ad: ADA diyor (çelişki); kale ise Marmara kasabası,Pl 511378 Proconnesus settlement 6.57 · GN 741730 Marmara PPLA2 6.94 (ara 0.60),6.57–6.94,TAŞIMA (nesne kale ise),"iki tanık uyuşuyor ama kaydın kendi ad: alanı adayı söylüyor ⇒ nesne kesin değil, eşik düşmez"
Mikonos,data/yerlesimler.js:1641,37.456,25.376,kale,ada adı (ayrı kale adı yok),"Pl 599808 Mykonos (island) (island) 0.46 ; GN 257055 Mykonos (T.ISL) 0.85 ; TGN 1007946 Mýkonos, Nísos (islands) 0.93",,KAPSAYAN-KAYIT,KESİN,Chora (Kastro),Pl 599807 Mykonos settlement 4.33 · GN 257056 Mykonos PPL 4.34 (ara 0.07),4.33,TAŞIMA,kapsayan Pl ada 0.46 · GN ISL 0.85 · TGN ada 0.93; Pl kaydı antik tarihli ama yeri Chora ile aynı
Mliyet (Mljet),data/yerlesimler.js:1686,42.753,17.522,kale,ada adı (ayrı kale adı yok),Pl 197376 Melite (island) (island) 0.63,,KAPSAYAN-KAYIT,ÖLÇÜLEMEDİ,belirsiz: Mljet'te adlı kale yok; idari merkez Babino Polje,GN Babino Polje PPLA2 3.05,3.05,—,nesne kimliği yok
Namfi (Anafi),data/yerlesimler.js:1644,36.374,25.783,kale,ada adı (ayrı kale adı yok),GN 265132 Nisí Anáfi (T.ISL) 0.79 ; Pl 599492 Anaphe (island) (island) 0.95,,KAPSAYAN-KAYIT,ADAY,Chora kastrosu,"GN 265133 Anáfi PPLA3 3.04 (Pl 599491 antik Anaphe/Kastelli 2.23 başka yer, aralarında 3.12)",3.04,TAŞIMA,tek tanık ailesi
Nikarya (İkarya),data/yerlesimler.js:570,37.6,26.15,kale,ada adı (ayrı kale adı yok),GN 8133747 Ikaria (A.ADM3) 0.44,,KAPSAYAN-KAYIT,ÖLÇÜLEMEDİ,belirsiz: İkarya'da tek ana kasaba/kale yok (bugünkü merkez Agios Kirykos 12.83),—,—,—,kapsayan GN Ikaria ADM3 0.44; nesne kimliği yok
Nio (İos),data/yerlesimler.js:1642,36.723,25.33,kale,ada adı (ayrı kale adı yok),"GN 8133833 Dimos Ios (A.ADM3) 0.25 ; TGN 7010828 Íos, Nísos (islands) 0.64 ; Pl 599673 Ios (island) (island) 0.76 ; GN 261771 Nisí Íos (T.ISL) 0.78",,KAPSAYAN-KAYIT,KESİN,Chora (kastro),Pl 599672 Ios settlement-modern 4.23 · GN 261772 Íos PPLA3 4.30 (ara 0.08),4.23–4.30,TAŞIMA,kapsayan GN ADM3 0.25 · TGN ada 0.64 · Pl ada 0.76
Paksos (Paxos),data/yerlesimler_ek_adalar.js:102,39.1975,20.1867,kale,ada adı (ayrı kale adı yok),—,GN 263886 Nisída Ágios Nikólaos (T.ISL) 0.36,ADA-BELİRSİZ,—,Gaios (kale liman adacığında),GN 255654 Gáïos PPLA3 0.10,0.10,—,"NESNEDE; ≤1 km kapsayanlar yalnız liman adacıkları (Ágios Nikólaos 0.36), ada değil"
Pantelerya,data/yerlesimler.js:1696,36.792,11.99,kale,ada adı (ayrı kale adı yok),Pl 462168 Pantelleria (island) (island) 0.06,,KAPSAYAN-KAYIT,KESİN,Pantelleria kasabası/limanı (Barbacane),Pl 462167 Cossyra settlement 5.94 · GN 2523890 PPLA3 5.62 · TGN 1045872 5.81,5.62–5.94,TAŞIMA,LAB-KONUM-ADAY-1010 ile aynı; diff orada hazır
Paros,data/yerlesimler.js:1633,37.063,25.196,kale,ada adı (ayrı kale adı yok),"Pl 599868 Paros (island) (island) 0.21 ; GN 8133699 Dimos Paros (A.ADM3) 0.54 ; GN 255720 Nisí Páros (T.ISL) 0.99 ; TGN 7011023 Páros, Nísos (islands) 0.99",,KAPSAYAN-KAYIT,KESİN,Parikia kastrosu,Pl 599867 Paros settlement 4.75 · GN 255721 Páros PPLA3 4.67 (ara 0.28),4.67–4.75,TAŞIMA,kapsayan Pl ada 0.21 · GN ADM3 0.54
Santorini,data/yerlesimler.js:571,36.416,25.432,kale,ada adı (ayrı kale adı yok),Pl 599973 Thera (island) (island) 0.14,,KAPSAYAN-KAYIT,ÖLÇÜLEMEDİ,ortaçağ kalesi Skaros (tanıksız) / modern merkez Fira,GN 252920 Firá PPLA3 0.57,0.57 (Fira),İKAME (Skaros tanığı bulunursa),nokta hem Pl ada merkezine (0.14) hem Fira'ya (0.57) yakın ⇒ kaynak ayırt edilemiyor
Sifnos (Yavuzca),data/yerlesimler.js:1639,36.978,24.707,kale,ada adı (ayrı kale adı yok),GN 253923 Nisí Sífnos (T.ISL) 0.55 ; GN 8133683 Dimos Sifnos (A.ADM3) 0.89,,KAPSAYAN-KAYIT,ADAY,"Kastro (1836 civarına dek merkez), sonra Apollonia",Pl 590048 Siphnos settlement (-1000..2099; Kastro) 3.40 · Apollonia GN 1.59,3.40 / 1.59,İKAME (§6.3),tek tanık (Pl); pencere iki merkez dönemini kapsıyor
Sire (Syros),data/yerlesimler.js:1640,37.436,24.918,kale,ada adı (ayrı kale adı yok),TGN 7011190 Syros (islands) 0.32 ; GN 253775 Nisí Sýros (T.ISL) 0.62 ; Pl 590067 Syros (island) (island) 0.83,,KAPSAYAN-KAYIT,ADAY,Ano Syros kastrosu (1822 sonrası Ermupolis),GN 264839 Áno Sýros 2.20 · Pl 590066 Syros 2.35 · GN Ermoúpolis 2.40 · TGN 7011123 2.06,2.06–2.40,"TAŞIMA (iki nesne birbirine 0,9 km)","sınırda 2–2,5 km; kapsayan TGN ada 0.32"
Sokotra,data/yerlesimler.js:1727,12.51,53.872,kale,ada adı (ayrı kale adı yok),—,TGN 8712629 محافظة أرخبيل سقطرى (governorates) 4.34,ADA-BELİRSİZ,—,belirsiz (Suq/Hadibu?),GN Ḩadībū ADM3 12.50,—,—,4 km içinde hiçbir gazetteer kaydı yok; TGN valilik 4.34 · Pl ada 4.63
Sömbeki (Simi),data/yerlesimler.js:1650,36.585,27.831,kale,ada adı (ayrı kale adı yok),Pl 599951 Syme (island) (island) 0.7 ; Pl 599952 Syrie (island) (island) 0.7,,KAPSAYAN-KAYIT,KESİN,Chorio kastrosu (Simi kasabası),Pl 599950 Syme settlement 3.87 · GN 253858 Sými PPLA3 3.42 (ara 0.72),3.42–3.87,TAŞIMA,kapsayan Pl ada 0.70
Termiye (Kythnos),data/yerlesimler.js:1637,37.398,24.419,kale,ada adı (ayrı kale adı yok),GN 259706 Nisí Kýthnos (T.ISL) 0.62 ; GN 8133953 Dimos Kythnos (A.ADM3) 0.7,,KAPSAYAN-KAYIT,ADAY,"Kastro tis Orias (1537 civarına dek), sonra Chora (Messaria)",GN 12069950 Kastro tis Orias S.CSTL 7.42 · Chora: GN 259707 1.90 · Pl 570402 2.31 · TGN 1042044 2.43,7.42 / 1.90,İKAME (§6.3),erken dönem nesnesi tek tanıklı (GN)
Vis (Lissa),data/yerlesimler.js:1685,43.054,16.148,kale,ada adı (ayrı kale adı yok),—,GN 3187683 Otok Vis (T.ISL) 1.04,ADA-BELİRSİZ,EK-BULGU: ADAY,Vis kasabası,GN 3187685 Vis PPLA2 2.98 · TGN 7016533 inhabited 2.90,2.90–2.98,TAŞIMA,kapsayan GN ISL 1.04 · Pl ada 1.09 (≤1 km eşiğinin hemen üstü)
Yamurgi (Amorgos),data/yerlesimler.js:1643,36.848,25.905,kale,ada adı (ayrı kale adı yok),GN 265141 Nisí Amorgós (T.ISL) 0.61 ; GN 8133934 Dimos Amorgos (A.ADM3) 0.62 ; Pl 599484 Amorgos (island) (island) 0.64,,KAPSAYAN-KAYIT,ÖLÇÜLEMEDİ,Chora kastrosu,Pl 535407625 Chora of Amorgos 1.89 · GN 265142 Amorgós PPLA3 1.91 (ara 0.02),1.89–1.91,—,desen var (kapsayan 0.61–0.64) ama fark <2 km
Çamlıca (Hidra),data/yerlesimler.js:1669,37.338,23.474,kale,ada adı (ayrı kale adı yok),Pl 570299 Hydroussa/Hydrea (island) (island) 0.35 ; TGN 1006134 Ídhra (islands) 0.84,,KAPSAYAN-KAYIT,ÖLÇÜLEMEDİ,Hydra kasabası,TGN 1041945 inhabited 1.17 · GN 261822 Ýdra PPLA3 1.50,1.17–1.50,—,fark <2 km
Çuha Adası (Kythira),data/yerlesimler.js:566,36.24,22.99,kale,"ada adı + ""Adası""",GN 259709 Cythera (T.ISL) 0.31 ; Pl 570186 Cythera (island) (island) 0.64,,KAPSAYAN-KAYIT,ADAY,tur:kale ama ad: ADA diyor; kale ise Chora kalesi (güney uç),GN 259710 Kýthira PPLA3 10.06 (Pl 570400 antik Kythera 3.70 başka yer),10.06,TAŞIMA (nesne kale ise; 1537 öncesi Paliochora ayrı ⇒ olası İKAME),tek tanık ailesi + ad/tur çelişkisi ⇒ eşik düşmez
İleryoz (Leros),data/yerlesimler.js:1649,37.15,26.832,kale,ada adı (ayrı kale adı yok),"Pl 599764 Leros (island) (island) 0.1 ; GN 258478 Léros Island (T.ISL) 1.0 ; TGN 7011252 Léros, Nísos (islands) 1.0",,KAPSAYAN-KAYIT,ADAY,Leros kalesi (Platanos),GN 12501047 Leros Castle S.CSTL 2.52 · Pl 599763 Leros (antik) 2.20 (ara 0.43),2.20–2.52,TAŞIMA,"sınırda 2–2,5 km; kapsayan Pl ada 0.10"
İmroz,data/yerlesimler.js:556,40.163,25.905,kale,ada adı (ayrı kale adı yok),—,GN 12207177 Gökçeada Bucağı (A.ADM3) 3.58,ADA-BELİRSİZ,EK-BULGU: ADAY (önceki),Kaleköy kalesi (nesne seçimi bekliyor),Pl 501438 Imbros settlement 7.83 · TGN 7718212 Kaleköy 7.9,7.83–7.90,TAŞIMA (kale seçilirse),LAB-KONUM-ADAY-1010 ile aynı; en yakın kapsayan GN ADM3 3.58
İpsara (Psara),data/yerlesimler.js:1660,38.576,25.578,kale,ada adı (ayrı kale adı yok),Pl 550846 Psyra (island) (island) 0.35 ; GN 8133829 Dimos Psara (A.ADM3) 0.7 ; GN 254541 Nisí Psará (T.ISL) 0.87,,KAPSAYAN-KAYIT,KESİN,"Psara kasabası (1824 yıkım, aynı yerde)",Pl 550845 Psyra settlement 3.29 · GN 256163 Psará PPLA3 4.11 (ara 0.91),3.29–4.11,TAŞIMA,kapsayan Pl ada 0.35 · GN ADM3 0.70
İskopelos,data/yerlesimler.js:568,39.12,23.72,kale,ada adı (ayrı kale adı yok),—,GN 8133893 Dimos Skopelos (A.ADM3) 2.71,ADA-BELİRSİZ,—,Skopelos Chora,Pl 541023 Peparethos 0.11 · GN Skópelos PPLA3 0.61,0.11–0.61,—,NESNEDE; kusur görünmüyor
İstanbulya (Astipalya),data/yerlesimler.js:1655,36.572,26.35,kale,ada adı (ayrı kale adı yok),—,GN 264407 Nisí Astypálaia (T.ISL) 1.17,ADA-BELİRSİZ,EK-BULGU: ADAY,Astypalaia kalesi (Chora),Pl 533372008 Castle of Astypalaia 3.14 · GN 264408 Astypálaia PPLA3 2.45 · TGN 7010722 2.45,2.45–3.14,TAŞIMA,kapsayan GN ISL 1.17 (eşiğin hemen üstü)
