bolge,kara_km2,yerlesilebilir_km2,N_D100_iyi,N_D100_tipik,N_D150_iyi,N_D150_tipik,N_D300_iyi,N_D300_tipik,bugun_boyayan_1911,bugun_boyayan_1290,dolgu_nokta,hab_p95_1911_yalniz_boyayan,hab_p95_1290_yalniz_boyayan,S3_boyali_max_1911,MO_acik_nokta
Anadolu,749317,749317,118,188,53,84,14,21,232,224,1,70,70,107,0
Balkanlar,802443,787634,124,197,55,88,14,22,300,289,2,62,63,122,0
Kafkasya,184852,183722,29,46,13,21,4,6,34,33,0,78,86,98,0
Mezopotamya/Irak,439874,350558,55,88,25,39,7,10,38,35,2,134,155,179,0
Levant/Suriye,318722,286600,45,72,20,32,5,8,36,36,0,116,116,185,0
Mısır,991971,508033,80,127,36,57,9,15,57,55,7,154,154,258,0
İran,1541799,1434104,225,359,100,160,25,40,108,98,3,148,138,298,0
Orta Asya,4331249,3225221,504,806,224,358,56,90,91,73,25,204,265,335,0
Arabistan,2081513,1529037,239,382,107,170,27,43,71,52,10,192,448,258,0
Kuzey Afrika,4155603,3000808,469,750,209,333,53,84,166,152,18,232,283,416,0
Avrupa-Batı,3033678,3011827,471,752,210,335,53,84,320,311,1,121,124,529,0
Avrupa-Orta,987748,987748,155,247,69,110,18,28,104,103,0,97,98,143,0
Avrupa-Doğu,935152,854907,134,214,60,95,15,24,65,52,5,128,133,191,0
Rusya,9332572,8307795,1299,2074,577,922,145,231,303,135,36,160,2097,362,0
Hindistan,3463170,3455732,540,863,240,384,60,96,132,95,0,155,273,237,0
Çin (+Kore),5299496,5034070,787,1257,350,559,88,140,144,119,1,174,577,262,0
Japonya,320746,320746,51,81,23,36,6,9,34,18,0,116,636,245,0
Güneydoğu Asya,3705091,3352114,524,837,233,372,59,93,230,172,14,138,568,277,0
Sahra-altı Afrika,22181606,21110582,3299,5271,1467,2343,367,586,679,277,26,174,689,330,0
Amerika-Kuzey,16597931,16475115,2575,4113,1145,1828,287,457,493,133,7,157,584,375,0
Amerika-Güney,14697488,14646022,2289,3657,1018,1625,255,407,316,12,4,248,2999,546,0
Okyanusya,7649448,5119813,800,1279,356,569,89,143,144,1,49,170,3614,263,0
"Sümer kutusu (29.5–33.5K, 44–48.5D)",182372,175910,28,44,13,20,4,5,19,17,1,142,158,179,0
