eski	yeni	yer	dosya	kayit_satir	satir	slug	kisa	atif	eski_benzerlik	yeni_benzerlik	eski_baska	yeni_baska	alinti	ozet
YOK-GUCLU-ATIF	BIREBIR	OZET	devletler.js	2989	2992	veday	False	GUCLU	0.591	1.0			Çad’da hüküm süren bir sultanlık (1635-1909)	Çad’da hüküm süren bir sultanlık (1635-1909).
YOK-GUCLU-ATIF	BIREBIR	OZET	devletler.js	8259	8262	bosna-eyaleti	False	GUCLU	0.524	1.0			önce sancak beyliği iken 1580'den itibaren beylerbeyilik	Osmanlılar zamanında Balkanlar’da önce sancak beyliği iken 1580’den itibaren beylerbeyilik olan bir idarî birim.
YOK-GUCLU-ATIF	BIREBIR	OZET	devletler.js	8341	8344	tahiriler--yemen	False	GUCLU	0.466	1.0			Yemen'de Resûlîler'den sonra 1454-1517 yılları arasında hüküm süren Sünnî bir hânedan	Yemen’de Resûlîler’den sonra 1454-1517 yılları arasında hüküm süren Sünnî bir hânedan.
YOK-GUCLU-ATIF	BIREBIR	OZET	devletler.js	9781	9783	begteginliler	False	GUCLU	0.403	1.0			1144-1232 yılları arasında merkezi Erbil olmak üzere Şehrizor, Hakkâri, Tikrît, Sincar, Harran, Urfa ve civarında hüküm süren bir Türk beyliği.	1144-1232 yılları arasında merkezi Erbil olmak üzere Şehrizor, Hakkâri, Tikrît, Sincar, Harran, Urfa ve civarında hüküm süren bir Türk beyliği.
YOK-GUCLU-ATIF	BIREBIR	OZET	kronoloji_balkan.js	338	341	balkan-savasi	False	GUCLU	0.56	1.0			(8 Ekim 1912 - 29 Eylül 1913)	Osmanlı Devleti ile Balkan devletleri arasında iki safhada yapılan savaş (8 Ekim 1912 - 29 Eylül 1913).
YOK-GUCLU-ATIF	BIREBIR	OZET	kronoloji_cok_ingiltere.js	77	82	baltalimani-muahedesi	False	GUCLU	0.508	1.0			16 Ağustos 1838 tarihinde yapılan Osmanlı-İngiliz ticaret muahedesi	16 Ağustos 1838 tarihinde yapılan Osmanlı-İngiliz ticaret muahedesi.
YOK-GUCLU-ATIF	BIREBIR	OZET	paket_05.js	3008	3011	veday	False	GUCLU	0.591	1.0			Çad’da hüküm süren bir sultanlık (1635-1909)	Çad’da hüküm süren bir sultanlık (1635-1909).
YOK-GUCLU-ATIF	BIREBIR	OZET	paket_05.js	8278	8281	bosna-eyaleti	False	GUCLU	0.524	1.0			önce sancak beyliği iken 1580'den itibaren beylerbeyilik	Osmanlılar zamanında Balkanlar’da önce sancak beyliği iken 1580’den itibaren beylerbeyilik olan bir idarî birim.
YOK-GUCLU-ATIF	BIREBIR	OZET	paket_05.js	8360	8363	tahiriler--yemen	False	GUCLU	0.466	1.0			Yemen'de Resûlîler'den sonra 1454-1517 yılları arasında hüküm süren Sünnî bir hânedan	Yemen’de Resûlîler’den sonra 1454-1517 yılları arasında hüküm süren Sünnî bir hânedan.
YOK-GUCLU-ATIF	BIREBIR	OZET	paket_05.js	9800	9802	begteginliler	False	GUCLU	0.403	1.0			1144-1232 yılları arasında merkezi Erbil olmak üzere Şehrizor, Hakkâri, Tikrît, Sincar, Harran, Urfa ve civarında hüküm süren bir Türk beyliği.	1144-1232 yılları arasında merkezi Erbil olmak üzere Şehrizor, Hakkâri, Tikrît, Sincar, Harran, Urfa ve civarında hüküm süren bir Türk beyliği.
YOK-GUCLU-ATIF	BIREBIR	OZET	paket_12.js	2803	2806	balkan-savasi	False	GUCLU	0.56	1.0			(8 Ekim 1912 - 29 Eylül 1913)	Osmanlı Devleti ile Balkan devletleri arasında iki safhada yapılan savaş (8 Ekim 1912 - 29 Eylül 1913).
YOK-GUCLU-ATIF	BIREBIR	OZET	paket_13.js	308	308	kilitbahir-kalesi	False	GUCLU	0.81	1.0			İstanbul'un fethinden sonra yapılmış kale	Çanakkale Boğazı’nın Rumeli yakasında İstanbul’un fethinden sonra yapılmış kale.
YOK-GUCLU-ATIF	BIREBIR	OZET	paket_30.js	1323	1328	baltalimani-muahedesi	False	GUCLU	0.508	1.0			16 Ağustos 1838 tarihinde yapılan Osmanlı-İngiliz ticaret muahedesi	16 Ağustos 1838 tarihinde yapılan Osmanlı-İngiliz ticaret muahedesi.
YOK-GUCLU-ATIF	BIREBIR	OZET	yer_yama_tbmm_1920_0905.js	3125	3125	kilitbahir-kalesi	False	GUCLU	0.81	1.0			İstanbul'un fethinden sonra yapılmış kale	Çanakkale Boğazı’nın Rumeli yakasında İstanbul’un fethinden sonra yapılmış kale.
YOK-GUCLU-ATIF	BIREBIR	OZET	yerlesimler.js	303	303	kilitbahir-kalesi	False	GUCLU	0.81	1.0			İstanbul'un fethinden sonra yapılmış kale	Çanakkale Boğazı’nın Rumeli yakasında İstanbul’un fethinden sonra yapılmış kale.
YOK-GUCLU-ATIF	YAKIN		paket_13.js	746	746	ilhanlilar	False	GUCLU	0.455	0.887			ILHANLILAR - Iran'da kurulan bir Mogol devleti (1256-1353)	İran’da kurulan bir Moğol devleti (1256-1353).
YOK-GUCLU-ATIF	YAKIN		paket_13.js	747	747	ilhanlilar	False	GUCLU	0.455	0.887			ILHANLILAR - Iran'da kurulan bir Mogol devleti (1256-1353)	İran’da kurulan bir Moğol devleti (1256-1353).
YOK-GUCLU-ATIF	YAKIN		paket_13.js	749	749	ilhanlilar	False	GUCLU	0.455	0.887			ILHANLILAR - Iran'da kurulan bir Mogol devleti (1256-1353)	İran’da kurulan bir Moğol devleti (1256-1353).
YOK-GUCLU-ATIF	YAKIN		paket_13.js	750	750	ilhanlilar	False	GUCLU	0.455	0.887			ILHANLILAR - Iran'da kurulan bir Mogol devleti (1256-1353)	İran’da kurulan bir Moğol devleti (1256-1353).
YOK-GUCLU-ATIF	YAKIN		paket_13.js	1861	1861	ilhanlilar	False	GUCLU	0.455	0.887			ILHANLILAR - Iran'da kurulan bir Mogol devleti (1256-1353)	İran’da kurulan bir Moğol devleti (1256-1353).
YOK-GUCLU-ATIF	YAKIN		paket_13.js	1862	1862	ilhanlilar	False	GUCLU	0.455	0.887			ILHANLILAR - Iran'da kurulan bir Mogol devleti (1256-1353)	İran’da kurulan bir Moğol devleti (1256-1353).
YOK-GUCLU-ATIF	YAKIN		paket_13.js	1864	1864	ilhanlilar	False	GUCLU	0.455	0.887			ILHANLILAR - Iran'da kurulan bir Mogol devleti (1256-1353)	İran’da kurulan bir Moğol devleti (1256-1353).
YOK-GUCLU-ATIF	YAKIN		paket_13.js	1865	1865	ilhanlilar	False	GUCLU	0.455	0.887			ILHANLILAR - Iran'da kurulan bir Mogol devleti (1256-1353)	İran’da kurulan bir Moğol devleti (1256-1353).
YOK-GUCLU-ATIF	YAKIN		paket_13.js	1869	1869	ilhanlilar	False	GUCLU	0.455	0.887			ILHANLILAR - Iran'da kurulan bir Mogol devleti (1256-1353)	İran’da kurulan bir Moğol devleti (1256-1353).
YOK-GUCLU-ATIF	YAKIN		paket_13.js	1874	1874	ilhanlilar	False	GUCLU	0.455	0.887			ILHANLILAR - Iran'da kurulan bir Mogol devleti (1256-1353)	İran’da kurulan bir Moğol devleti (1256-1353).
YOK-GUCLU-ATIF	YAKIN		paket_13.js	1875	1875	ilhanlilar	False	GUCLU	0.455	0.887			ILHANLILAR - Iran'da kurulan bir Mogol devleti (1256-1353)	İran’da kurulan bir Moğol devleti (1256-1353).
YOK-GUCLU-ATIF	YAKIN		paket_13.js	1881	1881	ilhanlilar	False	GUCLU	0.455	0.887			ILHANLILAR - Iran'da kurulan bir Mogol devleti (1256-1353)	İran’da kurulan bir Moğol devleti (1256-1353).
YOK-GUCLU-ATIF	YAKIN		paket_13.js	1882	1882	ilhanlilar	False	GUCLU	0.455	0.887			ILHANLILAR - Iran'da kurulan bir Mogol devleti (1256-1353)	İran’da kurulan bir Moğol devleti (1256-1353).
YOK-GUCLU-ATIF	YAKIN		paket_13.js	1883	1883	ilhanlilar	False	GUCLU	0.455	0.887			ILHANLILAR - Iran'da kurulan bir Mogol devleti (1256-1353)	İran’da kurulan bir Moğol devleti (1256-1353).
YOK-GUCLU-ATIF	YAKIN		paket_13.js	1884	1884	ilhanlilar	False	GUCLU	0.455	0.887			ILHANLILAR - Iran'da kurulan bir Mogol devleti (1256-1353)	İran’da kurulan bir Moğol devleti (1256-1353).
YOK-GUCLU-ATIF	YAKIN		paket_13.js	1888	1888	ilhanlilar	False	GUCLU	0.455	0.887			ILHANLILAR - Iran'da kurulan bir Mogol devleti (1256-1353)	İran’da kurulan bir Moğol devleti (1256-1353).
YOK-GUCLU-ATIF	YAKIN		paket_13.js	1889	1889	ilhanlilar	False	GUCLU	0.455	0.887			ILHANLILAR - Iran'da kurulan bir Mogol devleti (1256-1353)	İran’da kurulan bir Moğol devleti (1256-1353).
YOK-GUCLU-ATIF	YAKIN		paket_13.js	1890	1890	ilhanlilar	False	GUCLU	0.455	0.887			ILHANLILAR - Iran'da kurulan bir Mogol devleti (1256-1353)	İran’da kurulan bir Moğol devleti (1256-1353).
YOK-GUCLU-ATIF	YAKIN		paket_13.js	1891	1891	ilhanlilar	False	GUCLU	0.455	0.887			ILHANLILAR - Iran'da kurulan bir Mogol devleti (1256-1353)	İran’da kurulan bir Moğol devleti (1256-1353).
YOK-GUCLU-ATIF	YAKIN		paket_13.js	1893	1893	ilhanlilar	False	GUCLU	0.455	0.887			ILHANLILAR - Iran'da kurulan bir Mogol devleti (1256-1353)	İran’da kurulan bir Moğol devleti (1256-1353).
YOK-GUCLU-ATIF	YAKIN		paket_13.js	1894	1894	ilhanlilar	False	GUCLU	0.455	0.887			ILHANLILAR - Iran'da kurulan bir Mogol devleti (1256-1353)	İran’da kurulan bir Moğol devleti (1256-1353).
YOK-GUCLU-ATIF	YAKIN		paket_13.js	1895	1895	ilhanlilar	False	GUCLU	0.455	0.887			ILHANLILAR - Iran'da kurulan bir Mogol devleti (1256-1353)	İran’da kurulan bir Moğol devleti (1256-1353).
YOK-GUCLU-ATIF	YAKIN		paket_13.js	1896	1896	ilhanlilar	False	GUCLU	0.455	0.887			ILHANLILAR - Iran'da kurulan bir Mogol devleti (1256-1353)	İran’da kurulan bir Moğol devleti (1256-1353).
YOK-GUCLU-ATIF	YAKIN		paket_13.js	1901	1901	ilhanlilar	False	GUCLU	0.455	0.887			ILHANLILAR - Iran'da kurulan bir Mogol devleti (1256-1353)	İran’da kurulan bir Moğol devleti (1256-1353).
YOK-GUCLU-ATIF	YAKIN		paket_13.js	1902	1902	ilhanlilar	False	GUCLU	0.455	0.887			ILHANLILAR - Iran'da kurulan bir Mogol devleti (1256-1353)	İran’da kurulan bir Moğol devleti (1256-1353).
YOK-GUCLU-ATIF	YAKIN		paket_13.js	1906	1906	ilhanlilar	False	GUCLU	0.455	0.887			ILHANLILAR - Iran'da kurulan bir Mogol devleti (1256-1353)	İran’da kurulan bir Moğol devleti (1256-1353).
YOK-GUCLU-ATIF	YAKIN		paket_13.js	1907	1907	ilhanlilar	False	GUCLU	0.455	0.887			ILHANLILAR - Iran'da kurulan bir Mogol devleti (1256-1353)	İran’da kurulan bir Moğol devleti (1256-1353).
YOK-GUCLU-ATIF	YAKIN		paket_13.js	1910	1910	ilhanlilar	False	GUCLU	0.455	0.887			ILHANLILAR - Iran'da kurulan bir Mogol devleti (1256-1353)	İran’da kurulan bir Moğol devleti (1256-1353).
YOK-GUCLU-ATIF	YAKIN		paket_14.js	4985	4985	ilhanlilar	False	GUCLU	0.455	0.887			ILHANLILAR - Iran'da kurulan bir Mogol devleti (1256-1353)	İran’da kurulan bir Moğol devleti (1256-1353).
YOK-GUCLU-ATIF	YAKIN		yer_yama_ok109_fetret.js	9	48	ilhanlilar	False	GUCLU	0.455	0.887			ILHANLILAR - Iran'da kurulan bir Mogol devleti (1256-1353)	İran’da kurulan bir Moğol devleti (1256-1353).
YOK-GUCLU-ATIF	YAKIN		yer_yama_ok109_fetret.js	51	90	ilhanlilar	False	GUCLU	0.455	0.887			ILHANLILAR - Iran'da kurulan bir Mogol devleti (1256-1353)	İran’da kurulan bir Moğol devleti (1256-1353).
YOK-GUCLU-ATIF	YAKIN		yer_yama_ok109_fetret.js	93	137	ilhanlilar	False	GUCLU	0.455	0.887			ILHANLILAR - Iran'da kurulan bir Mogol devleti (1256-1353)	İran’da kurulan bir Moğol devleti (1256-1353).
YOK-GUCLU-ATIF	YAKIN		yer_yama_ok109_fetret.js	140	214	ilhanlilar	False	GUCLU	0.455	0.887			ILHANLILAR - Iran'da kurulan bir Mogol devleti (1256-1353)	İran’da kurulan bir Moğol devleti (1256-1353).
YOK-GUCLU-ATIF	YAKIN		yer_yama_ok109_fetret.js	217	256	ilhanlilar	False	GUCLU	0.455	0.887			ILHANLILAR - Iran'da kurulan bir Mogol devleti (1256-1353)	İran’da kurulan bir Moğol devleti (1256-1353).
YOK-GUCLU-ATIF	YAKIN		yer_yama_ok109_fetret.js	307	351	ilhanlilar	False	GUCLU	0.455	0.887			ILHANLILAR - Iran'da kurulan bir Mogol devleti (1256-1353)	İran’da kurulan bir Moğol devleti (1256-1353).
YOK-GUCLU-ATIF	YAKIN		yer_yama_ok109_fetret.js	402	441	ilhanlilar	False	GUCLU	0.455	0.887			ILHANLILAR - Iran'da kurulan bir Mogol devleti (1256-1353)	İran’da kurulan bir Moğol devleti (1256-1353).
YOK-GUCLU-ATIF	YAKIN		yer_yama_ok109_fetret.js	444	502	ilhanlilar	False	GUCLU	0.455	0.887			ILHANLILAR - Iran'da kurulan bir Mogol devleti (1256-1353)	İran’da kurulan bir Moğol devleti (1256-1353).
YOK-GUCLU-ATIF	YAKIN		yer_yama_ok109_fetret.js	889	928	ilhanlilar	False	GUCLU	0.455	0.887			ILHANLILAR - Iran'da kurulan bir Mogol devleti (1256-1353)	İran’da kurulan bir Moğol devleti (1256-1353).
YOK-GUCLU-ATIF	YAKIN		yer_yama_ok109_fetret.js	931	970	ilhanlilar	False	GUCLU	0.455	0.887			ILHANLILAR - Iran'da kurulan bir Mogol devleti (1256-1353)	İran’da kurulan bir Moğol devleti (1256-1353).
YOK-GUCLU-ATIF	YAKIN		yer_yama_ok109_fetret.js	1021	1060	ilhanlilar	False	GUCLU	0.455	0.887			ILHANLILAR - Iran'da kurulan bir Mogol devleti (1256-1353)	İran’da kurulan bir Moğol devleti (1256-1353).
YOK-GUCLU-ATIF	YAKIN		yer_yama_ok109_fetret.js	1063	1102	ilhanlilar	False	GUCLU	0.455	0.887			ILHANLILAR - Iran'da kurulan bir Mogol devleti (1256-1353)	İran’da kurulan bir Moğol devleti (1256-1353).
YOK-GUCLU-ATIF	YAKIN		yer_yama_ok109_fetret.js	1105	1144	ilhanlilar	False	GUCLU	0.455	0.887			ILHANLILAR - Iran'da kurulan bir Mogol devleti (1256-1353)	İran’da kurulan bir Moğol devleti (1256-1353).
YOK-GUCLU-ATIF	YAKIN		yer_yama_ok109_fetret.js	1339	1378	ilhanlilar	False	GUCLU	0.455	0.887			ILHANLILAR - Iran'da kurulan bir Mogol devleti (1256-1353)	İran’da kurulan bir Moğol devleti (1256-1353).
YOK-GUCLU-ATIF	YAKIN		yer_yama_ok109_fetret.js	1429	1474	ilhanlilar	False	GUCLU	0.455	0.887			ILHANLILAR - Iran'da kurulan bir Mogol devleti (1256-1353)	İran’da kurulan bir Moğol devleti (1256-1353).
YOK-GUCLU-ATIF	YAKIN		yerlesimler.js	741	741	ilhanlilar	False	GUCLU	0.455	0.887			ILHANLILAR - Iran'da kurulan bir Mogol devleti (1256-1353)	İran’da kurulan bir Moğol devleti (1256-1353).
YOK-GUCLU-ATIF	YAKIN		yerlesimler.js	742	742	ilhanlilar	False	GUCLU	0.455	0.887			ILHANLILAR - Iran'da kurulan bir Mogol devleti (1256-1353)	İran’da kurulan bir Moğol devleti (1256-1353).
YOK-GUCLU-ATIF	YAKIN		yerlesimler.js	744	744	ilhanlilar	False	GUCLU	0.455	0.887			ILHANLILAR - Iran'da kurulan bir Mogol devleti (1256-1353)	İran’da kurulan bir Moğol devleti (1256-1353).
YOK-GUCLU-ATIF	YAKIN		yerlesimler.js	745	745	ilhanlilar	False	GUCLU	0.455	0.887			ILHANLILAR - Iran'da kurulan bir Mogol devleti (1256-1353)	İran’da kurulan bir Moğol devleti (1256-1353).
YOK-GUCLU-ATIF	YAKIN		yerlesimler.js	1856	1856	ilhanlilar	False	GUCLU	0.455	0.887			ILHANLILAR - Iran'da kurulan bir Mogol devleti (1256-1353)	İran’da kurulan bir Moğol devleti (1256-1353).
YOK-GUCLU-ATIF	YAKIN		yerlesimler.js	1857	1857	ilhanlilar	False	GUCLU	0.455	0.887			ILHANLILAR - Iran'da kurulan bir Mogol devleti (1256-1353)	İran’da kurulan bir Moğol devleti (1256-1353).
YOK-GUCLU-ATIF	YAKIN		yerlesimler.js	1859	1859	ilhanlilar	False	GUCLU	0.455	0.887			ILHANLILAR - Iran'da kurulan bir Mogol devleti (1256-1353)	İran’da kurulan bir Moğol devleti (1256-1353).
YOK-GUCLU-ATIF	YAKIN		yerlesimler.js	1860	1860	ilhanlilar	False	GUCLU	0.455	0.887			ILHANLILAR - Iran'da kurulan bir Mogol devleti (1256-1353)	İran’da kurulan bir Moğol devleti (1256-1353).
YOK-GUCLU-ATIF	YAKIN		yerlesimler.js	1864	1864	ilhanlilar	False	GUCLU	0.455	0.887			ILHANLILAR - Iran'da kurulan bir Mogol devleti (1256-1353)	İran’da kurulan bir Moğol devleti (1256-1353).
YOK-GUCLU-ATIF	YAKIN		yerlesimler.js	1869	1869	ilhanlilar	False	GUCLU	0.455	0.887			ILHANLILAR - Iran'da kurulan bir Mogol devleti (1256-1353)	İran’da kurulan bir Moğol devleti (1256-1353).
YOK-GUCLU-ATIF	YAKIN		yerlesimler.js	1870	1870	ilhanlilar	False	GUCLU	0.455	0.887			ILHANLILAR - Iran'da kurulan bir Mogol devleti (1256-1353)	İran’da kurulan bir Moğol devleti (1256-1353).
YOK-GUCLU-ATIF	YAKIN		yerlesimler.js	1876	1876	ilhanlilar	False	GUCLU	0.455	0.887			ILHANLILAR - Iran'da kurulan bir Mogol devleti (1256-1353)	İran’da kurulan bir Moğol devleti (1256-1353).
YOK-GUCLU-ATIF	YAKIN		yerlesimler.js	1877	1877	ilhanlilar	False	GUCLU	0.455	0.887			ILHANLILAR - Iran'da kurulan bir Mogol devleti (1256-1353)	İran’da kurulan bir Moğol devleti (1256-1353).
YOK-GUCLU-ATIF	YAKIN		yerlesimler.js	1878	1878	ilhanlilar	False	GUCLU	0.455	0.887			ILHANLILAR - Iran'da kurulan bir Mogol devleti (1256-1353)	İran’da kurulan bir Moğol devleti (1256-1353).
YOK-GUCLU-ATIF	YAKIN		yerlesimler.js	1879	1879	ilhanlilar	False	GUCLU	0.455	0.887			ILHANLILAR - Iran'da kurulan bir Mogol devleti (1256-1353)	İran’da kurulan bir Moğol devleti (1256-1353).
YOK-GUCLU-ATIF	YAKIN		yerlesimler.js	1883	1883	ilhanlilar	False	GUCLU	0.455	0.887			ILHANLILAR - Iran'da kurulan bir Mogol devleti (1256-1353)	İran’da kurulan bir Moğol devleti (1256-1353).
YOK-GUCLU-ATIF	YAKIN		yerlesimler.js	1884	1884	ilhanlilar	False	GUCLU	0.455	0.887			ILHANLILAR - Iran'da kurulan bir Mogol devleti (1256-1353)	İran’da kurulan bir Moğol devleti (1256-1353).
YOK-GUCLU-ATIF	YAKIN		yerlesimler.js	1885	1885	ilhanlilar	False	GUCLU	0.455	0.887			ILHANLILAR - Iran'da kurulan bir Mogol devleti (1256-1353)	İran’da kurulan bir Moğol devleti (1256-1353).
YOK-GUCLU-ATIF	YAKIN		yerlesimler.js	1886	1886	ilhanlilar	False	GUCLU	0.455	0.887			ILHANLILAR - Iran'da kurulan bir Mogol devleti (1256-1353)	İran’da kurulan bir Moğol devleti (1256-1353).
YOK-GUCLU-ATIF	YAKIN		yerlesimler.js	1888	1888	ilhanlilar	False	GUCLU	0.455	0.887			ILHANLILAR - Iran'da kurulan bir Mogol devleti (1256-1353)	İran’da kurulan bir Moğol devleti (1256-1353).
YOK-GUCLU-ATIF	YAKIN		yerlesimler.js	1889	1889	ilhanlilar	False	GUCLU	0.455	0.887			ILHANLILAR - Iran'da kurulan bir Mogol devleti (1256-1353)	İran’da kurulan bir Moğol devleti (1256-1353).
YOK-GUCLU-ATIF	YAKIN		yerlesimler.js	1890	1890	ilhanlilar	False	GUCLU	0.455	0.887			ILHANLILAR - Iran'da kurulan bir Mogol devleti (1256-1353)	İran’da kurulan bir Moğol devleti (1256-1353).
YOK-GUCLU-ATIF	YAKIN		yerlesimler.js	1891	1891	ilhanlilar	False	GUCLU	0.455	0.887			ILHANLILAR - Iran'da kurulan bir Mogol devleti (1256-1353)	İran’da kurulan bir Moğol devleti (1256-1353).
YOK-GUCLU-ATIF	YAKIN		yerlesimler.js	1896	1896	ilhanlilar	False	GUCLU	0.455	0.887			ILHANLILAR - Iran'da kurulan bir Mogol devleti (1256-1353)	İran’da kurulan bir Moğol devleti (1256-1353).
YOK-GUCLU-ATIF	YAKIN		yerlesimler.js	1897	1897	ilhanlilar	False	GUCLU	0.455	0.887			ILHANLILAR - Iran'da kurulan bir Mogol devleti (1256-1353)	İran’da kurulan bir Moğol devleti (1256-1353).
YOK-GUCLU-ATIF	YAKIN		yerlesimler.js	1901	1901	ilhanlilar	False	GUCLU	0.455	0.887			ILHANLILAR - Iran'da kurulan bir Mogol devleti (1256-1353)	İran’da kurulan bir Moğol devleti (1256-1353).
YOK-GUCLU-ATIF	YAKIN		yerlesimler.js	1902	1902	ilhanlilar	False	GUCLU	0.455	0.887			ILHANLILAR - Iran'da kurulan bir Mogol devleti (1256-1353)	İran’da kurulan bir Moğol devleti (1256-1353).
YOK-GUCLU-ATIF	YAKIN		yerlesimler.js	1905	1905	ilhanlilar	False	GUCLU	0.455	0.887			ILHANLILAR - Iran'da kurulan bir Mogol devleti (1256-1353)	İran’da kurulan bir Moğol devleti (1256-1353).
YOK-GUCLU-ATIF	YAKIN		yerlesimler_kalite4.js	30	30	ilhanlilar	False	GUCLU	0.455	0.887			ILHANLILAR - Iran'da kurulan bir Mogol devleti (1256-1353)	İran’da kurulan bir Moğol devleti (1256-1353).
YOK-SLUG-KAYMASI	BIREBIR	OZET	yer_yama.js	220	220	bahcesaray	True	ZAYIF	0.816	1.0	mengli-giray-turbesi		Kırım Hanlığı'nın başşehri	Kırım Hanlığı’nın başşehri.
YOK-SLUG-KAYMASI	YOK-SLUG-KAYMASI		ekokuma_alemdar.js	69	73	pazvandoglu-osman	True	ZAYIF	0.4	0.4	ayamavra,korfu,yanya,yedi-ada-cumhuriyeti	ayamavra,korfu,yanya,yedi-ada-cumhuriyeti,tepedelenli-ali-pasa	Yanya valisi	(ö. 1807) Vidin ve Kuzey Bulgaristan bölgesinin âsi âyanı.
YOK-ZAYIF-ATIF	BIREBIR	OZET	devletler.js	7303	7306	farukiler	False	ZAYIF	0.46	1.0			Handeş'te (Hindistan) 1370-1601 yılları arasında hüküm süren…	Handeş’te (Hindistan) 1370-1601 yılları arasında hüküm süren bir İslâm hânedanı.
YOK-ZAYIF-ATIF	BIREBIR	OZET	devletler.js	7308	7308	farukiler	False	ZAYIF	0.46	1.0			Handeş'te (Hindistan) 1370-1601 yılları arasında hüküm süren…	Handeş’te (Hindistan) 1370-1601 yılları arasında hüküm süren bir İslâm hânedanı.
YOK-ZAYIF-ATIF	BIREBIR	OZET	devletler.js	8962	8966	gurlular	False	ZAYIF	0.491	1.0			Horasan, Afganistan ve Kuzey Hindistan’da hüküm süren bir İslâm hânedanı (1000-1215).	Horasan, Afganistan ve Kuzey Hindistan’da hüküm süren bir İslâm hânedanı (1000-1215).
YOK-ZAYIF-ATIF	BIREBIR	OZET	devletler.js	8977	8981	karahanlilar	False	ZAYIF	0.439	1.0			Türkistan’da hüküm süren Türk-İslâm hânedanı (840-1212).	Mâverâünnehir ve Doğu Türkistan’da hüküm süren Türk-İslâm hânedanı (840-1212).
YOK-ZAYIF-ATIF	BIREBIR	OZET	ekokuma_alemdar.js	60	64	alemdar-mustafa-pasa	True	ZAYIF	0.8	1.0			Rusçuk âyanı, sadrazam.	(1765-1808) Rusçuk âyanı, sadrazam.
YOK-ZAYIF-ATIF	BIREBIR	OZET	ekokuma_toplum.js	125	129	surname	False	ZAYIF	0.782	1.0			padişah çocuklarının doğum, sünnet ve düğün törenlerini anlatan	Divan edebiyatında padişah çocuklarının doğum, sünnet ve düğün törenlerini anlatan eserlerin genel adı.
YOK-ZAYIF-ATIF	BIREBIR	OZET	kronoloji_cok_senkron_0930.js	59	62	kucuk-kaynarca-antlasmasi	False	ZAYIF	0.438	1.0			Osmanlı Devleti ile Rusya arasında 26 Temmuz 1774’te yapılan barış antlaşması	Osmanlı Devleti ile Rusya arasında 26 Temmuz 1774’te yapılan barış antlaşması.
YOK-ZAYIF-ATIF	BIREBIR	OZET	kronoloji_cok_senkron_0930.js	65	68	lozan-antlasmasi	False	ZAYIF	0.694	1.0			24 Temmuz 1923’te imzalanan antlaşma	Türk Kurtuluş Savaşı sonunda 24 Temmuz 1923’te imzalanan antlaşma.
YOK-ZAYIF-ATIF	BIREBIR	OZET	kronoloji_cok_senkron_0930.js	81	84	berlin-antlasmasi	False	ZAYIF	0.62	1.0			13 Temmuz 1878’de imzalanan antlaşma	Osmanlı Devleti ile İngiltere, Fransa, Rusya, Almanya, Avusturya ve İtalya devletleri arasında 13 Temmuz 1878’de imzalanan antlaşma.
YOK-ZAYIF-ATIF	BIREBIR	OZET	kronoloji_cok_senkron_0930.js	91	94	pasarofca-antlasmasi	False	ZAYIF	0.567	1.0			Avusturya ve Venedik devletleriyle yaptığı barış antlaşması (21 Temmuz 1718)	Osmanlı Devleti’nin Avusturya ve Venedik devletleriyle yaptığı barış antlaşması (21 Temmuz 1718).
YOK-ZAYIF-ATIF	BIREBIR	OZET	kronoloji_cok_senkron_0930.js	364	367	edirne-antlasmasi	False	ZAYIF	0.613	1.0			14 Eylül 1829 tarihinde imzalanan antlaşma	1828-1829 Osmanlı-Rus savaşı sonunda 14 Eylül 1829 tarihinde imzalanan antlaşma.
YOK-ZAYIF-ATIF	BIREBIR	OZET	olaylar_p0036.js	15	16	kilitbahir-kalesi	False	ZAYIF	0.653	1.0			Çanakkale Boğazı'nın Rumeli yakasında İstanbul'un fethinden sonra yapılmış kale.	Çanakkale Boğazı’nın Rumeli yakasında İstanbul’un fethinden sonra yapılmış kale.
YOK-ZAYIF-ATIF	BIREBIR	OZET	paket_05.js	7322	7325	farukiler	False	ZAYIF	0.46	1.0			Handeş'te (Hindistan) 1370-1601 yılları arasında hüküm süren…	Handeş’te (Hindistan) 1370-1601 yılları arasında hüküm süren bir İslâm hânedanı.
YOK-ZAYIF-ATIF	BIREBIR	OZET	paket_05.js	7327	7327	farukiler	False	ZAYIF	0.46	1.0			Handeş'te (Hindistan) 1370-1601 yılları arasında hüküm süren…	Handeş’te (Hindistan) 1370-1601 yılları arasında hüküm süren bir İslâm hânedanı.
YOK-ZAYIF-ATIF	BIREBIR	OZET	paket_05.js	8981	8985	gurlular	False	ZAYIF	0.491	1.0			Horasan, Afganistan ve Kuzey Hindistan’da hüküm süren bir İslâm hânedanı (1000-1215).	Horasan, Afganistan ve Kuzey Hindistan’da hüküm süren bir İslâm hânedanı (1000-1215).
YOK-ZAYIF-ATIF	BIREBIR	OZET	paket_05.js	8996	9000	karahanlilar	False	ZAYIF	0.439	1.0			Türkistan’da hüküm süren Türk-İslâm hânedanı (840-1212).	Mâverâünnehir ve Doğu Türkistan’da hüküm süren Türk-İslâm hânedanı (840-1212).
YOK-ZAYIF-ATIF	BIREBIR	OZET	paket_13.js	1507	1507	sahib-ataogullari	True	ZAYIF	0.432	1.0			beylik (1275-1341)	Anadolu Selçuklu Veziri Sâhib Ata’nın (ö. 687/1288) oğulları ve torunları tarafından Afyonkarahisar ve çevresinde kurulan beylik (1275-1341).
YOK-ZAYIF-ATIF	BIREBIR	OZET	paket_25.js	68	69	kilitbahir-kalesi	False	ZAYIF	0.653	1.0			Çanakkale Boğazı'nın Rumeli yakasında İstanbul'un fethinden sonra yapılmış kale.	Çanakkale Boğazı’nın Rumeli yakasında İstanbul’un fethinden sonra yapılmış kale.
YOK-ZAYIF-ATIF	BIREBIR	OZET	yer_yama_tbmm_1920_0905.js	3642	3677	sahib-ataogullari	True	ZAYIF	0.432	1.0			beylik (1275-1341)	Anadolu Selçuklu Veziri Sâhib Ata’nın (ö. 687/1288) oğulları ve torunları tarafından Afyonkarahisar ve çevresinde kurulan beylik (1275-1341).
YOK-ZAYIF-ATIF	BIREBIR	OZET	yerlesimler.js	1502	1502	sahib-ataogullari	True	ZAYIF	0.432	1.0			beylik (1275-1341)	Anadolu Selçuklu Veziri Sâhib Ata’nın (ö. 687/1288) oğulları ve torunları tarafından Afyonkarahisar ve çevresinde kurulan beylik (1275-1341).
YOK-ZAYIF-ATIF	YAKIN		devletler.js	7691	7693	tokoli-imre	False	ZAYIF	0.497	0.906			TÖKÖLİ, İmre (ö. 1705) Osmanlılar'a bağlı Orta Macar kralı ve Erdel prensi	(ö. 1705) Osmanlılar’a bağlı Orta Macar kralı ve Erdel prensi.
YOK-ZAYIF-ATIF	YAKIN		paket_05.js	7710	7712	tokoli-imre	False	ZAYIF	0.497	0.906			TÖKÖLİ, İmre (ö. 1705) Osmanlılar'a bağlı Orta Macar kralı ve Erdel prensi	(ö. 1705) Osmanlılar’a bağlı Orta Macar kralı ve Erdel prensi.
YOK-ZAYIF-ATIF	YOK-SLUG-KAYMASI		ekokuma_alemdar.js	69	73	alemdar-mustafa-pasa	False	ZAYIF	0.333	0.333		pazvandoglu-osman	Vidin ve Kuzey Bulgaristan bölgesinin ÂSİ âyanı	(1765-1808) Rusçuk âyanı, sadrazam.
