slug	durum	http_sinif	baslik	bolum	uzunluk	govde_saglam	atif_satir	cumle_birebir	cumle_yakin	cumle_yok	dosyalar
abbas-i	TASIYOR	TAM	ABBAS I	1	8325	1	4	4	0	0	kronoloji_iran.js,olaylar_2s_0919.js,paket_06.js,paket_12.js
abdulaziz-b-suud	TASIYOR	TAM	ABDÜLAZÎZ b. SUÛD	1	5096	1	4	4	0	0	kronoloji_cok_1923_1945.js
abdulaziz-el-alevi	TASIYOR	TAM	ABDÜLAZÎZ el-ALEVÎ	1	3508	1	14	14	0	0	kronoloji_cok_fas.js,paket_30.js
abdulhafiz-el-alevi	TASIYOR	TAM	ABDÜLHAFÎZ el-ALEVÎ	1	3136	1	4	4	0	0	kronoloji_cok_fas.js,paket_30.js
abdulkadir-el-cezairi	TASIYOR	TAM	ABDÜLKĀDİR el-CEZÂİRÎ	1	4465	1	10	10	0	0	kronoloji_cok_cezayir.js,kronoloji_cok_fas.js,paket_30.js
abdullah-b-suud	TASIYOR	TAM	ABDULLAH b. SUÛD	1	1205	1	1	1	0	0	ekokuma_kolemen.js
abdulmecid	OLCULEMEDI(yalniz-kisa)	TAM	ABDÜLMECİD	1	20077	1	1	0	0	0	ekokuma_p75b.js
abdurrahman-b-hisam	TASIYOR	TAM	ABDURRAHMAN b. HİŞÂM	1	3588	1	8	8	0	0	kronoloji_cok_fas.js,paket_30.js
adamava	TASIYOR	TAM	ADAMAVA	1	4397	1	4	4	0	0	kronoloji_cok_afrika.js,olaylar_2s_0919.js,paket_12.js,paket_30.js
adana	TASIYOR	TAM	ADANA	2	18776	1	4	4	0	0	olaylar_cukurova_0907.js,paket_14.js,paket_25.js,yerlesimler_ek28.js
afganistan	TASIYOR	TAM	AFGANİSTAN	2	52034	1	4	4	0	0	kronoloji_cok_1923_1945.js
agadez-sultanligi	OLU	OLU-302				0	3	0	0	0	paket_13.js,yer_yama_1923_bosluk_0906.js,yerlesimler.js
agakapisi	TASIMIYOR(alinti-hicbir-maddede-yok)	TAM	AĞAKAPISI	1	11289	1	1	0	0	1	ekokuma_dunya.js
agra	OLCULEMEDI(yalniz-kisa)	TAM	AGRA	1	3343	1	1	0	0	0	kademe_f5c9a5.js
agri	TASIYOR	TAM	AĞRI	1	5771	1	36	18	0	0	paket_20.js,yerlesimler_sinir_kuzey.js
ahiska	TASIYOR	TAM	AHISKA	1	2761	1	3	2	0	1	devletler.js,kaynakli_halka_kronoloji.js,paket_05.js
ahmed-bey	TASIYOR	TAM	AHMED BEY	1	3824	1	6	6	0	0	kronoloji_cok_tunus.js,paket_30.js
ahmed-el-mansur	TASIYOR	TAM	AHMED el-MANSÛR	1	7349	1	2	2	0	0	kronoloji_cok_fas.js,paket_30.js
ahmed-el-mucahid	TASIYOR	TAM	AHMED el-MÜCÂHİD	1	2172	1	18	16	2	0	kronoloji_dogu_afrika.js,paket_12.js
ahmed-iii	TASIMIYOR(alinti-hicbir-maddede-yok)	TAM	AHMED III	1	18611	1	2	0	0	1	kaynakli_halka_fetih.js,kaynakli_halka_kronoloji.js
ahmedililer	TASIYOR	TAM	AHMEDÎLÎLER	1	8612	1	4	4	0	0	devletler.js,paket_05.js
ahsa	TASIMIYOR(alinti-hicbir-maddede-yok)	TAM	AHSÂ	1	11986	1	2	0	0	2	devletler.js,paket_05.js
air	OLCULEMEDI(yalniz-kisa)	TAM	ÂİR	1	1250	1	2	0	0	0	devletler.js,paket_05.js
akabe-meselesi	TASIYOR	TAM	AKABE MESELESİ	1	2014	1	2	2	0	0	kronoloji_cok_ingiltere.js,paket_30.js
akkirman	TASIYOR	TAM	AKKİRMAN	1	4021	1	2	1	0	0	kaynakli_halka_kronoloji.js,yer_yama_erken.js
akkoyunlular	TASIYOR	TAM	AKKOYUNLULAR	1	21468	1	7	4	0	2	kaynakli_halka_kronoloji.js,olaylar_2s_0919.js,paket_12.js,paket_13.js,paket_23.js,yerlesimler.js,yerlesimler_anadolu_0914.js
alamut	TASIYOR	TAM	ALAMUT	1	2199	1	2	2	0	0	devletler.js,paket_05.js
alemdar-mustafa-pasa	TASIYOR	TAM	ALEMDAR MUSTAFA PAŞA	1	7570	1	9	4	1	2	ekokuma_alemdar.js
ali-sir-nevai	TASIMIYOR(alinti-hicbir-maddede-yok)	TAM	ALİ ŞÎR NEVÂÎ	1	25252	1	6	0	0	6	kronoloji_timurlu.js,paket_11.js
allahabad	TASIYOR	TAM	ALLAHÂBÂD	1	3091	1	2	0	1	0	kademe_f5c9a5.js
almanya	TASIMIYOR(alinti-hicbir-maddede-yok)	TAM	ALMANYA	4	94686	1	16	0	0	16	kronoloji_almanya.js,olaylar_ek20.js,paket_04.js,paket_08.js
altin-orda-hanligi	TASIMIYOR(alinti-hicbir-maddede-yok)	TAM	ALTIN ORDA HANLIĞI	1	10265	1	1	0	0	1	yer_yama.js
amasya-antlasmasi	OLCULEMEDI(yalniz-kisa)	TAM	AMASYA ANTLAŞMASI	1	2929	1	1	0	0	0	kaynakli_halka_kronoloji.js
amerika	TASIYOR	TAM	AMERİKA	2	65000	1	16	14	0	0	devletler.js,kronoloji_sinir_guney_g8.js,paket_05.js,paket_09.js
amerika-birlesik-devletleri	TASIYOR	TAM	AMERİKA BİRLEŞİK DEVLETLERİ	2	64847	1	2	2	0	0	kronoloji_cok_kuzey_amerika.js,paket_30.js
ammarogullari--trablusgarp	TASIYOR	TAM	AMMÂROĞULLARI	1	6024	1	6	4	0	0	devletler.js,paket_05.js
amritsar	TASIYOR	TAM	AMRİTSAR	1	5055	1	2	2	0	0	kademe_f5c9a5.js
anabolu	TASIMIYOR(alinti-hicbir-maddede-yok)	TAM	ANABOLU	1	5557	1	1	0	0	1	kaynakli_halka_kronoloji.js
anapa	TASIYOR	TAM	ANAPA	1	8516	1	5	4	0	0	kaynakli_halka_kronoloji.js,olaylar_p0043kirim.js,paket_15.js
ankara	TASIYOR	TAM	ANKARA	3	37594	1	3	2	0	1	devletler.js,kaynakli_halka_kronoloji.js,paket_05.js
ankara-savasi	TASIYOR	TAM	ANKARA SAVAŞI	1	6232	1	1	1	0	0	yer_yama.js
annaziler	TASIYOR	TAM	ANNÂZÎLER	1	7320	1	4	4	0	0	devletler.js,paket_05.js
antakya	TASIYOR	TAM	ANTAKYA	1	24293	1	4	4	0	0	devletler.js,kronoloji_cok_1923_1945.js,paket_05.js
aragon	TASIYOR	TAM	ARAGON	1	8835	1	2	2	0	0	kronoloji_cok_ispanya.js,paket_30.js
arap-birligi	TASIYOR	TAM	ARAP BİRLİĞİ	1	4619	1	1	1	0	0	kronoloji_cok_1923_1945.js
arapkir	OLCULEMEDI(alinti-baska-maddeye-atfedilmis: malatya)	TAM	ARAPKİR	1	6981	1	3	0	0	3	paket_13.js,yer_yama_tbmm_1920_0905.js,yerlesimler.js
aras	TASIYOR	TAM	ARAS	1	14725	1	1	0	1	0	gecitler.js
arnavutluk	TASIYOR	TAM	ARNAVUTLUK	1	42489	1	31	30	0	1	devletler.js,kaynakli_halka_fetih.js,kronoloji_cok_1923_1945.js,kronoloji_cok_arnavut.js,olaylar_2s_0920.js,paket_05.js,paket_12.js,paket_30.js
artuklular	OLCULEMEDI(yalniz-kisa)	TAM	ARTUKLULAR	2	25152	1	1	0	0	0	kaynakli_halka_kronoloji.js
atina	TASIYOR	TAM	ATİNA	2	28306	1	26	10	4	7	ekokuma_dunya.js,kaynakli_halka_fetih.js,kaynakli_halka_kronoloji.js,kronoloji_atina_dukaligi.js,kronoloji_cok_venedik.js,kronoloji_katalan.js,paket_12.js,paket_30.js
avlonya	TASIYOR	TAM	AVLONYA	1	11091	1	5	4	0	1	kaynakli_halka_fetih.js,kronoloji_cok_arnavut.js,paket_30.js
avusturya	TASIYOR	TAM	AVUSTURYA	5	51211	1	39	31	6	2	kronoloji_habsburg.js,kronoloji_sirbistan.js,paket_06.js,paket_12.js,yer_yama_ok109.js
ayamavra	TASIYOR	TAM	AYAMAVRA	1	7887	1	5	4	0	1	kaynakli_halka_kronoloji.js,kronoloji_cok_venedik.js,kronoloji_venedik.js,paket_06.js,paket_30.js
ayan	TASIYOR	TAM	ÂYAN	1	16734	1	2	1	0	1	ekokuma_alemdar.js
ayasofya-camii--enez	TASIYOR	TAM	AYASOFYA CAMİİ	1	2115	1	2	2	0	0	olaylar_2s_0919.js,paket_12.js
ayastefanos-antlasmasi	TASIYOR	TAM	AYASTEFANOS ANTLAŞMASI	1	5439	1	4	4	0	0	kronoloji_balkan.js,kronoloji_sirbistan.js,paket_12.js
aydinogullari	OLCULEMEDI(yalniz-kisa)	TAM	AYDINOĞULLARI	1	11136	1	2	0	0	0	olaylar_2s_0919.js,paket_12.js
aynalikavak-tenkihnamesi	OLU	OLU-302				0	1	0	0	0	yer_yama.js
azak	TASIYOR	TAM	AZAK	1	5102	1	6	4	0	1	ekokuma_dunya.js,ekokuma_vezir.js,kademe_8beb2b.js,paket_13.js,yer_yama_ok101.js,yerlesimler.js
azerbaycan	TASIYOR	TAM	AZERBAYCAN	3	38345	1	6	4	0	0	kronoloji_cok_1dunya_B.js,olaylar_2s_0920.js,paket_09.js,paket_12.js
baalbek	TASIYOR	TAM	BAALBEK	1	6878	1	2	2	0	0	paket_14.js,yerlesimler_ek29.js
badusbaniler	TASIYOR	TAM	BÂDÜSBÂNÎLER	1	5476	1	4	4	0	0	devletler.js,paket_05.js
bagdat	TASIYOR	TAM	BAĞDAT	4	96885	1	9	4	2	0	kaynakli_halka_ferhatpasa.js,kaynakli_halka_fetih.js,kaynakli_halka_kronoloji.js,olaylar_0073_iran_yanya.js,paket_26.js,yer_yama_erken.js
bagirmi	TASIYOR	TAM	BAGİRMİ	1	5237	1	4	4	0	0	olaylar_2s_0919.js,paket_12.js
bahcesaray	TASIYOR	TAM	BAHÇESARAY	1	4751	1	7	0	3	3	paket_13.js,yer_yama.js,yer_yama_kademe_zincir.js,yerlesimler_kirim.js
bahreyn	TASIYOR	TAM	BAHREYN	1	18315	1	18	17	1	0	kronoloji_cok_1923_1945.js,paket_13.js,yer_kron_dogu.js,yer_yama.js,yer_yama_gece_v1.js,yerlesimler.js
baku	TASIMIYOR(alinti-hicbir-maddede-yok)	TAM	BAKÜ	1	8037	1	1	0	0	1	kaynakli_halka_ferhatpasa.js
balkan-savasi	TASIYOR	TAM	BALKAN SAVAŞI	1	12919	1	12	8	0	4	kronoloji_balkan.js,olaylar_2s_0920.js,olaylar_ek10.js,olaylar_ek5.js,paket_01.js,paket_02.js,paket_12.js
baltalimani-muahedesi	TASIMIYOR(alinti-hicbir-maddede-yok)	TAM	BALTALİMANI MUAHEDESİ	1	9613	1	2	0	0	2	kronoloji_cok_ingiltere.js,paket_30.js
banda-adalari	TASIMIYOR(alinti-hicbir-maddede-yok)	TAM	BANDA ADALARI	1	3011	1	2	0	0	2	kademe_f5c9a5.js
barbaros-hayreddin-pasa	TASIYOR	TAM	BARBAROS HAYREDDİN PAŞA	1	12110	1	12	8	2	2	kaynakli_halka_kronoloji.js,kronoloji_cok_cezayir.js,kronoloji_ispanya.js,paket_09.js,paket_30.js
basra	TASIYOR	TAM	BASRA	2	32159	1	2	2	0	0	olaylar_2s_0920.js,paket_12.js
bati-trakya	TASIYOR	TAM	BATI TRAKYA	1	19448	1	2	0	2	0	devletler.js,paket_05.js
batu-han	TASIYOR	TAM	BATU HAN	1	11741	1	2	2	0	0	kronoloji_cok_once1281_avrupa.js
bavendiler	TASIYOR	TAM	BÂVENDÎLER	1	12986	1	4	4	0	0	devletler.js,paket_05.js
bayburt	TASIYOR	TAM	BAYBURT	1	12591	1	4	4	0	0	olaylar_p0058.js,paket_15.js,paket_23.js,yerlesimler_anadolu_0914.js
bayezid-i	TASIYOR	TAM	BAYEZİD I	1	12657	1	3	2	0	1	kaynakli_halka_kronoloji.js,olaylar_p0058.js,paket_15.js
bayezid-ii	TASIYOR	TAM	BAYEZİD II	1	19713	1	2	2	0	0	olaylar_ek7.js,paket_01.js
bektasilik	TASIYOR	TAM	BEKTAŞÎLİK	1	40619	1	4	3	1	0	ekokuma_yeniceri.js
belensiye	TASIYOR	TAM	BELENSİYE	1	3161	1	2	2	0	0	kronoloji_cok_once1281_avrupa.js
belgrad	TASIYOR	TAM	BELGRAD	1	7858	1	6	4	0	1	kaynakli_halka_kronoloji.js,kronoloji_cok_sirbistan.js,paket_30.js,yer_yama_sahiplik.js
belh	TASIYOR	TAM	BELH	1	9993	1	4	4	0	0	olaylar_2s_0919.js,paket_12.js
benares	TASIYOR	TAM	BENÂRES	1	2554	1	1	1	0	0	kademe_f5c9a5.js
bengal	OLCULEMEDI(yalniz-kisa)	TAM	BENGAL	1	6791	1	2	0	0	0	devletler.js,paket_05.js
benin	TASIYOR	TAM	BENİN	1	20331	1	12	2	0	6	devletler.js,paket_05.js
benzert	TASIYOR	TAM	BENZERT	1	4815	1	4	4	0	0	kronoloji_cok_tunus.js,paket_30.js
berbera	TASIYOR	TAM	BERBERÂ	1	6415	1	18	18	0	0	kronoloji_dogu_afrika.js,paket_12.js
berka	TASIYOR	TAM	BERKA	1	8600	1	2	2	0	0	kronoloji_cok_libya.js,paket_30.js
berlin-antlasmasi	TASIYOR	TAM	BERLİN ANTLAŞMASI	1	5576	1	4	2	0	2	kronoloji_balkan.js,kronoloji_sirbistan.js,paket_12.js
beyrut	TASIYOR	TAM	BEYRUT	1	18410	1	3	3	0	0	kronoloji_cok_1923_1945.js,kronoloji_cok_fransa.js,paket_30.js
bicaye	TASIYOR	TAM	BİCÂYE	1	4381	1	2	2	0	0	olaylar_2s_0919.js,paket_12.js
bihac	OLCULEMEDI(yalniz-kisa)	TAM	BİHAÇ	1	8833	1	1	0	0	0	kaynakli_halka_fetih.js
bingazi	TASIYOR	TAM	BİNGAZİ	1	5684	1	6	6	0	0	kronoloji_cok_libya.js,paket_30.js
birecik	TASIYOR	TAM	BİRECİK	1	9195	1	1	1	0	0	gecitler.js
birinci-dunya-savasi	TASIYOR	TAM	BİRİNCİ DÜNYA SAVAŞI	1	21363	1	6	2	0	1	ekokuma_dunya.js,kaynakli_halka_fetih.js,kronoloji_cok_1dunya_B.js,paket_09.js
biyikli-mehmed-pasa	TASIYOR	TAM	BIYIKLI MEHMED PAŞA	1	7347	1	2	2	0	0	olaylar_ek13.js,paket_02.js
bizans	TASIYOR	TAM	BİZANS	1	75168	1	4	4	0	0	olaylar_p0058.js,paket_15.js
bogdan	TASIYOR	TAM	BOĞDAN	1	17128	1	14	7	1	4	isyan_tarama.js,kronoloji_cok_romanya.js,paket_13.js,paket_23.js,paket_30.js,yama_p0037_bekleyen.js,yerlesimler.js,yerlesimler_p0037.js
bogurdelen	TASIMIYOR(alinti-hicbir-maddede-yok)	TAM	BÖĞÜRDELEN	1	3903	1	2	0	0	1	kaynakli_halka_kronoloji.js
bombay	TASIYOR	TAM	BOMBAY	1	5421	1	1	1	0	0	kademe_f5c9a5.js
borneo	TASIYOR	TAM	BORNEO	1	6473	1	2	2	0	0	devletler.js,paket_05.js
bornu	TASIYOR	TAM	BORNU	1	12351	1	2	2	0	0	kronoloji_cok_afrika.js,paket_30.js
bosna-eyaleti	TASIYOR	TAM	BOSNA EYALETİ	1	5376	1	10	6	0	4	devletler.js,kronoloji_cok_bosna.js,paket_05.js,paket_30.js
bosna-hersek	TASIYOR	TAM	BOSNA-HERSEK	1	48610	1	56	48	2	4	devletler.js,kronoloji_balkan.js,kronoloji_cok_bosna.js,paket_05.js,paket_12.js,paket_30.js
budin	TASIYOR	TAM	BUDİN	2	41469	1	4	2	0	2	kaynakli_halka_kronoloji.js,kronoloji_habsburg.js,paket_06.js
bukres	TASIYOR	TAM	BÜKREŞ	1	5170	1	2	2	0	0	kronoloji_cok_romanya.js,paket_30.js
bulgaristan	TASIYOR	TAM	BULGARİSTAN	5	95575	1	42	14	10	15	kronoloji_balkan.js,kronoloji_cok_1923_1945.js,kronoloji_cok_once1281_avrupa.js,paket_12.js
bune	TASIYOR	TAM	BÛNE	1	6408	1	10	10	0	0	kronoloji_cok_cezayir.js,paket_30.js
burkina-faso	TASIYOR	TAM	BURKİNA FASO	1	22519	1	1	1	0	0	kronoloji_cok_ince_bati_afrika.js
bursa	OLCULEMEDI(yalniz-kisa)	TAM	BURSA	2	28408	1	2	0	0	0	kaynakli_halka_fetih.js
buveyhiler	TASIYOR	TAM	BÜVEYHÎLER	1	19509	1	4	4	0	0	devletler.js,paket_05.js
cad	TASIYOR	TAM	ÇAD	1	29353	1	4	4	0	0	devletler.js,paket_05.js
cagbub	TASIYOR	TAM	CAĞBÛB	1	2160	1	2	2	0	0	kronoloji_cok_libya.js,paket_30.js
caldiran-savasi	TASIYOR	TAM	ÇALDIRAN SAVAŞI	1	10637	1	4	4	0	0	olaylar_p0058.js,paket_12.js,paket_15.js,savaslar.js
canbirdi-gazali	TASIYOR	TAM	CANBİRDİ GAZÂLÎ	1	6458	1	4	2	0	0	devletler.js,kronoloji_anadolu.js,paket_05.js,paket_12.js
candarogullari	OLCULEMEDI(yalniz-kisa)	TAM	CANDAROĞULLARI	1	18181	1	1	0	0	0	kaynakli_halka_fetih.js
cebelitarik	TASIYOR	TAM	CEBELİTÂRIK	1	5188	1	2	2	0	0	kronoloji_cok_ispanya.js,paket_30.js
celayirliler	TASIYOR	TAM	CELÂYİRLİLER	1	5886	1	150	73	0	75	kronoloji_iran_ardillari.js,paket_12.js,paket_13.js,paket_14.js,yer_yama_hayalet.js,yer_yama_ok109_fetret.js,yerlesimler.js,yerlesimler_kalite4.js
ceneviz	TASIYOR	TAM	CENEVİZ	1	13399	1	21	20	0	1	kaynakli_halka_kronoloji.js,kronoloji_cok_ceneviz.js,paket_30.js
cenne	TASIYOR	TAM	CENNE	1	5333	1	4	4	0	0	olaylar_2s_0919.js,paket_12.js
cevri-kalfa-mektebi	TASIYOR	TAM	CEVRÎ KALFA MEKTEBİ	1	7119	1	1	1	0	0	ekokuma_alemdar.js
cezayir	TASIYOR	TAM	CEZAYİR	5	79840	1	55	52	1	1	ekokuma_bolge0073.js,kaynakli_halka_fetih.js,kronoloji_cok_cezayir.js,kronoloji_cok_fas.js,paket_30.js,yer_yama.js
cigalazade-sinan-pasa	OLCULEMEDI(yalniz-kisa)	TAM	CİGALAZÂDE SİNAN PAŞA	1	3998	1	1	0	0	0	ekokuma_savas.js
cihangir	TASIMIYOR(alinti-hicbir-maddede-yok)	TAM	CİHANGİR	1	6650	1	1	0	0	1	kaynakli_halka_kronoloji.js
cildir-eyaleti	TASIYOR	TAM	ÇILDIR EYALETİ	1	8272	1	2	2	0	0	devletler.js,paket_05.js
cimma	TASIYOR	TAM	CİMMÂ	1	3959	1	1	1	0	0	kronoloji_cok_1923_1945.js
cin--ulke	TASIMIYOR(alinti-hicbir-maddede-yok)	TAM	ÇİN	3	57698	1	3	0	0	2	kademe_f5c9a5.js,kaynakli_halka_kronoloji.js
colof	TASIYOR	TAM	COLOF	1	3289	1	2	2	0	0	olaylar_2s_0919.js,paket_12.js
dakka	OLCULEMEDI(yalniz-kisa)	TAM	DAKKA	1	6289	1	1	0	0	0	kademe_f5c9a5.js
dalmacya	TASIYOR	TAM	DALMAÇYA	1	5352	1	5	5	0	0	ekokuma_dunya.js,kronoloji_cok_venedik.js,paket_30.js
danimarka	TASIYOR	TAM	DANİMARKA	2	18093	1	2	2	0	0	devletler.js,paket_05.js
darfur	OLCULEMEDI(yalniz-kisa)	TAM	DÂRFÛR	1	9160	1	6	0	0	0	paket_13.js,paket_14.js,yer_yama_kademe_zincir.js,yerlesimler_afrika.js,yerlesimler_h2_afrika.js
darulbeyza	TASIYOR	TAM	DÂRÜLBEYZÂ	1	9872	1	2	2	0	0	kronoloji_cok_fas.js,paket_30.js
dayi	TASIMIYOR(alinti-hicbir-maddede-yok)	TAM	DAYI	1	4311	1	1	0	0	1	ekokuma_kurum.js
dayi--garp-ocaklari	TASIYOR	TAM	DAYI	1	7025	1	2	2	0	0	kronoloji_cok_libya.js,paket_30.js
dehlek	TASIYOR	TAM	DEHLEK	1	4753	1	4	4	0	0	kronoloji_dogu_afrika.js,paket_12.js
derbend--dagistan	TASIMIYOR(alinti-hicbir-maddede-yok)	TAM	DERBEND	1	12303	1	1	0	0	1	kaynakli_halka_ferhatpasa.js
derne	TASIYOR	TAM	DERNE	1	7464	1	10	10	0	0	kronoloji_cok_libya.js,paket_30.js
devlet-giray	TASIYOR	TAM	DEVLET GİRAY	1	2644	1	2	2	0	0	yer_yama.js
dicle	TASIYOR	TAM	DİCLE	1	6043	1	1	1	0	0	gecitler.js
dimetoka	OLCULEMEDI(yalniz-kisa)	TAM	DİMETOKA	1	18718	1	1	0	0	0	kaynakli_halka_fetih.js
diriye	OLCULEMEDI(yalniz-kisa)	TAM	DİR‘İYE	1	4446	1	1	0	0	0	kaynakli_halka_fetih.js
diu	TASIMIYOR(alinti-hicbir-maddede-yok)	TAM	DİÛ	1	5030	1	2	0	0	2	kademe_f5c9a5.js
divrigi	TASIYOR	TAM	DİVRİĞİ	1	11218	1	7	7	0	0	olaylar_senkron_0930.js,paket_04.js,paket_13.js,yer_yama_tbmm_1920_0905.js,yerlesimler.js
diyarbakir	TASIYOR	TAM	DİYARBAKIR	2	39764	1	12	8	0	0	devletler.js,olaylar_2s_0919.js,paket_05.js,paket_12.js
dogubayazit	TASIYOR	TAM	DOĞUBAYAZIT	1	9224	1	2	2	0	0	paket_14.js,yerlesimler_ek26.js
doksanuc-harbi	TASIYOR	TAM	DOKSANÜÇ HARBİ	1	12542	1	6	2	0	4	paket_13.js,yerlesimler.js
drama	TASIYOR	TAM	DRAMA	1	13421	1	2	2	0	0	paket_13.js,yerlesimler.js
dubrovnik	TASIYOR	TAM	DUBROVNİK	1	11031	1	1	1	0	0	kronoloji_cok_once1281_avrupa.js
dulkadirogullari	TASIYOR	TAM	DULKADIROĞULLARI	1	21884	1	13	10	0	3	kaynakli_halka_kronoloji.js,olaylar_p0058.js,paket_15.js,paket_21.js,paket_23.js,yerlesimler_anadolu_0914.js,yerlesimler_ok110.js
ebukir	TASIYOR	TAM	EBÛKĪR	1	5872	1	2	2	0	0	kronoloji_cok_ingiltere.js,paket_30.js
ecmir	TASIYOR	TAM	ECMÎR	1	4477	1	1	1	0	0	kademe_f5c9a5.js
edirne	OLCULEMEDI(yalniz-kisa)	TAM	EDİRNE	2	92389	1	2	0	0	0	kaynakli_halka_fetih.js,kaynakli_halka_kronoloji.js
edirne-antlasmasi	OLCULEMEDI(yalniz-kisa)	TAM	EDİRNE ANTLAŞMASI	1	7452	1	3	0	0	0	kronoloji_cok_romanya.js,paket_30.js,yer_yama.js
eflak	TASIYOR	TAM	EFLAK	1	18822	1	3	0	1	2	isyan_tarama.js,yer_yama.js
eftasiler	TASIYOR	TAM	EFTASÎLER	1	8214	1	1	1	0	0	kronoloji_cok_once1281_avrupa.js
egriboz	TASIMIYOR(alinti-hicbir-maddede-yok)	TAM	EĞRİBOZ	1	15197	1	1	0	0	1	kaynakli_halka_kronoloji.js
el-hac-omer	TASIYOR	TAM	el-HÂC ÖMER	1	15456	1	24	4	0	18	devletler.js,paket_05.js
elbistan	TASIYOR	TAM	ELBİSTAN	1	13327	1	10	8	0	0	olaylar_2s_0919.js,paket_12.js,paket_23.js,yerlesimler_anadolu_0914.js
elci	OLCULEMEDI(yalniz-kisa)	TAM	ELÇİ	1	71297	1	2	0	0	0	ekokuma_diplomasi.js
elfa-hasim	TASIYOR	TAM	ELFÂ HÂŞİM	1	8412	1	2	2	0	0	olaylar_2s_0919.js,paket_12.js
emanullah-han	TASIYOR	TAM	EMÂNULLAH HAN	1	2928	1	2	2	0	0	kronoloji_cok_1923_1945.js
encumen-i-danis	TASIYOR	TAM	ENCÜMEN-i DÂNİŞ	1	12752	1	1	0	1	0	yer_yama.js
endulus	TASIYOR	TAM	ENDÜLÜS	2	120052	1	10	10	0	0	kronoloji_cok_once1281_avrupa.js,kronoloji_ispanya.js,paket_09.js
erdel	TASIYOR	TAM	ERDEL	1	19402	1	5	2	0	3	isyan_tarama.js,olaylar_senkron_0930.js,paket_04.js
ertugrul-gazi	TASIYOR	TAM	ERTUĞRUL GAZİ	1	7573	1	4	4	0	0	paket_13.js,yerlesimler.js
erzincan	TASIYOR	TAM	ERZİNCAN	1	17160	1	12	11	1	0	olaylar_2s_0919.js,olaylar_p0058.js,paket_12.js,paket_13.js,paket_15.js,paket_23.js,yer_yama_tbmm_1920_0905.js,yer_yama_zaza.js,yerlesimler.js,yerlesimler_anadolu_0914.js
estergon	TASIMIYOR(alinti-hicbir-maddede-yok)	TAM	ESTERGON	1	8721	1	2	0	0	1	kaynakli_halka_kronoloji.js
etiyopya	TASIYOR	TAM	ETİYOPYA	2	52134	1	115	112	3	0	kronoloji_cok_1923_1945.js,kronoloji_dogu_afrika.js,paket_12.js,yer_yama_dogafr.js
evfat	TASIYOR	TAM	EVFÂT	1	4802	1	21	12	3	6	kronoloji_dogu_afrika.js,paket_12.js,yer_yama_dogafr.js
eyyubiler	TASIYOR	TAM	EYYÛBÎLER	2	78182	1	8	8	0	0	devletler.js,olaylar_2s_0918.js,paket_05.js,paket_12.js
farukiler	TASIYOR	TAM	FÂRÛKĪLER	1	5626	1	6	2	0	4	devletler.js,paket_05.js
fas	TASIYOR	TAM	FAS	5	92829	1	48	48	0	0	devletler.js,kronoloji_cok_fas.js,olaylar_ek13.js,paket_02.js,paket_05.js,paket_30.js
faysal-i	TASIYOR	TAM	FAYSAL I	1	3340	1	4	4	0	0	devletler.js,paket_05.js
fener	TASIYOR	TAM	FENER	1	7509	1	2	2	0	0	kronoloji_cok_romanya.js,paket_30.js
fener-rum-ortodoks-patrikhanesi	TASIYOR	TAM	FENER RUM ORTODOKS PATRİKHÂNESİ	1	35743	1	4	4	0	0	ekokuma_yunan.js
feribot	OLU	OLU-302				0	1	0	0	0	gecitler.js
filaliler	TASIYOR	TAM	FİLÂLÎLER	1	9247	1	11	11	0	0	kronoloji_cok_fas.js,paket_30.js,yer_yama.js
fildisi-sahili	TASIYOR	TAM	FİLDİŞİ SAHİLİ	2	17969	1	3	3	0	0	kronoloji_cok_ince_bati_afrika.js
firat	TASIYOR	TAM	FIRAT	2	19933	1	1	1	0	0	gecitler.js
fizan	TASIYOR	TAM	FİZAN	1	10732	1	16	16	0	0	kronoloji_cok_libya.js,paket_30.js
foca	OLCULEMEDI(yalniz-kisa)	TAM	FOÇA	1	5513	1	1	0	0	0	kaynakli_halka_fetih.js
fransa	TASIYOR	TAM	FRANSA	6	98438	1	40	4	4	28	devletler.js,kronoloji_fransa.js,paket_05.js,paket_08.js
fulaniler	TASIYOR	TAM	FÛLÂNÎLER	1	9166	1	1	1	0	0	kronoloji_cok_ince_bati_afrika.js
func	OLCULEMEDI(yalniz-kisa)	TAM	FUNC	1	8919	1	1	0	0	0	ekokuma_bolge0073.js
gabon	TASIYOR	TAM	GABON	2	10176	1	6	2	0	2	devletler.js,paket_05.js
gana	TASIYOR	TAM	GANA	2	27639	1	6	2	0	4	devletler.js,paket_05.js
gao	TASIYOR	TAM	GAO	1	4581	1	2	2	0	0	olaylar_2s_0919.js,paket_12.js
garp-ocaklari	TASIYOR	TAM	GARP OCAKLARI	1	21167	1	9	9	0	0	ekokuma_bolge0073.js,kronoloji_cok_cezayir.js,kronoloji_cok_libya.js,kronoloji_cok_tunus.js,paket_30.js
gazi-giray-i	TASIYOR	TAM	GAZİ GİRAY I	1	1091	1	2	1	0	0	yer_yama.js
gazi-giray-ii	TASIMIYOR(alinti-hicbir-maddede-yok)	TAM	GAZİ GİRAY II	2	12738	1	1	0	0	1	yer_yama.js
gazi-husrev-bey	TASIYOR	TAM	GAZİ HÜSREV BEY	1	5046	1	4	4	0	0	kronoloji_cok_bosna.js,paket_30.js
gaziantep	TASIYOR	TAM	GAZİANTEP	3	56236	1	2	2	0	0	olaylar_cukurova_0907.js,paket_25.js
gelibolu	TASIMIYOR(alinti-hicbir-maddede-yok)	TAM	GELİBOLU	1	30240	1	2	0	0	1	kaynakli_halka_fetih.js,kaynakli_halka_kronoloji.js
gevgili	TASIYOR	TAM	GEVGİLİ	1	10050	1	2	0	2	0	paket_22.js,yerlesimler_ok107.js
gilan	TASIYOR	TAM	GÎLÂN	1	5080	1	4	2	0	2	devletler.js,kronoloji_cok_iran.js,paket_05.js,paket_30.js
gine	TASIYOR	TAM	GİNE	2	19228	1	2	2	0	0	kronoloji_cok_ince_bati_afrika.js
gine-bissau	TASIYOR	TAM	GİNE BİSSAU	2	12330	1	2	2	0	0	devletler.js,paket_05.js
giray	TASIMIYOR(alinti-hicbir-maddede-yok)	TAM	GİRAY	1	13560	1	1	0	0	1	kaynakli_halka_kronoloji.js
girit	TASIYOR	TAM	GİRİT	1	54387	1	19	18	0	1	kaynakli_halka_kronoloji.js,kronoloji_balkan.js,kronoloji_venedik.js,paket_06.js,paket_12.js
girnata	TASIYOR	TAM	GIRNATA	1	40075	1	2	2	0	0	kronoloji_cok_ispanya.js,paket_30.js
gumulcine	TASIYOR	TAM	GÜMÜLCİNE	1	10273	1	2	0	2	0	paket_13.js,yerlesimler.js
guney-afrika-cumhuriyeti	TASIYOR	TAM	GÜNEY AFRİKA CUMHURİYETİ	1	25345	1	12	4	0	8	devletler.js,paket_05.js
gurcistan	TASIYOR	TAM	GÜRCİSTAN	3	39757	1	16	9	4	3	devletler.js,kaynakli_halka_ferhatpasa.js,kaynakli_halka_kronoloji.js,olaylar_2s_0920.js,paket_05.js,paket_12.js
gures	TASIYOR	TAM	GÜREŞ	1	17245	1	1	1	0	0	yer_yama.js
habes-eyaleti	TASIYOR	TAM	HABEŞ EYALETİ	1	28045	1	68	66	1	1	kaynakli_halka_kronoloji.js,kronoloji_dogu_afrika.js,kronoloji_portekiz.js,paket_09.js,paket_12.js,yer_yama_dogafr.js
habesistan	TASIMIYOR(alinti-hicbir-maddede-yok)	TAM	HABEŞİSTAN	2	52134	1	2	0	0	1	ekokuma_bolge0073.js,ekokuma_p76e.js
haci-giray-i	TASIYOR	TAM	HACI GİRAY I	1	6702	1	1	1	0	0	yer_yama.js
hadramut	TASIYOR	TAM	HADRAMUT	1	18675	1	5	5	0	0	olaylar_2s_0919.js,paket_12.js,paket_13.js,yer_yama_1923_bosluk_0906.js,yerlesimler.js
hafsiler	TASIYOR	TAM	HAFSÎLER	1	20935	1	15	15	0	0	kronoloji_cok_once1281_avrupa.js,kronoloji_cok_tunus.js,paket_30.js
halep	TASIYOR	TAM	HALEP	3	40369	1	9	8	0	1	devletler.js,kaynakli_halka_kronoloji.js,olaylar_2s_0920.js,paket_05.js,paket_12.js
halid-beni-halid	TASIYOR	TAM	HÂLİD (Benî Hâlid)	1	8311	1	3	2	0	1	yer_yama.js
halkulvadi	TASIYOR	TAM	HALKULVÂDÎ	1	4625	1	2	2	0	0	kronoloji_cok_tunus.js,paket_30.js
hamidogullari	OLCULEMEDI(yalniz-kisa)	TAM	HAMÎDOĞULLARI	1	27022	1	1	0	0	0	devletler_bk_ok106.js
hammude-pasa	TASIYOR	TAM	HAMMÛDE PAŞA	1	5447	1	4	4	0	0	kronoloji_cok_tunus.js,paket_30.js
harar	TASIYOR	TAM	HARAR	1	12962	1	37	32	2	2	kronoloji_dogu_afrika.js,paket_12.js,yer_yama_dogafr.js
haremeyn	TASIYOR	TAM	HAREMEYN	1	30658	1	2	2	0	0	devletler.js,paket_05.js
hariciye-nezareti	OLCULEMEDI(yalniz-kisa)	TAM	HARİCİYE NEZÂRETİ	1	14014	1	1	0	0	0	ekokuma_diplomasi.js
harizm	TASIYOR	TAM	HÂRİZM	1	21012	1	4	2	0	2	olaylar_2s_0919.js,olaylar_ek8.js,paket_02.js,paket_12.js
harput	TASIYOR	TAM	HARPUT	1	12675	1	5	0	2	3	kaynakli_halka_kronoloji.js,paket_13.js,yerlesimler.js
harran	TASIYOR	TAM	HARRAN	1	16243	1	2	0	2	0	paket_14.js,yerlesimler_ek25.js
hasan-pasa	TASIYOR	TAM	HASAN PAŞA	1	3674	1	8	8	0	0	kronoloji_cok_cezayir.js,paket_30.js
hasan-sabbah	TASIYOR	TAM	HASAN SABBÂH	1	17889	1	2	2	0	0	devletler.js,paket_05.js
hatman	TASIYOR	TAM	HATMAN	1	6131	1	2	2	0	0	devletler.js,paket_05.js
hayber	TASIYOR	TAM	HAYBER	1	13895	1	2	2	0	0	paket_21.js,yerlesimler_ok101.js
hayreddin-pasa-tunuslu	TASIYOR	TAM	HAYREDDİN PAŞA, Tunuslu	1	17841	1	10	10	0	0	kronoloji_cok_tunus.js,paket_30.js
hendese-i-mulkiyye-mektebi	TASIYOR	TAM	HENDESE-i MÜLKİYYE MEKTEBİ	1	4928	1	2	2	0	0	olaylar_kronoeksik_0921.js,paket_26.js
hezarfen-ahmed-celebi	OLCULEMEDI(yalniz-kisa)	TAM	HEZARFEN AHMED ÇELEBİ	1	1349	1	2	0	0	0	ekokuma_rivayet.js
himaye	TASIMIYOR(alinti-hicbir-maddede-yok)	TAM	HİMAYE	1	4489	1	2	0	0	1	ekokuma_p76g.js
hirvatistan	TASIYOR	TAM	HIRVATİSTAN	1	16822	1	3	3	0	0	devletler.js,kronoloji_cok_once1281_avrupa.js,paket_05.js
hollanda	TASIYOR	TAM	HOLLANDA	5	77642	1	70	42	2	2	devletler.js,kronoloji_cok_hollanda.js,kronoloji_cok_ingiltere.js,kronoloji_hollanda.js,paket_05.js,paket_11.js,paket_30.js
hotin	TASIYOR	TAM	HOTİN	1	6754	1	5	2	0	3	kaynakli_halka_kronoloji.js,kronoloji_cok_romanya.js,paket_30.js,yer_yama.js,yer_yama_erken.js
hoy	TASIYOR	TAM	HOY	1	4787	1	3	0	2	1	kaynakli_halka_ferhatpasa.js,paket_13.js,yerlesimler.js
hudiler	TASIYOR	TAM	HÛDÎLER	1	7642	1	1	1	0	0	kronoloji_cok_once1281_avrupa.js
hurmuz--iran	TASIMIYOR(alinti-hicbir-maddede-yok)	TAM	HÜRMÜZ	1	7174	1	2	0	0	2	kronoloji_portekiz.js,paket_09.js
hursid-ahmed-pasa	TASIYOR	TAM	HURŞİD AHMED PAŞA	1	10761	1	16	6	0	8	ekokuma_misir1805.js,kronoloji_misir.js,olaylar_0073_iran_yanya.js,olaylar_ek4.js,paket_01.js,paket_11.js,paket_26.js
huseyin-pasa-tunus-beyi	TASIYOR	TAM	HÜSEYİN PAŞA, Tunus Beyi	1	4753	1	12	12	0	0	kronoloji_cok_tunus.js,paket_30.js
huseyniler	TASIYOR	TAM	HÜSEYNÎLER	1	14060	1	50	50	0	0	kronoloji_cok_tunus.js,paket_30.js
ibnur-resid	TASIYOR	TAM	İBNÜ’r-REŞÎD	1	3132	1	2	2	0	0	olaylar_ilirya_0072.js,paket_01.js
ibrahim-bey	TASIYOR	TAM	İBRÂHİM BEY	1	8866	1	1	1	0	0	ekokuma_kolemen.js
ibrahim-pasa-kavalali	TASIYOR	TAM	İBRÂHİM PAŞA, Kavalalı	1	16534	1	4	4	0	0	paket_13.js,yama_p0037_bekleyen.js,yer_yama.js,yerlesimler.js
idil-bulgar-hanligi	TASIYOR	TAM	İDİL BULGAR HANLIĞI	1	10249	1	1	1	0	0	kronoloji_cok_once1281_avrupa.js
idris-i--senusiler	TASIYOR	TAM	İDRÎS I	1	8287	1	8	8	0	0	kronoloji_cok_libya.js,paket_30.js
ilbasan	TASIYOR	TAM	İLBASAN	1	8341	1	2	2	0	0	kronoloji_cok_arnavut.js,paket_30.js
ildenizliler	TASIYOR	TAM	İLDENİZLİLER	1	13714	1	4	4	0	0	devletler.js,paket_05.js
ilhanlilar	TASIMIYOR(alinti-hicbir-maddede-yok)	TAM	İLHANLILAR	2	27181	1	73	0	0	73	paket_13.js,paket_14.js,yer_yama_ok109_fetret.js,yerlesimler.js,yerlesimler_kalite4.js
imtiyazat	TASIYOR	TAM	İMTİYÂZÂT	2	69797	1	4	4	0	0	kronoloji_cok_fransa.js,kronoloji_fransa.js,paket_08.js,paket_30.js
inancogullari	TASIYOR	TAM	İNANÇOĞULLARI	1	6035	1	2	2	0	0	olaylar_2s_0919.js,paket_12.js
inebahti	TASIYOR	TAM	İNEBAHTI	1	12140	1	4	4	0	0	kronoloji_cok_venedik.js,paket_30.js
inebahti-savasi	OLU	OLU-302				0	2	0	0	0	kronoloji_ispanya.js,paket_09.js
ingiltere	TASIYOR	TAM	İNGİLTERE	5	98738	1	12	6	0	0	kronoloji_cok_ingiltere.js,kronoloji_ingiltere.js,paket_08.js,paket_30.js
iran	TASIYOR	TAM	İRAN	11	249630	1	8	4	0	0	olaylar_0073_iran_yanya.js,paket_26.js
isa-celebi	TASIYOR	TAM	ÎSÂ ÇELEBİ	1	8321	1	1	1	0	0	yer_yama.js
isakca	TASIYOR	TAM	İSAKÇA	1	5551	1	1	1	0	0	gecitler.js
isbiliye	TASIYOR	TAM	İŞBÎLİYE	1	4288	1	2	2	0	0	kronoloji_cok_once1281_avrupa.js
iskender-bey	TASIYOR	TAM	İSKENDER BEY	1	13113	1	18	14	2	2	kronoloji_cok_arnavut.js,paket_30.js
iskenderiye	OLCULEMEDI(yalniz-kisa)	TAM	İSKENDERİYE	2	30749	1	2	0	0	0	kronoloji_misir.js,paket_11.js
iskodra	TASIYOR	TAM	İŞKODRA	1	7170	1	8	8	0	0	devletler.js,kronoloji_cok_arnavut.js,kronoloji_cok_karadag.js,paket_05.js,paket_30.js
isvec	TASIYOR	TAM	İSVEÇ	3	55475	1	4	2	0	0	devletler.js,paket_05.js
italya	TASIYOR	TAM	İTALYA	5	54077	1	7	4	0	1	devletler.js,ekokuma_ihtilal.js,paket_05.js
izmit	OLCULEMEDI(yalniz-kisa)	TAM	İZMİT	2	32397	1	1	0	0	0	kaynakli_halka_fetih.js
iznik	OLCULEMEDI(yalniz-kisa)	TAM	İZNİK	3	32990	1	1	0	0	0	kaynakli_halka_fetih.js
izvornik	TASIMIYOR(alinti-hicbir-maddede-yok)	TAM	İZVORNİK	1	6256	1	1	0	0	1	kaynakli_halka_kronoloji.js
kabakci-isyani	TASIYOR	TAM	KABAKÇI İSYANI	1	5452	1	4	2	1	1	ekokuma_alemdar.js
kabartaylar	TASIYOR	TAM	KABARTAYLAR	1	6469	1	6	0	4	2	devletler.js,paket_05.js,paket_13.js,yerlesimler.js
kabiliye	TASIYOR	TAM	KABÎLİYE	1	4387	1	4	2	0	0	kronoloji_cok_cezayir.js,paket_30.js
kacarlar	TASIYOR	TAM	KAÇARLAR	2	25269	1	2	2	0	0	kronoloji_iran.js,paket_06.js
kahramanmaras	TASIYOR	TAM	KAHRAMANMARAŞ	3	49645	1	10	8	0	2	kaynakli_halka_kronoloji.js,olaylar_cukurova_0907.js,paket_25.js,yama_p0037_bekleyen.js,yer_yama_acik.js,yer_yama_uyg2.js
kakuyiler	TASIYOR	TAM	KÂKÛYÎLER	1	9385	1	6	6	0	0	devletler.js,paket_05.js
kale-cifti	OLU	OLU-302				0	1	0	0	0	gecitler.js
kamanice	TASIMIYOR(alinti-hicbir-maddede-yok)	TAM	KAMANİÇE	1	4510	1	3	0	0	3	kaynakli_halka_fetih.js,kronoloji_cok_ukrayna.js,paket_30.js
kamba	OLU	OLU-302				0	4	0	0	0	devletler.js,paket_05.js
kamerun	TASIYOR	TAM	KAMERUN	1	12060	1	6	6	0	0	devletler.js,paket_05.js
kanije	TASIYOR	TAM	KANİJE	1	7646	1	4	2	0	1	kaynakli_halka_fetih.js,kaynakli_halka_kronoloji.js,kronoloji_habsburg.js,paket_06.js
kano	TASIYOR	TAM	KANO	1	6243	1	2	2	0	0	kronoloji_cok_afrika.js,paket_30.js
kanuni-sultan-suleyman	TASIMIYOR(alinti-hicbir-maddede-yok)	TAM	KANÛNÎ SULTAN SÜLEYMAN	2	84627	1	1	0	0	1	kaynakli_halka_kronoloji.js
karaci	TASIYOR	TAM	KARAÇİ	1	2984	1	1	1	0	0	kademe_f5c9a5.js
karadag	TASIYOR	TAM	KARADAĞ	1	10215	1	65	60	4	0	devletler.js,ekokuma_dunya.js,kronoloji_balkan.js,kronoloji_cok_karadag.js,paket_05.js,paket_12.js,paket_30.js
karaferye	TASIYOR	TAM	KARAFERYE	1	12353	1	2	2	0	0	olaylar_2s_0920.js,paket_12.js
karakoyunlular	TASIYOR	TAM	KARAKOYUNLULAR	1	27096	1	3	2	0	1	kaynakli_halka_kronoloji.js,olaylar_2s_0919.js,paket_12.js
karamanli	TASIYOR	TAM	KARAMANLI	1	8414	1	28	28	0	0	kronoloji_cok_libya.js,paket_30.js
karamanogullari	TASIYOR	TAM	KARAMANOĞULLARI	2	46936	1	3	0	2	1	kaynakli_halka_kronoloji.js,paket_13.js,yerlesimler.js
karaosmanogullari	TASIMIYOR(alinti-hicbir-maddede-yok)	TAM	KARAOSMANOĞULLARI	1	9143	1	1	0	0	1	ekokuma_alemdar.js
karlofca	TASIYOR	TAM	KARLOFÇA	2	22209	1	1	1	0	0	yer_yama.js
kars	TASIYOR	TAM	KARS	1	14200	1	2	2	0	0	devletler.js,paket_05.js
katar	TASIYOR	TAM	KATAR	1	9708	1	6	6	0	0	devletler.js,kronoloji_cok_1923_1945.js,paket_05.js,yer_yama.js
kavalali	OLU	OLU-302				0	1	0	0	0	ekokuma_bolge0073.js
kavalali-mehmed-ali-pasa	TASIYOR	TAM	KAVALALI MEHMED ALİ PAŞA	1	19486	1	11	8	0	0	devletler.js,ekokuma_ihtilal.js,ekokuma_kolemen.js,ekokuma_misir1805.js,kronoloji_misir.js,paket_05.js,paket_11.js,yer_yama.js
kefe	TASIYOR	TAM	KEFE	1	11481	1	1	0	1	0	yer_yama_kademe_zincir.js
kelbiler	TASIYOR	TAM	KELBÎLER	1	4618	1	1	1	0	0	kronoloji_cok_once1281_avrupa.js
kemah	TASIMIYOR(alinti-hicbir-maddede-yok)	TAM	KEMAH	1	11808	1	1	0	0	1	kaynakli_halka_fetih.js
kenya	TASIYOR	TAM	KENYA	1	11291	1	6	4	0	2	devletler.js,paket_05.js
kerkuk	TASIYOR	TAM	KERKÜK	1	11332	1	1	1	0	0	kaynakli_halka_bagdat.js
kert	TASIYOR	TAM	KERT	1	3788	1	1	0	1	0	yer_yama_hayalet.js
kesmir	TASIYOR	TAM	KEŞMİR	1	13926	1	3	3	0	0	kronoloji_cok_1923_1945.js
kibris	TASIYOR	TAM	KIBRIS	5	120973	1	10	8	0	0	kaynakli_halka_fetih.js,kronoloji_venedik.js,paket_06.js
kili	TASIYOR	TAM	KİLİ	1	10433	1	2	1	0	0	kaynakli_halka_fetih.js,yer_yama_erken.js
kilic-ali-pasa	TASIYOR	TAM	KILIÇ ALİ PAŞA	1	9512	1	2	2	0	0	kronoloji_cok_cezayir.js,paket_30.js
kilis	TASIYOR	TAM	KİLİS	1	15510	1	4	0	4	0	olaylar_cukurova_0907.js,paket_13.js,paket_25.js,yerlesimler.js
kilitbahir-kalesi	TASIYOR	TAM	KİLİTBAHİR KALESİ	1	4934	1	4	2	0	2	olaylar_p0036.js,paket_25.js
kilve	TASIYOR	TAM	KİLVE	1	10725	1	22	22	0	0	kronoloji_dogu_afrika.js,paket_12.js
kinalizade-ali-efendi	TASIMIYOR(alinti-hicbir-maddede-yok)	TAM	KINALIZÂDE ALİ EFENDİ	1	7377	1	1	0	0	1	yer_yama.js
kirim	TASIYOR	TAM	KIRIM	3	113887	1	43	6	36	1	kademe_8beb2b.js,paket_13.js,paket_18.js,paket_21.js,yer_yama.js,yerlesimler.js,yerlesimler_ek3.js,yerlesimler_ek4.js,yerlesimler_ek6.js,yerlesimler_ek_bozkir.js,yerlesimler_ok106.js
klis	TASIMIYOR(alinti-hicbir-maddede-yok)	TAM	KLİS	1	3321	1	1	0	0	1	kaynakli_halka_fetih.js
kongo-demokratik-cumhuriyeti	TASIYOR	TAM	KONGO DEMOKRATİK CUMHURİYETİ	1	17529	1	2	2	0	0	devletler.js,paket_05.js
kopru	TASIMIYOR(alinti-hicbir-maddede-yok)	TAM	KÖPRÜ	1	14849	1	3	0	0	3	gecitler.js
kopruluzade-fazil-mustafa-pasa	TASIYOR	TAM	KÖPRÜLÜZÂDE FÂZIL MUSTAFA PAŞA	1	11992	1	1	0	1	0	yer_yama.js
korfu	TASIYOR	TAM	KORFU	1	7243	1	2	2	0	0	kronoloji_cok_venedik.js,paket_30.js
koron	OLCULEMEDI(yalniz-kisa)	TAM	KORON	1	5880	1	1	0	0	0	kaynakli_halka_kronoloji.js
kosova	TASIYOR	TAM	KOSOVA	2	24787	1	2	2	0	0	kronoloji_sirbistan.js,paket_12.js
kostantine	TASIYOR	TAM	KOSTANTÎNE	1	7303	1	12	12	0	0	kronoloji_cok_cezayir.js,paket_30.js
kruya	TASIYOR	TAM	KRUYA	1	10543	1	2	2	0	0	kronoloji_cok_arnavut.js,paket_30.js
kuayti-sultanligi	OLU	OLU-302				0	3	0	0	0	paket_13.js,yer_yama_1923_bosluk_0906.js,yerlesimler.js
kucum-han	TASIYOR	TAM	KÜÇÜM HAN	1	6707	1	2	2	0	0	paket_14.js,yerlesimler_ek9.js
kumuklar	TASIYOR	TAM	KUMUKLAR	1	7850	1	4	4	0	0	devletler.js,paket_05.js
kurtuba	TASIYOR	TAM	KURTUBA	1	6568	1	1	1	0	0	kronoloji_cok_once1281_avrupa.js
kutulamare	TASIMIYOR(alinti-hicbir-maddede-yok)	TAM	KÛTÜL‘AMÂRE	1	5736	1	1	0	0	1	kaynakli_halka_ferhatpasa.js
kuveyt	TASIYOR	TAM	KÜVEYT	2	20840	1	6	6	0	0	devletler.js,kronoloji_cok_1923_1945.js,paket_05.js
lahican	TASIYOR	TAM	LÂHÎCÂN	1	4332	1	2	2	0	0	kronoloji_cok_iran.js,paket_30.js
lahsa	TASIYOR	TAM	LAHSÂ	1	11986	1	12	3	0	9	kronoloji_arabistan.js,olaylar_2s_0920.js,paket_12.js,yer_yama.js
les	TASIMIYOR(alinti-hicbir-maddede-yok)	TAM	LEŞ	1	5529	1	1	0	0	1	kaynakli_halka_kronoloji.js
liberya	TASIYOR	TAM	LİBERYA	1	10506	1	3	3	0	0	kronoloji_cok_1923_1945.js
libya	TASIYOR	TAM	LİBYA	3	76586	1	16	14	0	2	devletler.js,kronoloji_cok_1923_1945.js,kronoloji_cok_libya.js,paket_05.js,paket_30.js
lozan-antlasmasi	TASIYOR	TAM	LOZAN ANTLAŞMASI	1	12686	1	20	0	10	0	paket_20.js,yerlesimler_sinir_kuzey.js
lubnan	TASIYOR	TAM	LÜBNAN	4	65103	1	8	4	1	1	devletler.js,kronoloji_cok_1923_1945.js,paket_05.js,yer_yama.js
macaristan	TASIYOR	TAM	MACARİSTAN	2	53462	1	4	3	0	0	kronoloji_cok_once1281_avrupa.js
mahmud-ii--osmanli	TASIYOR	TAM	MAHMUD II	1	28051	1	9	3	3	0	ekokuma_alemdar.js,ekokuma_bolge0073.js,ekokuma_yunan.js
makdisu	TASIYOR	TAM	MAKDİŞU	1	11311	1	36	28	4	4	kronoloji_dogu_afrika.js,paket_12.js
maku	TASIYOR	TAM	MÂKÛ	1	3775	1	1	1	0	0	kaynakli_halka_ferhatpasa.js
malaka	TASIYOR	TAM	MALAKA	1	7013	1	1	1	0	0	kaynakli_halka_tekil.js
malatya	TASIYOR	TAM	MALATYA	3	43350	1	6	5	0	1	devletler.js,kaynakli_halka_kronoloji.js,paket_05.js,paket_13.js,yer_yama_tbmm_1920_0905.js,yerlesimler.js
malavi	TASIYOR	TAM	MALAVİ	1	15500	1	4	4	0	0	devletler.js,kronoloji_cok_afrika.js,paket_05.js,paket_30.js
mali	TASIYOR	TAM	MALİ	1	56471	1	19	9	2	8	devletler.js,kronoloji_cok_afrika.js,kronoloji_cok_ince_bati_afrika.js,olaylar_2s_0919.js,paket_05.js,paket_12.js,paket_30.js
malta	TASIYOR	TAM	MALTA	2	17389	1	10	4	0	6	kronoloji_rodos_sovalyeleri.js,paket_12.js
manastir	OLCULEMEDI(yalniz-kisa)	TAM	MANASTIR	2	17010	1	2	0	0	2	olaylar_2s_0920.js,paket_12.js
mardin	TASIYOR	TAM	MARDİN	2	42394	1	5	4	0	0	kaynakli_halka_fetih.js,olaylar_ek13.js,paket_02.js
masavva	TASIYOR	TAM	MASAVVA‘	1	8080	1	26	24	0	0	kronoloji_dogu_afrika.js,paket_12.js
mayurka	TASIYOR	TAM	MAYURKA	1	8908	1	1	1	0	0	kronoloji_cok_once1281_avrupa.js
meclis-i-mebusan	TASIYOR	TAM	MECLİS-i MEB‘ÛSAN	1	14773	1	1	1	0	0	yer_yama.js
mehmed-ii	TASIYOR	TAM	MEHMED II	1	74023	1	2	2	0	0	kronoloji_balkan.js,paket_12.js
mehmed-iii	TASIYOR	TAM	MEHMED III	1	34907	1	1	1	0	0	ekokuma_padisah.js
mehmed-sadik-pasa	TASIYOR	TAM	MEHMED SÂDIK PAŞA	1	5791	1	4	4	0	0	kronoloji_cok_tunus.js,paket_30.js
mekke	TASIYOR	TAM	MEKKE	3	106623	1	3	2	0	0	devletler.js,kaynakli_halka_kronoloji.js,paket_05.js
memlukler	TASIYOR	TAM	MEMLÜKLER	2	58113	1	2	2	0	0	ekokuma_kolemen.js
mengli-giray-turbesi	TASIYOR	TAM	MENGLİ GİRAY TÜRBESİ	1	3734	1	1	1	0	0	yer_yama.js
mentese	TASIYOR	TAM	MENTEŞE	1	9259	1	2	0	2	0	kronoloji_cok_anadolu2.js,paket_30.js
menzil--osmanli	TASIYOR	TAM	MENZİL	1	10387	1	13	13	0	0	koridor.js
merakes	TASIYOR	TAM	MERAKEŞ	1	9780	1	2	2	0	0	kronoloji_cok_fas.js,paket_30.js
meric	TASIYOR	TAM	MERİÇ	1	8465	1	2	1	0	1	gecitler.js
meriniler	TASIYOR	TAM	MERÎNÎLER	1	36051	1	54	2	0	52	kronoloji_cok_fas.js,kronoloji_kuzeyafrika.js,paket_12.js,paket_30.js
meriye	TASIYOR	TAM	MERİYE	1	6027	1	2	2	0	0	kronoloji_cok_ispanya.js,paket_30.js
mersin	TASIYOR	TAM	MERSİN	1	15009	1	2	2	0	0	olaylar_cukurova_0907.js,paket_25.js
merzifonlu-kara-mustafa-pasa	OLCULEMEDI(yalniz-kisa)	TAM	MERZİFONLU KARA MUSTAFA PAŞA	1	15585	1	1	0	0	0	kaynakli_halka_fetih.js
mevlay-hasan	TASIYOR	TAM	MEVLÂY HASAN	1	2941	1	6	6	0	0	kronoloji_cok_fas.js,paket_30.js
mevlay-ismail	TASIYOR	TAM	MEVLÂY İSMÂİL	1	5826	1	8	8	0	0	kronoloji_cok_fas.js,paket_30.js
mevlay-resid	TASIYOR	TAM	MEVLÂY REŞÎD	1	7219	1	10	10	0	0	kronoloji_cok_fas.js,paket_30.js
mevlay-suleyman	TASIYOR	TAM	MEVLÂY SÜLEYMAN	1	8388	1	6	6	0	0	kronoloji_cok_fas.js,paket_30.js
midhat-pasa	TASIMIYOR(alinti-hicbir-maddede-yok)	TAM	MİDHAT PAŞA	1	22142	1	2	0	0	2	kronoloji_balkan.js,paket_12.js
miknas	TASIYOR	TAM	MİKNÂS	1	8591	1	4	4	0	0	kronoloji_cok_fas.js,paket_30.js
misir	TASIYOR	TAM	MISIR	9	177127	1	67	60	2	4	devletler.js,ekokuma_ihtilal.js,ekokuma_kolemen.js,kronoloji_cok_ingiltere.js,kronoloji_misir.js,paket_05.js,paket_11.js,paket_13.js,paket_23.js,paket_30.js,yer_yama_ortadogu_misir_1923.js,yerlesimler.js,yerlesimler_afrika.js,yerlesimler_p0043libya.js
mizab	TASIYOR	TAM	MİZÂB	1	7571	1	2	2	0	0	kronoloji_cok_cezayir.js,paket_30.js
modon	OLCULEMEDI(yalniz-kisa)	TAM	MODON	1	10163	1	2	0	0	0	kaynakli_halka_fetih.js,kaynakli_halka_kronoloji.js
mombasa	TASIYOR	TAM	MOMBASA	1	16898	1	36	36	0	0	kronoloji_dogu_afrika.js,paket_12.js
montro-bogazlar-sozlesmesi	TASIYOR	TAM	MONTRÖ BOĞAZLAR SÖZLEŞMESİ	1	6771	1	1	1	0	0	kronoloji_cok_1923_1945.js
mora	TASIYOR	TAM	MORA	1	30134	1	8	6	0	1	ekokuma_yunan.js,kaynakli_halka_fetih.js,kronoloji_venedik.js,paket_06.js
moriskolar	TASIMIYOR(alinti-hicbir-maddede-yok)	TAM	MORİSKOLAR	1	17928	1	2	0	0	2	kronoloji_ispanya.js,paket_09.js
moritanya	TASIYOR	TAM	MORİTANYA	2	10005	1	2	2	0	0	kronoloji_cok_afrika.js,paket_30.js
mozambik	TASIYOR	TAM	MOZAMBİK	2	20256	1	2	2	0	0	devletler.js,paket_05.js
muasker	TASIYOR	TAM	MUASKER	1	5211	1	4	4	0	0	kronoloji_cok_cezayir.js,paket_30.js
muhammed-v	TASIYOR	TAM	MUHAMMED V	1	4942	1	4	4	0	0	kronoloji_cok_1923_1945.js
muhendishane-i-berri-i-humayun	TASIYOR	TAM	MÜHENDİSHÂNE-i BERRÎ-i HÜMÂYUN	1	9704	1	1	1	0	0	yer_yama.js
mulukut-tavaif	TASIYOR	TAM	MÜLÛKÜ’t-TAVÂİF	1	17804	1	2	2	0	0	kronoloji_cok_once1281_avrupa.js
murabitlar	TASIYOR	TAM	MURÂBITLAR	1	22972	1	2	2	0	0	kronoloji_cok_once1281_avrupa.js
murad-ii	TASIYOR	TAM	MURAD II	1	47567	1	2	2	0	0	olaylar_p0058.js,paket_15.js
murad-iv	TASIYOR	TAM	MURAD IV	2	36853	1	3	1	0	1	kaynakli_halka_bagdat.js,kaynakli_halka_fetih.js,kaynakli_halka_kronoloji.js
muradiler	TASIYOR	TAM	MURÂDÎLER	1	8360	1	24	24	0	0	kronoloji_cok_tunus.js,paket_30.js
mursiye	TASIYOR	TAM	MÜRSİYE	1	7828	1	3	3	0	0	kronoloji_cok_once1281_avrupa.js
musa-celebi	TASIYOR	TAM	MÛSÂ ÇELEBİ	1	6192	1	1	1	0	0	yer_yama.js
musafiriler	TASIYOR	TAM	MÜSÂFİRÎLER	1	8829	1	4	4	0	0	devletler.js,paket_05.js
mustafa-ii	TASIYOR	TAM	MUSTAFA II	1	22268	1	2	2	0	0	yer_yama.js
mustafa-iv	TASIYOR	TAM	MUSTAFA IV	1	9422	1	8	6	0	0	ekokuma_1806.js,ekokuma_alemdar.js
mustafa-kemal-ataturk	TASIYOR	TAM	MUSTAFA KEMAL ATATÜRK	6	173928	1	3	3	0	0	kronoloji_cok_1923_1945.js
mustafa-pasa-busatli	TASIYOR	TAM	MUSTAFA PAŞA, Buşatlı	1	3836	1	2	2	0	0	kronoloji_cok_arnavut.js,paket_30.js
musteganim	TASIYOR	TAM	MÜSTEGĀNİM	1	10149	1	2	2	0	0	kronoloji_cok_fransa.js,paket_30.js
musul--irak	TASIYOR	TAM	MUSUL	3	35944	1	6	6	0	0	kaynakli_halka_bagdat.js,paket_21.js,yerlesimler_ok109.js
mutevekkil-alellah-yahya-hamiduddin	TASIYOR	TAM	MÜTEVEKKİL-ALELLAH, Yahyâ Hamîdüddin	1	5943	1	2	2	0	0	kronoloji_cok_1923_1945.js
muvahhidler	TASIMIYOR(alinti-hicbir-maddede-yok)	TAM	MUVAHHİDLER	1	16344	1	1	0	0	1	kronoloji_cok_once1281_avrupa.js
muzafferiler	TASIMIYOR(alinti-hicbir-maddede-yok)	TAM	MUZAFFERÎLER	1	5979	1	7	0	0	6	yer_yama_hayalet.js
nahcivan	TASIYOR	TAM	NAHCIVAN	1	19467	1	2	1	0	0	gecitler.js,kaynakli_halka_fetih.js
naksa	TASIMIYOR(alinti-hicbir-maddede-yok)	TAM	NAKŞA	1	12002	1	20	0	0	20	kronoloji_naksa_dukaligi.js,paket_12.js
napoli	TASIMIYOR(alinti-hicbir-maddede-yok)	TAM	NAPOLİ	1	7298	1	2	0	0	2	kronoloji_italya.js,paket_09.js
nasriler	TASIYOR	TAM	NASRÎLER	1	22469	1	3	3	0	0	kronoloji_cok_ispanya.js,kronoloji_cok_once1281_avrupa.js,paket_30.js
navarin	TASIYOR	TAM	NAVARİN	1	11262	1	2	0	2	0	kronoloji_balkan.js,paket_12.js
necid	TASIYOR	TAM	NECİD	1	10711	1	7	7	0	0	yer_kron_dogu.js
nedim--divan-sairi	TASIYOR	TAM	NEDÎM	1	11992	1	2	2	0	0	olaylar_ek14.js,paket_03.js
nepal	TASIYOR	TAM	NEPAL	2	10034	1	1	1	0	0	kronoloji_cok_1923_1945.js
nigbolu	TASIYOR	TAM	NİĞBOLU	1	11642	1	6	6	0	0	kronoloji_balkan.js,olaylar_ek.js,paket_01.js,paket_12.js
nigbolu-savasi	TASIYOR	TAM	NİĞBOLU SAVAŞI	1	16005	1	6	4	0	0	devletler.js,kronoloji_cok_fransa.js,olaylar_ek.js,paket_01.js,paket_05.js,paket_30.js
nihavend--iran	TASIYOR	TAM	NİHÂVEND	1	7517	1	1	1	0	0	kaynakli_halka_ferhatpasa.js
nijer	TASIYOR	TAM	NİJER	2	16298	1	1	1	0	0	yer_yama_agadez_0906.js
nijerya	TASIYOR	TAM	NİJERYA	2	21872	1	2	2	0	0	devletler.js,paket_05.js
nis	TASIYOR	TAM	NİŞ	1	12241	1	6	4	0	2	kronoloji_cok_sirbistan.js,olaylar_p0043a.js,paket_15.js,paket_30.js
nizam-i-cedid	TASIYOR	TAM	NİZÂM-ı CEDÎD	1	19390	1	2	1	1	0	ekokuma_ihtilal.js
nusretiye-camii	TASIYOR	TAM	NUSRETİYE CAMİİ	1	5841	1	4	4	0	0	olaylar_kronoeksik_0921.js,paket_26.js
ohri	TASIYOR	TAM	OHRİ	1	10605	1	2	2	0	0	olaylar_2s_0920.js,paket_12.js
oniki-ada	TASIYOR	TAM	ONİKİ ADA	1	13470	1	1	1	0	0	kronoloji_cok_1923_1945.js
ordu--sehir	TASIYOR	TAM	ORDU	1	18521	1	6	4	2	0	paket_23.js,yerlesimler_anadolu_0914.js
oruc-reis	TASIYOR	TAM	ORUÇ REİS	1	9858	1	6	6	0	0	kronoloji_cok_cezayir.js,paket_30.js
osman-b-fudi	TASIYOR	TAM	OSMAN b. FÛDÎ	1	7943	1	20	2	0	14	devletler.js,olaylar_2s_0919.js,paket_05.js,paket_12.js
osman-i	OLCULEMEDI(yalniz-kisa)	TAM	OSMAN I	1	58549	1	1	0	0	0	kaynakli_halka_fetih.js
osman-ii	TASIYOR	TAM	OSMAN II	1	19071	1	2	2	0	0	olaylar_kronoeksik_0921.js,paket_26.js
osmanlilar	TASIYOR	TAM	OSMANLILAR	21	563196	1	6	1	1	2	ekokuma_dunya.js,kaynakli_halka_kronoloji.js
otranto-seferi	TASIYOR	TAM	OTRANTO SEFERİ	1	7212	1	2	1	0	0	ekokuma_dunya.js
ozu	TASIMIYOR(alinti-hicbir-maddede-yok)	TAM	ÖZÜ	1	8133	1	4	0	0	2	olaylar_p0043kirim.js,paket_15.js
palu	OLU	OLU-302				0	4	0	0	0	paket_13.js,yerlesimler.js
pasarofca-antlasmasi	TASIYOR	TAM	PASAROFÇA ANTLAŞMASI	1	16921	1	2	2	0	0	kronoloji_cok_ingiltere.js,paket_30.js
patna	TASIYOR	TAM	PATNA	1	3760	1	1	1	0	0	kademe_f5c9a5.js
patrona-isyani	TASIYOR	TAM	PATRONA İSYANI	1	18387	1	2	2	0	0	olaylar_ek14.js,paket_03.js
pazvandoglu-osman	OLCULEMEDI(yalniz-kisa)	TAM	PAZVANDOĞLU OSMAN	1	7381	1	1	0	0	0	ekokuma_alemdar.js
pecuy	TASIMIYOR(alinti-hicbir-maddede-yok)	TAM	PEÇUY	1	10689	1	1	0	0	1	kaynakli_halka_fetih.js
piri-reis	TASIMIYOR(alinti-hicbir-maddede-yok)	TAM	PÎRÎ REİS	1	10269	1	4	0	0	4	kronoloji_portekiz.js,paket_09.js
plevne	TASIYOR	TAM	PLEVNE	1	8845	1	2	0	2	0	kronoloji_balkan.js,paket_12.js
portekiz	TASIYOR	TAM	PORTEKİZ	3	29222	1	31	3	4	22	devletler.js,kronoloji_cok_once1281_avrupa.js,kronoloji_portekiz.js,paket_05.js,paket_09.js
pristine	TASIYOR	TAM	PRİŞTİNE	1	10007	1	2	2	0	0	olaylar_2s_0920.js,paket_12.js
prizren	TASIYOR	TAM	PRİZREN	1	13453	1	4	2	0	2	kronoloji_cok_arnavut.js,paket_30.js
prusya	TASIYOR	TAM	PRUSYA	1	26157	1	20	3	0	17	devletler.js,ekokuma_ihtilal.js,kronoloji_almanya.js,paket_05.js,paket_08.js
prut-antlasmasi	TASIYOR	TAM	PRUT ANTLAŞMASI	1	18251	1	2	2	0	0	kronoloji_cok_romanya.js,paket_30.js
rabat	TASIYOR	TAM	RABAT	1	7135	1	4	4	0	0	kademe_d48240.js,kronoloji_cok_fas.js,paket_30.js
ramazanogullari	TASIMIYOR(alinti-hicbir-maddede-yok)	TAM	RAMAZANOĞULLARI	2	27396	1	2	0	0	2	paket_14.js,yerlesimler_ek27.js
residiler	TASIYOR	TAM	REŞÎDÎLER	1	4862	1	6	6	0	0	olaylar_ilirya_0072.js,paket_01.js,paket_13.js,yerlesimler.js
revan	TASIYOR	TAM	REVAN	1	14177	1	6	4	0	0	devletler.js,kaynakli_halka_fetih.js,kaynakli_halka_kronoloji.js,paket_05.js
revvadiler	TASIYOR	TAM	REVVÂDÎLER	1	4757	1	4	4	0	0	devletler.js,paket_05.js
riza-sah-pehlevi	TASIYOR	TAM	RIZÂ ŞAH PEHLEVÎ	1	4607	1	2	2	0	0	devletler.js,paket_05.js
rodos	TASIYOR	TAM	RODOS	1	19971	1	17	10	0	2	kaynakli_halka_fetih.js,kronoloji_rodos_sovalyeleri.js,paket_12.js
romanya	TASIYOR	TAM	ROMANYA	2	27380	1	4	2	0	2	kronoloji_cok_romanya.js,paket_30.js
ruanda	TASIYOR	TAM	RUANDA	1	8431	1	2	2	0	0	devletler.js,paket_05.js
ruscuk	TASIYOR	TAM	RUSÇUK	1	19286	1	2	1	0	1	ekokuma_alemdar.js
rusya	TASIYOR	TAM	RUSYA	4	117011	1	10	5	1	1	ekokuma_avusturya.js,ekokuma_dunya.js,ekokuma_ihtilal.js,kronoloji_cok_rusya.js,paket_30.js
sadabad-pakti	TASIYOR	TAM	SÂDÂBÂD PAKTI	1	2974	1	1	1	0	0	kronoloji_cok_1923_1945.js
sadiler	TASIYOR	TAM	SA‘DÎLER	1	16556	1	55	6	2	45	devletler.js,kaynakli_halka_kronoloji.js,kronoloji_cok_fas.js,kronoloji_kuzeyafrika.js,kronoloji_portekiz.js,paket_05.js,paket_09.js,paket_12.js,paket_30.js,yer_yama.js
sahib-ataogullari	TASIYOR	TAM	SÂHİB ATAOĞULLARI	1	4979	1	6	3	0	0	paket_13.js,yer_yama_tbmm_1920_0905.js,yerlesimler.js
sahib-giray	TASIYOR	TAM	SÂHİB GİRAY	1	12789	1	4	3	1	0	kronoloji_kirim.js,paket_07.js,yer_yama.js
sahin-giray	TASIYOR	TAM	ŞÂHİN GİRAY	1	13858	1	3	1	1	0	yer_yama.js
said-b-sultan	TASIYOR	TAM	SAÎD b. SULTÂN	1	3455	1	19	1	1	17	kronoloji_arabistan.js,paket_12.js,yer_yama.js
sakiz-adasi	TASIYOR	TAM	SAKIZ ADASI	1	23315	1	5	2	0	1	kaynakli_halka_fetih.js,kaynakli_halka_kronoloji.js,kronoloji_italya.js,paket_09.js
salgurlular	TASIYOR	TAM	SALGURLULAR	1	7777	1	4	4	0	0	devletler.js,paket_05.js
sam--suriye	TASIYOR	TAM	ŞAM	3	77567	1	6	6	0	0	devletler.js,paket_05.js
samori-ture	TASIYOR	TAM	SAMORİ TURE	1	6566	1	18	4	2	10	devletler.js,kronoloji_cok_afrika.js,paket_05.js,paket_30.js
sanliurfa	TASIYOR	TAM	ŞANLIURFA	3	48398	1	6	4	1	1	devletler.js,paket_05.js,yama_p0037_bekleyen.js,yer_yama_acik.js,yer_yama_uyg2.js
sarakusta	TASIYOR	TAM	SARAKUSTA	1	7009	1	3	3	0	0	kronoloji_cok_once1281_avrupa.js
saraybosna	TASIYOR	TAM	SARAYBOSNA	1	21027	1	4	4	0	0	kronoloji_cok_bosna.js,paket_30.js
sayda	TASIYOR	TAM	SAYDA	2	14070	1	2	2	0	0	kronoloji_cok_fransa.js,paket_30.js
sebte	TASIYOR	TAM	SEBTE	1	10256	1	4	4	0	0	kronoloji_cok_fas.js,paket_30.js
sefakus	TASIYOR	TAM	SEFÂKUS	1	14172	1	4	4	0	0	kronoloji_cok_tunus.js,paket_30.js
sehirkoy	TASIMIYOR(alinti-hicbir-maddede-yok)	TAM	ŞEHİRKÖY	1	10511	1	1	0	0	1	kaynakli_halka_kronoloji.js
sehrizor	TASIYOR	TAM	ŞEHRİZOR	1	8499	1	1	1	0	0	kaynakli_halka_bagdat.js
seki	TASIMIYOR(alinti-hicbir-maddede-yok)	TAM	ŞEKİ	2	17402	1	1	0	0	1	kaynakli_halka_ferhatpasa.js
selanik	OLCULEMEDI(yalniz-kisa)	TAM	SELÂNİK	1	29852	1	1	0	0	0	kaynakli_halka_fetih.js
selcuklular	TASIMIYOR(alinti-hicbir-maddede-yok)	TAM	SELÇUKLULAR	13	182648	1	1	0	0	1	kaynakli_halka_kronoloji.js
selim-i	TASIYOR	TAM	SELİM I	1	48583	1	9	9	0	0	olaylar_ek5.js,olaylar_ek7.js,olaylar_p0058.js,paket_01.js,paket_15.js,yer_yama_zaza.js
selim-iii	TASIYOR	TAM	SELİM III	2	39484	1	10	8	2	0	ekokuma_alemdar.js,ekokuma_ihtilal.js,yer_yama.js
selman-reis	TASIYOR	TAM	SELMAN REİS	1	13638	1	2	0	2	0	kronoloji_portekiz.js,paket_09.js
semendire	TASIYOR	TAM	SEMENDİRE	1	21584	1	13	8	0	4	devletler.js,kaynakli_halka_fetih.js,kaynakli_halka_kronoloji.js,kronoloji_cok_sirbistan.js,paket_05.js,paket_30.js
sened-i-ittifak	TASIYOR	TAM	SENED-i İTTİFAK	1	9594	1	2	2	0	0	ekokuma_alemdar.js
senegal	TASIMIYOR(alinti-hicbir-maddede-yok)	TAM	SENEGAL	2	23838	1	4	0	0	2	devletler.js,paket_05.js
senusi-ahmed-serif	TASIYOR	TAM	SENÛSÎ, Ahmed Şerîf	1	15238	1	14	14	0	0	kronoloji_cok_libya.js,paket_30.js
senusi-muhammed-b-ali	TASIYOR	TAM	SENÛSÎ, Muhammed b. Ali	1	10985	1	6	6	0	0	kronoloji_cok_libya.js,paket_30.js
senusi-muhammed-mehdi	TASIYOR	TAM	SENÛSÎ, Muhammed Mehdî	1	12348	1	2	2	0	0	kronoloji_cok_libya.js,paket_30.js
senusiyye	TASIYOR	TAM	SENÛSİYYE	1	13032	1	8	8	0	0	kronoloji_cok_1923_1945.js,kronoloji_cok_libya.js,paket_30.js
serbedariler	TASIYOR	TAM	SERBEDÂRÎLER	1	6029	1	4	1	0	3	yer_yama_hayalet.js
serez	TASIYOR	TAM	SEREZ	1	8251	1	3	2	0	0	kaynakli_halka_fetih.js,kronoloji_cok_sirbistan.js,paket_30.js
serif-huseyin	TASIYOR	TAM	ŞERÎF HÜSEYİN	1	9789	1	2	2	0	0	kronoloji_cok_1923_1945.js
seybani-han	TASIYOR	TAM	ŞEYBÂNÎ HAN	1	9769	1	2	2	0	0	olaylar_2s_0919.js,paket_12.js
seybaniler	TASIYOR	TAM	ŞEYBÂNÎLER	1	13157	1	2	2	0	0	olaylar_2s_0919.js,paket_12.js
seydi-ali-reis	TASIMIYOR(alinti-hicbir-maddede-yok)	TAM	SEYDİ ALİ REİS	1	17394	1	2	0	0	2	kronoloji_portekiz.js,paket_09.js
sicilya	TASIYOR	TAM	SİCİLYA	1	9829	1	3	3	0	0	kronoloji_cok_once1281_avrupa.js
sierra-leone	TASIYOR	TAM	SİERRA LEONE	1	10406	1	2	2	0	0	devletler.js,paket_05.js
sih-imparatorlugu	OLU	OLU-302				0	4	0	0	0	kademe_f5c9a5.js
siirt	TASIYOR	TAM	SİİRT	1	10903	1	2	2	0	0	olaylar_p0052.js,paket_15.js
sind	TASIYOR	TAM	SİND	1	8861	1	2	2	0	0	devletler.js,paket_05.js
sinop	OLCULEMEDI(yalniz-kisa)	TAM	SİNOP	1	22140	1	2	0	0	0	ekokuma_p75b.js
sirbistan	TASIYOR	TAM	SIRBİSTAN	2	34624	1	54	42	5	5	devletler.js,ekokuma_ihtilal.js,kronoloji_balkan.js,kronoloji_cok_sirbistan.js,kronoloji_sirbistan.js,paket_05.js,paket_12.js,paket_30.js,yer_yama.js
sirnak	TASIYOR	TAM	ŞIRNAK	1	6936	1	8	4	2	0	olaylar_p0052.js,paket_15.js,paket_21.js,yerlesimler_ok109.js
sirvan	TASIYOR	TAM	ŞİRVAN	1	12618	1	12	7	0	1	devletler.js,kaynakli_halka_fetih.js,kaynakli_halka_kronoloji.js,paket_05.js,paket_13.js,yer_yama.js,yer_yama_kademe_m_0905.js,yerlesimler.js
sirvansahlar	TASIMIYOR(alinti-hicbir-maddede-yok)	TAM	ŞİRVANŞAHLAR	1	11545	1	6	0	0	6	yer_yama_hayalet.js
sivrihisar	TASIYOR	TAM	SİVRİHİSAR	1	9051	1	2	2	0	0	paket_13.js,yerlesimler.js
sofya	OLCULEMEDI(yalniz-kisa)	TAM	SOFYA	1	22920	1	1	0	0	0	kaynakli_halka_fetih.js
sohum	TASIYOR	TAM	SOHUM	1	12427	1	4	2	0	1	devletler.js,ekokuma_alemdar.js,paket_05.js
sokoto	TASIYOR	TAM	SOKOTO	1	9786	1	10	4	2	4	devletler.js,kronoloji_cok_afrika.js,olaylar_2s_0919.js,paket_05.js,paket_12.js,paket_30.js
somali	TASIYOR	TAM	SOMALİ	2	20945	1	25	21	0	4	kronoloji_cok_1923_1945.js,kronoloji_dogu_afrika.js,paket_12.js
sudan	TASIYOR	TAM	SUDAN	3	44055	1	82	78	3	1	kaynakli_halka_fetih.js,paket_13.js,paket_14.js,yer_yama_belgesiz4.js,yerlesimler.js,yerlesimler_afrika.js,yerlesimler_h2_afrika.js
suleyman-i	TASIYOR	TAM	SÜLEYMAN I	2	84627	1	4	4	0	0	kronoloji_habsburg.js,kronoloji_macaristan.js,paket_06.js,paket_07.js
suleyman-ii	OLCULEMEDI(yalniz-kisa)	TAM	SÜLEYMAN II	1	24283	1	1	0	0	0	kaynakli_halka_kronoloji.js
sur	OLU	OLU-302				0	2	0	0	0	paket_14.js,yerlesimler_ek29.js
suriye	TASIYOR	TAM	SURİYE	6	119470	1	8	8	0	0	devletler.js,kronoloji_cok_1923_1945.js,olaylar_2s_0920.js,paket_05.js,paket_12.js
suveys	TASIYOR	TAM	SÜVEYŞ	1	6314	1	30	30	0	0	paket_13.js,yerlesimler.js,yerlesimler_afrika.js
taceddinogullari	TASIYOR	TAM	TÂCEDDİNOĞULLARI	1	12030	1	2	2	0	0	olaylar_2s_0919.js,paket_12.js
tahiriler--yemen	TASIMIYOR(alinti-hicbir-maddede-yok)	TAM	TÂHİRÎLER	1	10547	1	2	0	0	2	devletler.js,paket_05.js
taif	OLCULEMEDI(yalniz-kisa)	TAM	TÂİF	1	25484	1	1	0	0	0	ekokuma_kolemen.js
taiz	OLCULEMEDI(yalniz-kisa)	TAM	TAİZ	1	11043	1	1	0	0	0	kaynakli_halka_fetih.js
tanca	TASIYOR	TAM	TANCA	1	7773	1	9	9	0	0	kronoloji_cok_1923_1945.js,kronoloji_cok_fas.js,kronoloji_portekiz.js,paket_09.js,paket_30.js
tanzanya	TASIYOR	TAM	TANZANYA	2	26429	1	2	2	0	0	devletler.js,paket_05.js
tarsus	TASIYOR	TAM	TARSUS	1	14169	1	2	2	0	0	olaylar_cukurova_0907.js,paket_25.js
tdv-malatya	OLU	OLU-302				0	1	0	0	0	kaynakli_halka_kronoloji.js
tebriz	TASIYOR	TAM	TEBRİZ	1	18924	1	7	3	0	3	kaynakli_halka_ferhatpasa.js,kaynakli_halka_fetih.js,kaynakli_halka_kronoloji.js,kronoloji_iran_ardillari.js,paket_12.js
tekeogullari	OLCULEMEDI(yalniz-kisa)	TAM	TEKEOĞULLARI	1	13123	1	1	0	0	0	kaynakli_halka_fetih.js
temesvar	TASIYOR	TAM	TEMEŞVAR	1	6605	1	5	4	0	0	kaynakli_halka_fetih.js,olaylar_2s_0920.js,paket_12.js
tepedelenli-ali-pasa	TASIYOR	TAM	TEPEDELENLİ ALİ PAŞA	1	17491	1	6	3	1	0	ekokuma_yunan.js,olaylar_0073_iran_yanya.js,paket_26.js
tevarik	TASIYOR	TAM	TEVÂRİK	1	8632	1	2	2	0	0	olaylar_2s_0919.js,paket_12.js
tilimsan	TASIYOR	TAM	TİLİMSÂN	1	20950	1	24	14	2	8	kaynakli_halka_kronoloji.js,kronoloji_cok_cezayir.js,kronoloji_kuzeyafrika.js,paket_12.js,paket_30.js
timar	TASIYOR	TAM	TİMAR	1	28931	1	1	1	0	0	yer_yama.js
timisvar	TASIMIYOR(alinti-hicbir-maddede-yok)	TAM	TIMIŞVAR	1	6605	1	1	0	0	1	kaynakli_halka_kronoloji.js
timur	TASIYOR	TAM	TİMUR	1	21641	1	18	2	0	16	kronoloji_cok_iran.js,kronoloji_timurlu.js,paket_11.js,paket_30.js
timurlular	TASIMIYOR(alinti-hicbir-maddede-yok)	TAM	TİMURLULAR	2	34639	1	2	0	0	2	kronoloji_timurlu.js,paket_11.js
tinbuktu	TASIYOR	TAM	TİNBÜKTÜ	1	11711	1	9	9	0	0	devletler.js,paket_05.js,yer_yama_1923_bosluk_0906.js
tiphane-i-amire	OLU	OLU-302				0	1	0	0	0	yer_yama.js
tiran	TASIYOR	TAM	TİRAN	1	9602	1	2	2	0	0	kronoloji_cok_arnavut.js,paket_30.js
tirsiniklioglu-ismail-aga	OLCULEMEDI(yalniz-kisa)	TAM	TİRSİNİKLİOĞLU İSMÂİL AĞA	1	10684	1	1	0	0	0	ekokuma_alemdar.js
titvan	TASIYOR	TAM	TITVÂN	1	6867	1	8	8	0	0	kronoloji_cok_fas.js,paket_30.js
tokoli-imre	TASIYOR	TAM	TÖKÖLİ, İmre	1	6306	1	8	2	4	2	devletler.js,kronoloji_macaristan.js,paket_05.js,paket_07.js
trablusgarp	TASIYOR	TAM	TRABLUSGARP	1	15952	1	43	35	1	6	devletler.js,ekokuma_statu.js,kronoloji_cok_libya.js,kronoloji_italya.js,kronoloji_kuzeyafrika.js,paket_05.js,paket_09.js,paket_12.js,paket_30.js,yer_yama.js
trablusgarp-savasi	TASIYOR	TAM	TRABLUSGARP SAVAŞI	1	21877	1	15	6	0	9	kaynakli_halka_kronoloji.js,kronoloji_cok_libya.js,kronoloji_italya.js,kronoloji_kuzeyafrika.js,paket_09.js,paket_12.js,paket_30.js
trablussam	TASIYOR	TAM	TRABLUSŞAM	2	12354	1	3	2	0	1	kaynakli_halka_kronoloji.js,kronoloji_cok_fransa.js,paket_30.js
tuleytula	TASIYOR	TAM	TULEYTULA	1	23154	1	1	1	0	0	kronoloji_cok_once1281_avrupa.js
tuna	TASIYOR	TAM	TUNA	1	12182	1	3	2	1	0	gecitler.js
tunus	TASIYOR	TAM	TUNUS	5	95404	1	64	50	2	6	devletler.js,kronoloji_cok_tunus.js,kronoloji_kuzeyafrika.js,olaylar_ek13.js,paket_02.js,paket_05.js,paket_12.js,paket_30.js
turfan	TASIYOR	TAM	TURFAN	1	10035	1	2	2	0	0	devletler.js,paket_05.js
turgut-reis	TASIYOR	TAM	TURGUT REİS	1	12345	1	5	4	0	1	kaynakli_halka_fetih.js,kronoloji_cok_libya.js,paket_30.js
turkiye	TASIYOR	TAM	TÜRKİYE	10	194185	1	6	6	0	0	kronoloji_cok_1923_1945.js
turkmenistan	TASIYOR	TAM	TÜRKMENİSTAN	3	48049	1	1	1	0	0	kronoloji_cok_1923_1945.js
tuva	TASIYOR	TAM	TUVA	1	8442	1	1	1	0	0	kronoloji_cok_1923_1945.js
uganda	TASIYOR	TAM	UGANDA	2	24406	1	38	38	0	0	kronoloji_dogu_afrika.js,paket_12.js
ukrayna	OLCULEMEDI(yalniz-kisa)	TAM	UKRAYNA	3	28004	1	2	0	0	0	kronoloji_cok_ukrayna.js,paket_30.js
ulug-bey	TASIMIYOR(alinti-hicbir-maddede-yok)	TAM	ULUĞ BEY	1	7164	1	6	0	0	6	kronoloji_timurlu.js,paket_11.js
uman	TASIYOR	TAM	UMAN	1	18381	1	29	2	0	25	kronoloji_arabistan.js,paket_12.js,paket_21.js,yer_yama.js,yerlesimler_ok106.js
umur-bey	TASIYOR	TAM	UMUR BEY	1	19343	1	2	2	0	0	olaylar_2s_0919.js,paket_12.js
urdun	TASIYOR	TAM	ÜRDÜN	3	35331	1	8	8	0	0	olaylar_2s_0920.js,paket_12.js,paket_13.js,yer_yama_ortadogu_1923.js,yerlesimler.js
usbune	TASIYOR	TAM	ÜŞBÛNE	1	5686	1	2	1	0	1	kronoloji_cok_once1281_avrupa.js
uskup	OLCULEMEDI(yalniz-kisa)	TAM	ÜSKÜP	1	16862	1	1	0	0	0	kaynakli_halka_fetih.js
uyvar	OLCULEMEDI(yalniz-kisa)	TAM	UYVAR	1	6872	1	1	0	0	0	kaynakli_halka_fetih.js
vaka-i-hayriyye	TASIYOR	TAM	VAK‘A-i HAYRİYYE	1	23905	1	1	1	0	0	ekokuma_yeniceri.js
van	TASIYOR	TAM	VAN	3	45223	1	6	2	0	0	kaynakli_halka_tekil.js,paket_14.js,paket_20.js,yerlesimler_ek26.js,yerlesimler_sinir_dogu.js
varadin	TASIYOR	TAM	VARADİN	1	9518	1	2	2	0	0	gecitler.js
varna	TASIYOR	TAM	VARNA	1	16951	1	2	0	2	0	kronoloji_balkan.js,paket_12.js
vattasiler	TASIYOR	TAM	VATTÂSÎLER	1	10171	1	4	4	0	0	kronoloji_cok_fas.js,paket_30.js
veday	TASIYOR	TAM	VEDÂY	1	11331	1	2	2	0	0	olaylar_2s_0919.js,paket_12.js
vehhabilik	TASIYOR	TAM	VEHHÂBÎLİK	1	26649	1	3	1	0	0	ekokuma_kolemen.js
vehran	TASIYOR	TAM	VEHRÂN	1	6895	1	4	4	0	0	kronoloji_cok_cezayir.js,paket_30.js
venedik	TASIYOR	TAM	VENEDİK	1	15923	1	6	2	0	4	kaynakli_halka_kronoloji.js,kronoloji_venedik.js,paket_06.js
vidin	TASIYOR	TAM	VİDİN	1	17883	1	8	6	0	0	devletler.js,kaynakli_halka_fetih.js,kaynakli_halka_kronoloji.js,olaylar_p0037.js,paket_05.js,paket_13.js,paket_26.js,yerlesimler.js
yakutlar	TASIYOR	TAM	YAKUTLAR	1	11326	1	8	4	0	0	yer_yama_sibirya_beyan.js
yanikkale	TASIYOR	TAM	YANIKKALE	1	7826	1	10	3	0	3	kaynakli_halka_fetih.js,paket_13.js,yer_yama_erken.js,yerlesimler.js
yanya	TASIYOR	TAM	YANYA	1	20336	1	6	2	2	1	devletler.js,kaynakli_halka_fetih.js,kaynakli_halka_kronoloji.js,paket_05.js
yarubiler	TASIYOR	TAM	YA‘RUBÎLER	1	4872	1	24	4	0	19	kronoloji_arabistan.js,paket_12.js,yer_yama.js
yedi-ada-cumhuriyeti	TASIYOR	TAM	YEDİ ADA CUMHURİYETİ	1	15975	1	4	2	0	1	ekokuma_ihtilal.js
yemen	TASIYOR	TAM	YEMEN	5	94656	1	68	6	11	51	kaynakli_halka_fetih.js,kaynakli_halka_kronoloji.js,kronoloji_arabistan.js,kronoloji_cok_1923_1945.js,paket_12.js,yer_yama.js
yenbu	TASIYOR	TAM	YENBU‘	1	12449	1	4	2	0	1	ekokuma_kolemen.js
yeniceri	TASIYOR	TAM	YENİÇERİ	1	80083	1	10	4	2	1	ekokuma_alemdar.js,ekokuma_bolge0073.js,ekokuma_yeniceri.js
yergogu	TASIYOR	TAM	YERGÖĞÜ	1	7511	1	3	2	0	1	kaynakli_halka_kronoloji.js,kronoloji_cok_romanya.js,paket_30.js
yezd	TASIYOR	TAM	YEZD	1	9429	1	2	2	0	0	devletler.js,paket_05.js
yogyakarta	OLU	OLU-302				0	1	0	0	0	kademe_f5c9a5.js
yugoslavya	TASIYOR	TAM	YUGOSLAVYA	1	32468	1	1	1	0	0	kronoloji_cok_1923_1945.js
yunanistan	TASIYOR	TAM	YUNANİSTAN	2	66701	1	78	70	0	1	ekokuma_ihtilal.js,ekokuma_yunan.js,kronoloji_balkan.js,kronoloji_cok_1923_1945.js,paket_12.js
zambiya	TASIYOR	TAM	ZAMBİYA	2	17553	1	2	2	0	0	devletler.js,paket_05.js
zebid	TASIYOR	TAM	ZEBÎD	1	11251	1	6	4	0	0	kronoloji_cok_memluk.js,paket_30.js
zellaka-savasi	TASIYOR	TAM	ZELLÂKA SAVAŞI	1	7098	1	2	2	0	0	kronoloji_cok_once1281_avrupa.js
zelzele	TASIYOR	TAM	ZELZELE	2	41837	1	3	1	0	1	ekokuma_dunya.js
zendler	TASIYOR	TAM	ZENDLER	1	11445	1	2	2	0	0	kronoloji_iran.js,paket_06.js
zengibar	TASIYOR	TAM	ZENGİBAR	1	29185	1	4	2	0	2	kronoloji_cok_1923_1945.js,kronoloji_dogu_afrika.js,paket_12.js
zenta	TASIYOR	TAM	ZENTA	1	11733	1	2	1	0	0	ekokuma_avusturya.js,yer_yama.js
zeyla	TASIYOR	TAM	ZEYLA‘	1	9833	1	28	26	2	0	kronoloji_dogu_afrika.js,paket_12.js
zeyyaniler	TASIYOR	TAM	ZEYYÂNÎLER	1	5967	1	2	2	0	0	olaylar_2s_0919.js,paket_12.js
zimbabve	TASIYOR	TAM	ZİMBABVE	2	14680	1	14	10	0	4	devletler.js,paket_05.js
zimmi	OLCULEMEDI(yalniz-kisa)	TAM	ZİMMÎ	3	79117	1	2	0	0	0	kronoloji_memluk.js,paket_07.js
ziriler	TASIYOR	TAM	ZÎRÎLER	2	16337	1	1	1	0	0	kronoloji_cok_once1281_avrupa.js
zistovi-antlasmasi	TASIYOR	TAM	ZİŞTOVİ ANTLAŞMASI	1	31454	1	3	0	3	0	kronoloji_cok_romanya.js,paket_30.js,yer_yama.js
zitvatorok-antlasmasi	TASIMIYOR(alinti-hicbir-maddede-yok)	TAM	ZİTVATOROK ANTLAŞMASI	1	12311	1	1	0	0	1	isyan_tarama.js
ziyariler	TASIYOR	TAM	ZİYÂRÎLER	1	8944	1	4	4	0	0	devletler.js,paket_05.js
zunnuniler	TASIYOR	TAM	ZÜNNÛNÎLER	1	8349	1	1	1	0	0	kronoloji_cok_once1281_avrupa.js
